source	value	target	n	vaccine	covid_other	microbe_type	target_pathogen_disease	disease_vac	type	regimen	day_total	day_month	month	week	dose	infection	annotation
BBIBP (V3  D07)	UP	ADAPTIVE IMMUNE SYSTEM	14	BBIBP	COVID	VIRUS	SARS	V	IN	HO	7	7	1	1	3	0	ConditionCOVID
BBIBP (V3  D07)	UP	B CELL	3	BBIBP	COVID	VIRUS	SARS	V	IN	HO	7	7	1	1	3	0	ConditionCOVID
BBIBP (V3  D07)	UP	CELLULAR ADAPTIVE IMMUNE SYSTEM	9	BBIBP	COVID	VIRUS	SARS	V	IN	HO	7	7	1	1	3	0	ConditionCOVID
BBIBP (V3  D07)	UP	GENERAL	2	BBIBP	COVID	VIRUS	SARS	V	IN	HO	7	7	1	1	3	0	ConditionCOVID
BBIBP (V3  D07)	UP	HUMORAL ADAPTIVE IMMUNE SYSTEM	3	BBIBP	COVID	VIRUS	SARS	V	IN	HO	7	7	1	1	3	0	ConditionCOVID
BBIBP (V3  D07)	UP	IMMUNOGLOBULIN MEDIATED RESPONSE	3	BBIBP	COVID	VIRUS	SARS	V	IN	HO	7	7	1	1	3	0	ConditionCOVID
BBIBP (V3  D07)	UP	INNATE IMMUNE SYSTEM	5	BBIBP	COVID	VIRUS	SARS	V	IN	HO	7	7	1	1	3	0	ConditionCOVID
BBIBP (V3  D07)	UP	NK CELL	1	BBIBP	COVID	VIRUS	SARS	V	IN	HO	7	7	1	1	3	0	ConditionCOVID
BBIBP (V3  D07)	UP	T CELL	9	BBIBP	COVID	VIRUS	SARS	V	IN	HO	7	7	1	1	3	0	ConditionCOVID
BBIBP (V3  D14)	DOWN	ADAPTIVE IMMUNE SYSTEM	2	BBIBP	COVID	VIRUS	SARS	V	IN	HO	14	14	1	2	3	0	ConditionCOVID
BBIBP (V3  D14)	DOWN	CELLULAR ADAPTIVE IMMUNE SYSTEM	2	BBIBP	COVID	VIRUS	SARS	V	IN	HO	14	14	1	2	3	0	ConditionCOVID
BBIBP (V3  D14)	DOWN	GENERAL	1	BBIBP	COVID	VIRUS	SARS	V	IN	HO	14	14	1	2	3	0	ConditionCOVID
BBIBP (V3  D14)	DOWN	INNATE IMMUNE SYSTEM	1	BBIBP	COVID	VIRUS	SARS	V	IN	HO	14	14	1	2	3	0	ConditionCOVID
BBIBP (V3  D14)	DOWN	T CELL	1	BBIBP	COVID	VIRUS	SARS	V	IN	HO	14	14	1	2	3	0	ConditionCOVID
BBIBP (V3  D14)	DOWN	T HELPER CELLS	1	BBIBP	COVID	VIRUS	SARS	V	IN	HO	14	14	1	2	3	0	ConditionCOVID
BBIBP (V3  D14)	UP	ADAPTIVE IMMUNE SYSTEM	13	BBIBP	COVID	VIRUS	SARS	V	IN	HO	14	14	1	2	3	0	ConditionCOVID
BBIBP (V3  D14)	UP	ARPP	3	BBIBP	COVID	VIRUS	SARS	V	IN	HO	14	14	1	2	3	0	ConditionCOVID
BBIBP (V3  D14)	UP	B CELL	2	BBIBP	COVID	VIRUS	SARS	V	IN	HO	14	14	1	2	3	0	ConditionCOVID
BBIBP (V3  D14)	UP	CELLULAR ADAPTIVE IMMUNE SYSTEM	7	BBIBP	COVID	VIRUS	SARS	V	IN	HO	14	14	1	2	3	0	ConditionCOVID
BBIBP (V3  D14)	UP	COMPLEMENT	8	BBIBP	COVID	VIRUS	SARS	V	IN	HO	14	14	1	2	3	0	ConditionCOVID
BBIBP (V3  D14)	UP	GENERAL	12	BBIBP	COVID	VIRUS	SARS	V	IN	HO	14	14	1	2	3	0	ConditionCOVID
BBIBP (V3  D14)	UP	HUMORAL ADAPTIVE IMMUNE SYSTEM	3	BBIBP	COVID	VIRUS	SARS	V	IN	HO	14	14	1	2	3	0	ConditionCOVID
BBIBP (V3  D14)	UP	IMMUNOGLOBULIN MEDIATED RESPONSE	2	BBIBP	COVID	VIRUS	SARS	V	IN	HO	14	14	1	2	3	0	ConditionCOVID
BBIBP (V3  D14)	UP	INNATE IMMUNE SYSTEM	16	BBIBP	COVID	VIRUS	SARS	V	IN	HO	14	14	1	2	3	0	ConditionCOVID
BBIBP (V3  D14)	UP	NK CELL	1	BBIBP	COVID	VIRUS	SARS	V	IN	HO	14	14	1	2	3	0	ConditionCOVID
BBIBP (V3  D14)	UP	T CELL	6	BBIBP	COVID	VIRUS	SARS	V	IN	HO	14	14	1	2	3	0	ConditionCOVID
BBIBP (V3  D14)	UP	T HELPER CELLS	1	BBIBP	COVID	VIRUS	SARS	V	IN	HO	14	14	1	2	3	0	ConditionCOVID
BBIBP (V3  D28)	DOWN	ADAPTIVE IMMUNE SYSTEM	3	BBIBP	COVID	VIRUS	SARS	V	IN	HO	28	28	1	4	3	0	ConditionCOVID
BBIBP (V3  D28)	DOWN	ANTIMICROBIAL	2	BBIBP	COVID	VIRUS	SARS	V	IN	HO	28	28	1	4	3	0	ConditionCOVID
BBIBP (V3  D28)	DOWN	ANTIVIRAL & IFN	2	BBIBP	COVID	VIRUS	SARS	V	IN	HO	28	28	1	4	3	0	ConditionCOVID
BBIBP (V3  D28)	DOWN	ARPP	3	BBIBP	COVID	VIRUS	SARS	V	IN	HO	28	28	1	4	3	0	ConditionCOVID
BBIBP (V3  D28)	DOWN	CELLULAR ADAPTIVE IMMUNE SYSTEM	1	BBIBP	COVID	VIRUS	SARS	V	IN	HO	28	28	1	4	3	0	ConditionCOVID
BBIBP (V3  D28)	DOWN	EOSINOPHIL	3	BBIBP	COVID	VIRUS	SARS	V	IN	HO	28	28	1	4	3	0	ConditionCOVID
BBIBP (V3  D28)	DOWN	GENERAL	6	BBIBP	COVID	VIRUS	SARS	V	IN	HO	28	28	1	4	3	0	ConditionCOVID
BBIBP (V3  D28)	DOWN	HUMORAL ADAPTIVE IMMUNE SYSTEM	2	BBIBP	COVID	VIRUS	SARS	V	IN	HO	28	28	1	4	3	0	ConditionCOVID
BBIBP (V3  D28)	DOWN	INNATE IMMUNE SYSTEM	14	BBIBP	COVID	VIRUS	SARS	V	IN	HO	28	28	1	4	3	0	ConditionCOVID
BBIBP (V3  D28)	DOWN	MACROPHAGE	1	BBIBP	COVID	VIRUS	SARS	V	IN	HO	28	28	1	4	3	0	ConditionCOVID
BBIBP (V3  D28)	DOWN	MONOCYTE	2	BBIBP	COVID	VIRUS	SARS	V	IN	HO	28	28	1	4	3	0	ConditionCOVID
BBIBP (V3  D28)	DOWN	NEUTROPHIL	5	BBIBP	COVID	VIRUS	SARS	V	IN	HO	28	28	1	4	3	0	ConditionCOVID
BBIBP (V3  D28)	DOWN	T CELL	1	BBIBP	COVID	VIRUS	SARS	V	IN	HO	28	28	1	4	3	0	ConditionCOVID
BBIBP (V3  D28)	UP	ADAPTIVE IMMUNE SYSTEM	29	BBIBP	COVID	VIRUS	SARS	V	IN	HO	28	28	1	4	3	0	ConditionCOVID
BBIBP (V3  D28)	UP	ARPP	1	BBIBP	COVID	VIRUS	SARS	V	IN	HO	28	28	1	4	3	0	ConditionCOVID
BBIBP (V3  D28)	UP	B CELL	6	BBIBP	COVID	VIRUS	SARS	V	IN	HO	28	28	1	4	3	0	ConditionCOVID
BBIBP (V3  D28)	UP	CELLULAR ADAPTIVE IMMUNE SYSTEM	21	BBIBP	COVID	VIRUS	SARS	V	IN	HO	28	28	1	4	3	0	ConditionCOVID
BBIBP (V3  D28)	UP	DENDRITIC CELL	1	BBIBP	COVID	VIRUS	SARS	V	IN	HO	28	28	1	4	3	0	ConditionCOVID
BBIBP (V3  D28)	UP	GENERAL	8	BBIBP	COVID	VIRUS	SARS	V	IN	HO	28	28	1	4	3	0	ConditionCOVID
BBIBP (V3  D28)	UP	HUMORAL ADAPTIVE IMMUNE SYSTEM	8	BBIBP	COVID	VIRUS	SARS	V	IN	HO	28	28	1	4	3	0	ConditionCOVID
BBIBP (V3  D28)	UP	IMMUNOGLOBULIN MEDIATED RESPONSE	6	BBIBP	COVID	VIRUS	SARS	V	IN	HO	28	28	1	4	3	0	ConditionCOVID
BBIBP (V3  D28)	UP	INNATE IMMUNE SYSTEM	10	BBIBP	COVID	VIRUS	SARS	V	IN	HO	28	28	1	4	3	0	ConditionCOVID
BBIBP (V3  D28)	UP	NK CELL	1	BBIBP	COVID	VIRUS	SARS	V	IN	HO	28	28	1	4	3	0	ConditionCOVID
BBIBP (V3  D28)	UP	T CELL	18	BBIBP	COVID	VIRUS	SARS	V	IN	HO	28	28	1	4	3	0	ConditionCOVID
BNT (V1  D6)	UP	ANTIVIRAL & IFN	1	BNT	COVID	VIRUS	SARS	V	RNA	HO	6	6	1	1	1	0	ConditionCOVID
BNT (V1  D6)	UP	GENERAL	1	BNT	COVID	VIRUS	SARS	V	RNA	HO	6	6	1	1	1	0	ConditionCOVID
BNT (V1  D6)	UP	INNATE IMMUNE SYSTEM	2	BNT	COVID	VIRUS	SARS	V	RNA	HO	6	6	1	1	1	0	ConditionCOVID
BNT (V2  D1)	DOWN	GENERAL	1	BNT	COVID	VIRUS	SARS	V	RNA	HO	1	1	1	1	2	0	ConditionCOVID
BNT (V2  D1)	UP	ADAPTIVE IMMUNE SYSTEM	14	BNT	COVID	VIRUS	SARS	V	RNA	HO	1	1	1	1	2	0	ConditionCOVID
BNT (V2  D1)	UP	ANTIMICROBIAL	2	BNT	COVID	VIRUS	SARS	V	RNA	HO	1	1	1	1	2	0	ConditionCOVID
BNT (V2  D1)	UP	ANTIVIRAL & IFN	21	BNT	COVID	VIRUS	SARS	V	RNA	HO	1	1	1	1	2	0	ConditionCOVID
BNT (V2  D1)	UP	ARPP	10	BNT	COVID	VIRUS	SARS	V	RNA	HO	1	1	1	1	2	0	ConditionCOVID
BNT (V2  D1)	UP	B CELL	1	BNT	COVID	VIRUS	SARS	V	RNA	HO	1	1	1	1	2	0	ConditionCOVID
BNT (V2  D1)	UP	CELLULAR ADAPTIVE IMMUNE SYSTEM	7	BNT	COVID	VIRUS	SARS	V	RNA	HO	1	1	1	1	2	0	ConditionCOVID
BNT (V2  D1)	UP	COMPLEMENT	2	BNT	COVID	VIRUS	SARS	V	RNA	HO	1	1	1	1	2	0	ConditionCOVID
BNT (V2  D1)	UP	DENDRITIC CELL	1	BNT	COVID	VIRUS	SARS	V	RNA	HO	1	1	1	1	2	0	ConditionCOVID
BNT (V2  D1)	UP	EOSINOPHIL	2	BNT	COVID	VIRUS	SARS	V	RNA	HO	1	1	1	1	2	0	ConditionCOVID
BNT (V2  D1)	UP	GENERAL	47	BNT	COVID	VIRUS	SARS	V	RNA	HO	1	1	1	1	2	0	ConditionCOVID
BNT (V2  D1)	UP	HUMORAL ADAPTIVE IMMUNE SYSTEM	4	BNT	COVID	VIRUS	SARS	V	RNA	HO	1	1	1	1	2	0	ConditionCOVID
BNT (V2  D1)	UP	IMMUNOGLOBULIN MEDIATED RESPONSE	1	BNT	COVID	VIRUS	SARS	V	RNA	HO	1	1	1	1	2	0	ConditionCOVID
BNT (V2  D1)	UP	INFLAMMATION	1	BNT	COVID	VIRUS	SARS	V	RNA	HO	1	1	1	1	2	0	ConditionCOVID
BNT (V2  D1)	UP	INNATE IMMUNE SYSTEM	79	BNT	COVID	VIRUS	SARS	V	RNA	HO	1	1	1	1	2	0	ConditionCOVID
BNT (V2  D1)	UP	MACROPHAGE	4	BNT	COVID	VIRUS	SARS	V	RNA	HO	1	1	1	1	2	0	ConditionCOVID
BNT (V2  D1)	UP	MONOCYTE	2	BNT	COVID	VIRUS	SARS	V	RNA	HO	1	1	1	1	2	0	ConditionCOVID
BNT (V2  D1)	UP	NEUTROPHIL	3	BNT	COVID	VIRUS	SARS	V	RNA	HO	1	1	1	1	2	0	ConditionCOVID
BNT (V2  D1)	UP	T CELL	7	BNT	COVID	VIRUS	SARS	V	RNA	HO	1	1	1	1	2	0	ConditionCOVID
BNT (V3  D1)	DOWN	GENERAL	2	BNT	COVID	VIRUS	SARS	V	RNA	HO	1	1	1	1	3	0	ConditionCOVID
BNT (V3  D1)	DOWN	INNATE IMMUNE SYSTEM	1	BNT	COVID	VIRUS	SARS	V	RNA	HO	1	1	1	1	3	0	ConditionCOVID
BNT (V3  D1)	DOWN	MAST CELL	1	BNT	COVID	VIRUS	SARS	V	RNA	HO	1	1	1	1	3	0	ConditionCOVID
BNT (V3  D1)	UP	ADAPTIVE IMMUNE SYSTEM	17	BNT	COVID	VIRUS	SARS	V	RNA	HO	1	1	1	1	3	0	ConditionCOVID
BNT (V3  D1)	UP	ANTIMICROBIAL	5	BNT	COVID	VIRUS	SARS	V	RNA	HO	1	1	1	1	3	0	ConditionCOVID
BNT (V3  D1)	UP	ANTIVIRAL & IFN	24	BNT	COVID	VIRUS	SARS	V	RNA	HO	1	1	1	1	3	0	ConditionCOVID
BNT (V3  D1)	UP	ARPP	17	BNT	COVID	VIRUS	SARS	V	RNA	HO	1	1	1	1	3	0	ConditionCOVID
BNT (V3  D1)	UP	B CELL	1	BNT	COVID	VIRUS	SARS	V	RNA	HO	1	1	1	1	3	0	ConditionCOVID
BNT (V3  D1)	UP	CELLULAR ADAPTIVE IMMUNE SYSTEM	7	BNT	COVID	VIRUS	SARS	V	RNA	HO	1	1	1	1	3	0	ConditionCOVID
BNT (V3  D1)	UP	COMPLEMENT	2	BNT	COVID	VIRUS	SARS	V	RNA	HO	1	1	1	1	3	0	ConditionCOVID
BNT (V3  D1)	UP	DENDRITIC CELL	1	BNT	COVID	VIRUS	SARS	V	RNA	HO	1	1	1	1	3	0	ConditionCOVID
BNT (V3  D1)	UP	EOSINOPHIL	5	BNT	COVID	VIRUS	SARS	V	RNA	HO	1	1	1	1	3	0	ConditionCOVID
BNT (V3  D1)	UP	GENERAL	61	BNT	COVID	VIRUS	SARS	V	RNA	HO	1	1	1	1	3	0	ConditionCOVID
BNT (V3  D1)	UP	HUMORAL ADAPTIVE IMMUNE SYSTEM	9	BNT	COVID	VIRUS	SARS	V	RNA	HO	1	1	1	1	3	0	ConditionCOVID
BNT (V3  D1)	UP	IMMUNOGLOBULIN MEDIATED RESPONSE	1	BNT	COVID	VIRUS	SARS	V	RNA	HO	1	1	1	1	3	0	ConditionCOVID
BNT (V3  D1)	UP	INFLAMMATION	1	BNT	COVID	VIRUS	SARS	V	RNA	HO	1	1	1	1	3	0	ConditionCOVID
BNT (V3  D1)	UP	INNATE IMMUNE SYSTEM	101	BNT	COVID	VIRUS	SARS	V	RNA	HO	1	1	1	1	3	0	ConditionCOVID
BNT (V3  D1)	UP	MACROPHAGE	4	BNT	COVID	VIRUS	SARS	V	RNA	HO	1	1	1	1	3	0	ConditionCOVID
BNT (V3  D1)	UP	MONOCYTE	4	BNT	COVID	VIRUS	SARS	V	RNA	HO	1	1	1	1	3	0	ConditionCOVID
BNT (V3  D1)	UP	NEUTROPHIL	7	BNT	COVID	VIRUS	SARS	V	RNA	HO	1	1	1	1	3	0	ConditionCOVID
BNT (V3  D1)	UP	T CELL	7	BNT	COVID	VIRUS	SARS	V	RNA	HO	1	1	1	1	3	0	ConditionCOVID
BNT-I (D1)	DOWN	ADAPTIVE IMMUNE SYSTEM	39	BNT	COVID	VIRUS	SARS	I	I	V-I	1	1	1	1	1	1	ConditionCOVID
BNT-I (D1)	DOWN	ARPP	1	BNT	COVID	VIRUS	SARS	I	I	V-I	1	1	1	1	1	1	ConditionCOVID
BNT-I (D1)	DOWN	B CELL	16	BNT	COVID	VIRUS	SARS	I	I	V-I	1	1	1	1	1	1	ConditionCOVID
BNT-I (D1)	DOWN	CELLULAR ADAPTIVE IMMUNE SYSTEM	15	BNT	COVID	VIRUS	SARS	I	I	V-I	1	1	1	1	1	1	ConditionCOVID
BNT-I (D1)	DOWN	COMPLEMENT	3	BNT	COVID	VIRUS	SARS	I	I	V-I	1	1	1	1	1	1	ConditionCOVID
BNT-I (D1)	DOWN	GENERAL	17	BNT	COVID	VIRUS	SARS	I	I	V-I	1	1	1	1	1	1	ConditionCOVID
BNT-I (D1)	DOWN	HUMORAL ADAPTIVE IMMUNE SYSTEM	17	BNT	COVID	VIRUS	SARS	I	I	V-I	1	1	1	1	1	1	ConditionCOVID
BNT-I (D1)	DOWN	IMMUNOGLOBULIN MEDIATED RESPONSE	16	BNT	COVID	VIRUS	SARS	I	I	V-I	1	1	1	1	1	1	ConditionCOVID
BNT-I (D1)	DOWN	INNATE IMMUNE SYSTEM	3	BNT	COVID	VIRUS	SARS	I	I	V-I	1	1	1	1	1	1	ConditionCOVID
BNT-I (D1)	DOWN	T CELL	15	BNT	COVID	VIRUS	SARS	I	I	V-I	1	1	1	1	1	1	ConditionCOVID
BNT-I (D1)	UP	ADAPTIVE IMMUNE SYSTEM	35	BNT	COVID	VIRUS	SARS	I	I	V-I	1	1	1	1	1	1	ConditionCOVID
BNT-I (D1)	UP	ANTIMICROBIAL	6	BNT	COVID	VIRUS	SARS	I	I	V-I	1	1	1	1	1	1	ConditionCOVID
BNT-I (D1)	UP	ANTIVIRAL & IFN	4	BNT	COVID	VIRUS	SARS	I	I	V-I	1	1	1	1	1	1	ConditionCOVID
BNT-I (D1)	UP	ARPP	14	BNT	COVID	VIRUS	SARS	I	I	V-I	1	1	1	1	1	1	ConditionCOVID
BNT-I (D1)	UP	B CELL	13	BNT	COVID	VIRUS	SARS	I	I	V-I	1	1	1	1	1	1	ConditionCOVID
BNT-I (D1)	UP	CELLULAR ADAPTIVE IMMUNE SYSTEM	16	BNT	COVID	VIRUS	SARS	I	I	V-I	1	1	1	1	1	1	ConditionCOVID
BNT-I (D1)	UP	COMPLEMENT	4	BNT	COVID	VIRUS	SARS	I	I	V-I	1	1	1	1	1	1	ConditionCOVID
BNT-I (D1)	UP	DENDRITIC CELL	1	BNT	COVID	VIRUS	SARS	I	I	V-I	1	1	1	1	1	1	ConditionCOVID
BNT-I (D1)	UP	EOSINOPHIL	2	BNT	COVID	VIRUS	SARS	I	I	V-I	1	1	1	1	1	1	ConditionCOVID
BNT-I (D1)	UP	GENERAL	33	BNT	COVID	VIRUS	SARS	I	I	V-I	1	1	1	1	1	1	ConditionCOVID
BNT-I (D1)	UP	HUMORAL ADAPTIVE IMMUNE SYSTEM	23	BNT	COVID	VIRUS	SARS	I	I	V-I	1	1	1	1	1	1	ConditionCOVID
BNT-I (D1)	UP	IMMUNOGLOBULIN MEDIATED RESPONSE	13	BNT	COVID	VIRUS	SARS	I	I	V-I	1	1	1	1	1	1	ConditionCOVID
BNT-I (D1)	UP	INFLAMMATION	1	BNT	COVID	VIRUS	SARS	I	I	V-I	1	1	1	1	1	1	ConditionCOVID
BNT-I (D1)	UP	INNATE IMMUNE SYSTEM	53	BNT	COVID	VIRUS	SARS	I	I	V-I	1	1	1	1	1	1	ConditionCOVID
BNT-I (D1)	UP	MACROPHAGE	3	BNT	COVID	VIRUS	SARS	I	I	V-I	1	1	1	1	1	1	ConditionCOVID
BNT-I (D1)	UP	MAST CELL	7	BNT	COVID	VIRUS	SARS	I	I	V-I	1	1	1	1	1	1	ConditionCOVID
BNT-I (D1)	UP	MONOCYTE	2	BNT	COVID	VIRUS	SARS	I	I	V-I	1	1	1	1	1	1	ConditionCOVID
BNT-I (D1)	UP	NEUTROPHIL	8	BNT	COVID	VIRUS	SARS	I	I	V-I	1	1	1	1	1	1	ConditionCOVID
BNT-I (D1)	UP	NK CELL	1	BNT	COVID	VIRUS	SARS	I	I	V-I	1	1	1	1	1	1	ConditionCOVID
BNT-I (D1)	UP	T CELL	11	BNT	COVID	VIRUS	SARS	I	I	V-I	1	1	1	1	1	1	ConditionCOVID
BNT-I (D1)	UP	T HELPER CELLS	2	BNT	COVID	VIRUS	SARS	I	I	V-I	1	1	1	1	1	1	ConditionCOVID
BNT-I (D10  mild)	DOWN	ADAPTIVE IMMUNE SYSTEM	223	BNT	COVID	VIRUS	SARS	I	I	V-I	10	10	1	2	1	1	ConditionCOVID
BNT-I (D10  mild)	DOWN	ANTIMICROBIAL	1	BNT	COVID	VIRUS	SARS	I	I	V-I	10	10	1	2	1	1	ConditionCOVID
BNT-I (D10  mild)	DOWN	ANTIVIRAL & IFN	9	BNT	COVID	VIRUS	SARS	I	I	V-I	10	10	1	2	1	1	ConditionCOVID
BNT-I (D10  mild)	DOWN	ARPP	19	BNT	COVID	VIRUS	SARS	I	I	V-I	10	10	1	2	1	1	ConditionCOVID
BNT-I (D10  mild)	DOWN	B CELL	59	BNT	COVID	VIRUS	SARS	I	I	V-I	10	10	1	2	1	1	ConditionCOVID
BNT-I (D10  mild)	DOWN	CELLULAR ADAPTIVE IMMUNE SYSTEM	121	BNT	COVID	VIRUS	SARS	I	I	V-I	10	10	1	2	1	1	ConditionCOVID
BNT-I (D10  mild)	DOWN	COMPLEMENT	5	BNT	COVID	VIRUS	SARS	I	I	V-I	10	10	1	2	1	1	ConditionCOVID
BNT-I (D10  mild)	DOWN	DENDRITIC CELL	7	BNT	COVID	VIRUS	SARS	I	I	V-I	10	10	1	2	1	1	ConditionCOVID
BNT-I (D10  mild)	DOWN	EOSINOPHIL	4	BNT	COVID	VIRUS	SARS	I	I	V-I	10	10	1	2	1	1	ConditionCOVID
BNT-I (D10  mild)	DOWN	GENERAL	117	BNT	COVID	VIRUS	SARS	I	I	V-I	10	10	1	2	1	1	ConditionCOVID
BNT-I (D10  mild)	DOWN	HUMORAL ADAPTIVE IMMUNE SYSTEM	71	BNT	COVID	VIRUS	SARS	I	I	V-I	10	10	1	2	1	1	ConditionCOVID
BNT-I (D10  mild)	DOWN	IMMUNOGLOBULIN MEDIATED RESPONSE	59	BNT	COVID	VIRUS	SARS	I	I	V-I	10	10	1	2	1	1	ConditionCOVID
BNT-I (D10  mild)	DOWN	INFLAMMATION	3	BNT	COVID	VIRUS	SARS	I	I	V-I	10	10	1	2	1	1	ConditionCOVID
BNT-I (D10  mild)	DOWN	INNATE IMMUNE SYSTEM	89	BNT	COVID	VIRUS	SARS	I	I	V-I	10	10	1	2	1	1	ConditionCOVID
BNT-I (D10  mild)	DOWN	MACROPHAGE	4	BNT	COVID	VIRUS	SARS	I	I	V-I	10	10	1	2	1	1	ConditionCOVID
BNT-I (D10  mild)	DOWN	MAST CELL	4	BNT	COVID	VIRUS	SARS	I	I	V-I	10	10	1	2	1	1	ConditionCOVID
BNT-I (D10  mild)	DOWN	MONOCYTE	3	BNT	COVID	VIRUS	SARS	I	I	V-I	10	10	1	2	1	1	ConditionCOVID
BNT-I (D10  mild)	DOWN	NEUTROPHIL	7	BNT	COVID	VIRUS	SARS	I	I	V-I	10	10	1	2	1	1	ConditionCOVID
BNT-I (D10  mild)	DOWN	NK CELL	6	BNT	COVID	VIRUS	SARS	I	I	V-I	10	10	1	2	1	1	ConditionCOVID
BNT-I (D10  mild)	DOWN	T CELL	106	BNT	COVID	VIRUS	SARS	I	I	V-I	10	10	1	2	1	1	ConditionCOVID
BNT-I (D10  mild)	DOWN	T HELPER CELLS	7	BNT	COVID	VIRUS	SARS	I	I	V-I	10	10	1	2	1	1	ConditionCOVID
BNT-I (D10  mild)	UP	ADAPTIVE IMMUNE SYSTEM	102	BNT	COVID	VIRUS	SARS	I	I	V-I	10	10	1	2	1	1	ConditionCOVID
BNT-I (D10  mild)	UP	ANTIMICROBIAL	16	BNT	COVID	VIRUS	SARS	I	I	V-I	10	10	1	2	1	1	ConditionCOVID
BNT-I (D10  mild)	UP	ANTIVIRAL & IFN	27	BNT	COVID	VIRUS	SARS	I	I	V-I	10	10	1	2	1	1	ConditionCOVID
BNT-I (D10  mild)	UP	ARPP	24	BNT	COVID	VIRUS	SARS	I	I	V-I	10	10	1	2	1	1	ConditionCOVID
BNT-I (D10  mild)	UP	B CELL	28	BNT	COVID	VIRUS	SARS	I	I	V-I	10	10	1	2	1	1	ConditionCOVID
BNT-I (D10  mild)	UP	CELLULAR ADAPTIVE IMMUNE SYSTEM	47	BNT	COVID	VIRUS	SARS	I	I	V-I	10	10	1	2	1	1	ConditionCOVID
BNT-I (D10  mild)	UP	COMPLEMENT	8	BNT	COVID	VIRUS	SARS	I	I	V-I	10	10	1	2	1	1	ConditionCOVID
BNT-I (D10  mild)	UP	DENDRITIC CELL	4	BNT	COVID	VIRUS	SARS	I	I	V-I	10	10	1	2	1	1	ConditionCOVID
BNT-I (D10  mild)	UP	EOSINOPHIL	1	BNT	COVID	VIRUS	SARS	I	I	V-I	10	10	1	2	1	1	ConditionCOVID
BNT-I (D10  mild)	UP	GENERAL	134	BNT	COVID	VIRUS	SARS	I	I	V-I	10	10	1	2	1	1	ConditionCOVID
BNT-I (D10  mild)	UP	HUMORAL ADAPTIVE IMMUNE SYSTEM	61	BNT	COVID	VIRUS	SARS	I	I	V-I	10	10	1	2	1	1	ConditionCOVID
BNT-I (D10  mild)	UP	IMMUNOGLOBULIN MEDIATED RESPONSE	28	BNT	COVID	VIRUS	SARS	I	I	V-I	10	10	1	2	1	1	ConditionCOVID
BNT-I (D10  mild)	UP	INFLAMMATION	3	BNT	COVID	VIRUS	SARS	I	I	V-I	10	10	1	2	1	1	ConditionCOVID
BNT-I (D10  mild)	UP	INNATE IMMUNE SYSTEM	193	BNT	COVID	VIRUS	SARS	I	I	V-I	10	10	1	2	1	1	ConditionCOVID
BNT-I (D10  mild)	UP	MACROPHAGE	4	BNT	COVID	VIRUS	SARS	I	I	V-I	10	10	1	2	1	1	ConditionCOVID
BNT-I (D10  mild)	UP	MAST CELL	4	BNT	COVID	VIRUS	SARS	I	I	V-I	10	10	1	2	1	1	ConditionCOVID
BNT-I (D10  mild)	UP	MONOCYTE	4	BNT	COVID	VIRUS	SARS	I	I	V-I	10	10	1	2	1	1	ConditionCOVID
BNT-I (D10  mild)	UP	NEUTROPHIL	19	BNT	COVID	VIRUS	SARS	I	I	V-I	10	10	1	2	1	1	ConditionCOVID
BNT-I (D10  mild)	UP	NK CELL	9	BNT	COVID	VIRUS	SARS	I	I	V-I	10	10	1	2	1	1	ConditionCOVID
BNT-I (D10  mild)	UP	T CELL	33	BNT	COVID	VIRUS	SARS	I	I	V-I	10	10	1	2	1	1	ConditionCOVID
BNT-I (D10  mild)	UP	T HELPER CELLS	7	BNT	COVID	VIRUS	SARS	I	I	V-I	10	10	1	2	1	1	ConditionCOVID
BNT-I (D10  severe)	DOWN	ADAPTIVE IMMUNE SYSTEM	173	BNT	COVID	VIRUS	SARS	I	I	V-I	10	10	1	2	1	1	ConditionCOVID
BNT-I (D10  severe)	DOWN	ANTIMICROBIAL	2	BNT	COVID	VIRUS	SARS	I	I	V-I	10	10	1	2	1	1	ConditionCOVID
BNT-I (D10  severe)	DOWN	ANTIVIRAL & IFN	5	BNT	COVID	VIRUS	SARS	I	I	V-I	10	10	1	2	1	1	ConditionCOVID
BNT-I (D10  severe)	DOWN	ARPP	15	BNT	COVID	VIRUS	SARS	I	I	V-I	10	10	1	2	1	1	ConditionCOVID
BNT-I (D10  severe)	DOWN	B CELL	32	BNT	COVID	VIRUS	SARS	I	I	V-I	10	10	1	2	1	1	ConditionCOVID
BNT-I (D10  severe)	DOWN	CELLULAR ADAPTIVE IMMUNE SYSTEM	105	BNT	COVID	VIRUS	SARS	I	I	V-I	10	10	1	2	1	1	ConditionCOVID
BNT-I (D10  severe)	DOWN	COMPLEMENT	7	BNT	COVID	VIRUS	SARS	I	I	V-I	10	10	1	2	1	1	ConditionCOVID
BNT-I (D10  severe)	DOWN	DENDRITIC CELL	6	BNT	COVID	VIRUS	SARS	I	I	V-I	10	10	1	2	1	1	ConditionCOVID
BNT-I (D10  severe)	DOWN	EOSINOPHIL	2	BNT	COVID	VIRUS	SARS	I	I	V-I	10	10	1	2	1	1	ConditionCOVID
BNT-I (D10  severe)	DOWN	GENERAL	114	BNT	COVID	VIRUS	SARS	I	I	V-I	10	10	1	2	1	1	ConditionCOVID
BNT-I (D10  severe)	DOWN	HUMORAL ADAPTIVE IMMUNE SYSTEM	44	BNT	COVID	VIRUS	SARS	I	I	V-I	10	10	1	2	1	1	ConditionCOVID
BNT-I (D10  severe)	DOWN	IMMUNOGLOBULIN MEDIATED RESPONSE	32	BNT	COVID	VIRUS	SARS	I	I	V-I	10	10	1	2	1	1	ConditionCOVID
BNT-I (D10  severe)	DOWN	INFLAMMATION	3	BNT	COVID	VIRUS	SARS	I	I	V-I	10	10	1	2	1	1	ConditionCOVID
BNT-I (D10  severe)	DOWN	INNATE IMMUNE SYSTEM	82	BNT	COVID	VIRUS	SARS	I	I	V-I	10	10	1	2	1	1	ConditionCOVID
BNT-I (D10  severe)	DOWN	MACROPHAGE	3	BNT	COVID	VIRUS	SARS	I	I	V-I	10	10	1	2	1	1	ConditionCOVID
BNT-I (D10  severe)	DOWN	MAST CELL	3	BNT	COVID	VIRUS	SARS	I	I	V-I	10	10	1	2	1	1	ConditionCOVID
BNT-I (D10  severe)	DOWN	MONOCYTE	1	BNT	COVID	VIRUS	SARS	I	I	V-I	10	10	1	2	1	1	ConditionCOVID
BNT-I (D10  severe)	DOWN	NEUTROPHIL	7	BNT	COVID	VIRUS	SARS	I	I	V-I	10	10	1	2	1	1	ConditionCOVID
BNT-I (D10  severe)	DOWN	NK CELL	9	BNT	COVID	VIRUS	SARS	I	I	V-I	10	10	1	2	1	1	ConditionCOVID
BNT-I (D10  severe)	DOWN	T CELL	91	BNT	COVID	VIRUS	SARS	I	I	V-I	10	10	1	2	1	1	ConditionCOVID
BNT-I (D10  severe)	DOWN	T HELPER CELLS	7	BNT	COVID	VIRUS	SARS	I	I	V-I	10	10	1	2	1	1	ConditionCOVID
BNT-I (D10  severe)	UP	ADAPTIVE IMMUNE SYSTEM	112	BNT	COVID	VIRUS	SARS	I	I	V-I	10	10	1	2	1	1	ConditionCOVID
BNT-I (D10  severe)	UP	ANTIMICROBIAL	18	BNT	COVID	VIRUS	SARS	I	I	V-I	10	10	1	2	1	1	ConditionCOVID
BNT-I (D10  severe)	UP	ANTIVIRAL & IFN	33	BNT	COVID	VIRUS	SARS	I	I	V-I	10	10	1	2	1	1	ConditionCOVID
BNT-I (D10  severe)	UP	ARPP	34	BNT	COVID	VIRUS	SARS	I	I	V-I	10	10	1	2	1	1	ConditionCOVID
BNT-I (D10  severe)	UP	B CELL	38	BNT	COVID	VIRUS	SARS	I	I	V-I	10	10	1	2	1	1	ConditionCOVID
BNT-I (D10  severe)	UP	CELLULAR ADAPTIVE IMMUNE SYSTEM	48	BNT	COVID	VIRUS	SARS	I	I	V-I	10	10	1	2	1	1	ConditionCOVID
BNT-I (D10  severe)	UP	COMPLEMENT	10	BNT	COVID	VIRUS	SARS	I	I	V-I	10	10	1	2	1	1	ConditionCOVID
BNT-I (D10  severe)	UP	DENDRITIC CELL	2	BNT	COVID	VIRUS	SARS	I	I	V-I	10	10	1	2	1	1	ConditionCOVID
BNT-I (D10  severe)	UP	EOSINOPHIL	1	BNT	COVID	VIRUS	SARS	I	I	V-I	10	10	1	2	1	1	ConditionCOVID
BNT-I (D10  severe)	UP	GENERAL	149	BNT	COVID	VIRUS	SARS	I	I	V-I	10	10	1	2	1	1	ConditionCOVID
BNT-I (D10  severe)	UP	HUMORAL ADAPTIVE IMMUNE SYSTEM	73	BNT	COVID	VIRUS	SARS	I	I	V-I	10	10	1	2	1	1	ConditionCOVID
BNT-I (D10  severe)	UP	IMMUNOGLOBULIN MEDIATED RESPONSE	38	BNT	COVID	VIRUS	SARS	I	I	V-I	10	10	1	2	1	1	ConditionCOVID
BNT-I (D10  severe)	UP	INFLAMMATION	6	BNT	COVID	VIRUS	SARS	I	I	V-I	10	10	1	2	1	1	ConditionCOVID
BNT-I (D10  severe)	UP	INNATE IMMUNE SYSTEM	225	BNT	COVID	VIRUS	SARS	I	I	V-I	10	10	1	2	1	1	ConditionCOVID
BNT-I (D10  severe)	UP	MACROPHAGE	8	BNT	COVID	VIRUS	SARS	I	I	V-I	10	10	1	2	1	1	ConditionCOVID
BNT-I (D10  severe)	UP	MAST CELL	5	BNT	COVID	VIRUS	SARS	I	I	V-I	10	10	1	2	1	1	ConditionCOVID
BNT-I (D10  severe)	UP	MONOCYTE	6	BNT	COVID	VIRUS	SARS	I	I	V-I	10	10	1	2	1	1	ConditionCOVID
BNT-I (D10  severe)	UP	NEUTROPHIL	27	BNT	COVID	VIRUS	SARS	I	I	V-I	10	10	1	2	1	1	ConditionCOVID
BNT-I (D10  severe)	UP	NK CELL	4	BNT	COVID	VIRUS	SARS	I	I	V-I	10	10	1	2	1	1	ConditionCOVID
BNT-I (D10  severe)	UP	T CELL	31	BNT	COVID	VIRUS	SARS	I	I	V-I	10	10	1	2	1	1	ConditionCOVID
BNT-I (D10  severe)	UP	T HELPER CELLS	8	BNT	COVID	VIRUS	SARS	I	I	V-I	10	10	1	2	1	1	ConditionCOVID
BNT-I (D26  mild)	DOWN	ADAPTIVE IMMUNE SYSTEM	152	BNT	COVID	VIRUS	SARS	I	I	V-I	26	26	1	4	1	1	ConditionCOVID
BNT-I (D26  mild)	DOWN	ANTIMICROBIAL	1	BNT	COVID	VIRUS	SARS	I	I	V-I	26	26	1	4	1	1	ConditionCOVID
BNT-I (D26  mild)	DOWN	ANTIVIRAL & IFN	4	BNT	COVID	VIRUS	SARS	I	I	V-I	26	26	1	4	1	1	ConditionCOVID
BNT-I (D26  mild)	DOWN	ARPP	10	BNT	COVID	VIRUS	SARS	I	I	V-I	26	26	1	4	1	1	ConditionCOVID
BNT-I (D26  mild)	DOWN	B CELL	52	BNT	COVID	VIRUS	SARS	I	I	V-I	26	26	1	4	1	1	ConditionCOVID
BNT-I (D26  mild)	DOWN	CELLULAR ADAPTIVE IMMUNE SYSTEM	75	BNT	COVID	VIRUS	SARS	I	I	V-I	26	26	1	4	1	1	ConditionCOVID
BNT-I (D26  mild)	DOWN	COMPLEMENT	3	BNT	COVID	VIRUS	SARS	I	I	V-I	26	26	1	4	1	1	ConditionCOVID
BNT-I (D26  mild)	DOWN	DENDRITIC CELL	5	BNT	COVID	VIRUS	SARS	I	I	V-I	26	26	1	4	1	1	ConditionCOVID
BNT-I (D26  mild)	DOWN	EOSINOPHIL	1	BNT	COVID	VIRUS	SARS	I	I	V-I	26	26	1	4	1	1	ConditionCOVID
BNT-I (D26  mild)	DOWN	GENERAL	72	BNT	COVID	VIRUS	SARS	I	I	V-I	26	26	1	4	1	1	ConditionCOVID
BNT-I (D26  mild)	DOWN	HUMORAL ADAPTIVE IMMUNE SYSTEM	61	BNT	COVID	VIRUS	SARS	I	I	V-I	26	26	1	4	1	1	ConditionCOVID
BNT-I (D26  mild)	DOWN	IMMUNOGLOBULIN MEDIATED RESPONSE	52	BNT	COVID	VIRUS	SARS	I	I	V-I	26	26	1	4	1	1	ConditionCOVID
BNT-I (D26  mild)	DOWN	INFLAMMATION	2	BNT	COVID	VIRUS	SARS	I	I	V-I	26	26	1	4	1	1	ConditionCOVID
BNT-I (D26  mild)	DOWN	INNATE IMMUNE SYSTEM	43	BNT	COVID	VIRUS	SARS	I	I	V-I	26	26	1	4	1	1	ConditionCOVID
BNT-I (D26  mild)	DOWN	MACROPHAGE	2	BNT	COVID	VIRUS	SARS	I	I	V-I	26	26	1	4	1	1	ConditionCOVID
BNT-I (D26  mild)	DOWN	MAST CELL	2	BNT	COVID	VIRUS	SARS	I	I	V-I	26	26	1	4	1	1	ConditionCOVID
BNT-I (D26  mild)	DOWN	MONOCYTE	1	BNT	COVID	VIRUS	SARS	I	I	V-I	26	26	1	4	1	1	ConditionCOVID
BNT-I (D26  mild)	DOWN	NEUTROPHIL	3	BNT	COVID	VIRUS	SARS	I	I	V-I	26	26	1	4	1	1	ConditionCOVID
BNT-I (D26  mild)	DOWN	NK CELL	2	BNT	COVID	VIRUS	SARS	I	I	V-I	26	26	1	4	1	1	ConditionCOVID
BNT-I (D26  mild)	DOWN	T CELL	65	BNT	COVID	VIRUS	SARS	I	I	V-I	26	26	1	4	1	1	ConditionCOVID
BNT-I (D26  mild)	DOWN	T HELPER CELLS	6	BNT	COVID	VIRUS	SARS	I	I	V-I	26	26	1	4	1	1	ConditionCOVID
BNT-I (D26  mild)	UP	ADAPTIVE IMMUNE SYSTEM	75	BNT	COVID	VIRUS	SARS	I	I	V-I	26	26	1	4	1	1	ConditionCOVID
BNT-I (D26  mild)	UP	ANTIMICROBIAL	12	BNT	COVID	VIRUS	SARS	I	I	V-I	26	26	1	4	1	1	ConditionCOVID
BNT-I (D26  mild)	UP	ANTIVIRAL & IFN	12	BNT	COVID	VIRUS	SARS	I	I	V-I	26	26	1	4	1	1	ConditionCOVID
BNT-I (D26  mild)	UP	ARPP	14	BNT	COVID	VIRUS	SARS	I	I	V-I	26	26	1	4	1	1	ConditionCOVID
BNT-I (D26  mild)	UP	B CELL	20	BNT	COVID	VIRUS	SARS	I	I	V-I	26	26	1	4	1	1	ConditionCOVID
BNT-I (D26  mild)	UP	CELLULAR ADAPTIVE IMMUNE SYSTEM	40	BNT	COVID	VIRUS	SARS	I	I	V-I	26	26	1	4	1	1	ConditionCOVID
BNT-I (D26  mild)	UP	COMPLEMENT	6	BNT	COVID	VIRUS	SARS	I	I	V-I	26	26	1	4	1	1	ConditionCOVID
BNT-I (D26  mild)	UP	DENDRITIC CELL	2	BNT	COVID	VIRUS	SARS	I	I	V-I	26	26	1	4	1	1	ConditionCOVID
BNT-I (D26  mild)	UP	EOSINOPHIL	1	BNT	COVID	VIRUS	SARS	I	I	V-I	26	26	1	4	1	1	ConditionCOVID
BNT-I (D26  mild)	UP	GENERAL	65	BNT	COVID	VIRUS	SARS	I	I	V-I	26	26	1	4	1	1	ConditionCOVID
BNT-I (D26  mild)	UP	HUMORAL ADAPTIVE IMMUNE SYSTEM	42	BNT	COVID	VIRUS	SARS	I	I	V-I	26	26	1	4	1	1	ConditionCOVID
BNT-I (D26  mild)	UP	IMMUNOGLOBULIN MEDIATED RESPONSE	20	BNT	COVID	VIRUS	SARS	I	I	V-I	26	26	1	4	1	1	ConditionCOVID
BNT-I (D26  mild)	UP	INFLAMMATION	2	BNT	COVID	VIRUS	SARS	I	I	V-I	26	26	1	4	1	1	ConditionCOVID
BNT-I (D26  mild)	UP	INNATE IMMUNE SYSTEM	97	BNT	COVID	VIRUS	SARS	I	I	V-I	26	26	1	4	1	1	ConditionCOVID
BNT-I (D26  mild)	UP	MACROPHAGE	3	BNT	COVID	VIRUS	SARS	I	I	V-I	26	26	1	4	1	1	ConditionCOVID
BNT-I (D26  mild)	UP	MAST CELL	7	BNT	COVID	VIRUS	SARS	I	I	V-I	26	26	1	4	1	1	ConditionCOVID
BNT-I (D26  mild)	UP	MONOCYTE	2	BNT	COVID	VIRUS	SARS	I	I	V-I	26	26	1	4	1	1	ConditionCOVID
BNT-I (D26  mild)	UP	NEUTROPHIL	11	BNT	COVID	VIRUS	SARS	I	I	V-I	26	26	1	4	1	1	ConditionCOVID
BNT-I (D26  mild)	UP	NK CELL	5	BNT	COVID	VIRUS	SARS	I	I	V-I	26	26	1	4	1	1	ConditionCOVID
BNT-I (D26  mild)	UP	T CELL	27	BNT	COVID	VIRUS	SARS	I	I	V-I	26	26	1	4	1	1	ConditionCOVID
BNT-I (D26  mild)	UP	T HELPER CELLS	5	BNT	COVID	VIRUS	SARS	I	I	V-I	26	26	1	4	1	1	ConditionCOVID
BNT-I (D26  severe)	DOWN	ADAPTIVE IMMUNE SYSTEM	23	BNT	COVID	VIRUS	SARS	I	I	V-I	26	26	1	4	1	1	ConditionCOVID
BNT-I (D26  severe)	DOWN	ANTIVIRAL & IFN	1	BNT	COVID	VIRUS	SARS	I	I	V-I	26	26	1	4	1	1	ConditionCOVID
BNT-I (D26  severe)	DOWN	ARPP	3	BNT	COVID	VIRUS	SARS	I	I	V-I	26	26	1	4	1	1	ConditionCOVID
BNT-I (D26  severe)	DOWN	B CELL	8	BNT	COVID	VIRUS	SARS	I	I	V-I	26	26	1	4	1	1	ConditionCOVID
BNT-I (D26  severe)	DOWN	CELLULAR ADAPTIVE IMMUNE SYSTEM	11	BNT	COVID	VIRUS	SARS	I	I	V-I	26	26	1	4	1	1	ConditionCOVID
BNT-I (D26  severe)	DOWN	COMPLEMENT	3	BNT	COVID	VIRUS	SARS	I	I	V-I	26	26	1	4	1	1	ConditionCOVID
BNT-I (D26  severe)	DOWN	DENDRITIC CELL	2	BNT	COVID	VIRUS	SARS	I	I	V-I	26	26	1	4	1	1	ConditionCOVID
BNT-I (D26  severe)	DOWN	GENERAL	16	BNT	COVID	VIRUS	SARS	I	I	V-I	26	26	1	4	1	1	ConditionCOVID
BNT-I (D26  severe)	DOWN	HUMORAL ADAPTIVE IMMUNE SYSTEM	8	BNT	COVID	VIRUS	SARS	I	I	V-I	26	26	1	4	1	1	ConditionCOVID
BNT-I (D26  severe)	DOWN	IMMUNOGLOBULIN MEDIATED RESPONSE	8	BNT	COVID	VIRUS	SARS	I	I	V-I	26	26	1	4	1	1	ConditionCOVID
BNT-I (D26  severe)	DOWN	INNATE IMMUNE SYSTEM	12	BNT	COVID	VIRUS	SARS	I	I	V-I	26	26	1	4	1	1	ConditionCOVID
BNT-I (D26  severe)	DOWN	T CELL	9	BNT	COVID	VIRUS	SARS	I	I	V-I	26	26	1	4	1	1	ConditionCOVID
BNT-I (D26  severe)	DOWN	T HELPER CELLS	2	BNT	COVID	VIRUS	SARS	I	I	V-I	26	26	1	4	1	1	ConditionCOVID
BNT-I (D26  severe)	UP	ADAPTIVE IMMUNE SYSTEM	9	BNT	COVID	VIRUS	SARS	I	I	V-I	26	26	1	4	1	1	ConditionCOVID
BNT-I (D26  severe)	UP	ANTIMICROBIAL	4	BNT	COVID	VIRUS	SARS	I	I	V-I	26	26	1	4	1	1	ConditionCOVID
BNT-I (D26  severe)	UP	ARPP	6	BNT	COVID	VIRUS	SARS	I	I	V-I	26	26	1	4	1	1	ConditionCOVID
BNT-I (D26  severe)	UP	B CELL	2	BNT	COVID	VIRUS	SARS	I	I	V-I	26	26	1	4	1	1	ConditionCOVID
BNT-I (D26  severe)	UP	CELLULAR ADAPTIVE IMMUNE SYSTEM	6	BNT	COVID	VIRUS	SARS	I	I	V-I	26	26	1	4	1	1	ConditionCOVID
BNT-I (D26  severe)	UP	GENERAL	15	BNT	COVID	VIRUS	SARS	I	I	V-I	26	26	1	4	1	1	ConditionCOVID
BNT-I (D26  severe)	UP	HUMORAL ADAPTIVE IMMUNE SYSTEM	7	BNT	COVID	VIRUS	SARS	I	I	V-I	26	26	1	4	1	1	ConditionCOVID
BNT-I (D26  severe)	UP	IMMUNOGLOBULIN MEDIATED RESPONSE	2	BNT	COVID	VIRUS	SARS	I	I	V-I	26	26	1	4	1	1	ConditionCOVID
BNT-I (D26  severe)	UP	INNATE IMMUNE SYSTEM	27	BNT	COVID	VIRUS	SARS	I	I	V-I	26	26	1	4	1	1	ConditionCOVID
BNT-I (D26  severe)	UP	MACROPHAGE	1	BNT	COVID	VIRUS	SARS	I	I	V-I	26	26	1	4	1	1	ConditionCOVID
BNT-I (D26  severe)	UP	MAST CELL	3	BNT	COVID	VIRUS	SARS	I	I	V-I	26	26	1	4	1	1	ConditionCOVID
BNT-I (D26  severe)	UP	MONOCYTE	1	BNT	COVID	VIRUS	SARS	I	I	V-I	26	26	1	4	1	1	ConditionCOVID
BNT-I (D26  severe)	UP	NEUTROPHIL	3	BNT	COVID	VIRUS	SARS	I	I	V-I	26	26	1	4	1	1	ConditionCOVID
BNT-I (D26  severe)	UP	NK CELL	2	BNT	COVID	VIRUS	SARS	I	I	V-I	26	26	1	4	1	1	ConditionCOVID
BNT-I (D26  severe)	UP	T CELL	5	BNT	COVID	VIRUS	SARS	I	I	V-I	26	26	1	4	1	1	ConditionCOVID
BNT-I (D3)	DOWN	ADAPTIVE IMMUNE SYSTEM	2	BNT	COVID	VIRUS	SARS	I	I	V-I	3	3	1	1	1	1	ConditionCOVID
BNT-I (D3)	DOWN	CELLULAR ADAPTIVE IMMUNE SYSTEM	1	BNT	COVID	VIRUS	SARS	I	I	V-I	3	3	1	1	1	1	ConditionCOVID
BNT-I (D3)	DOWN	GENERAL	3	BNT	COVID	VIRUS	SARS	I	I	V-I	3	3	1	1	1	1	ConditionCOVID
BNT-I (D3)	DOWN	INNATE IMMUNE SYSTEM	1	BNT	COVID	VIRUS	SARS	I	I	V-I	3	3	1	1	1	1	ConditionCOVID
BNT-I (D3)	DOWN	T CELL	1	BNT	COVID	VIRUS	SARS	I	I	V-I	3	3	1	1	1	1	ConditionCOVID
BNT-I (D3)	UP	ADAPTIVE IMMUNE SYSTEM	29	BNT	COVID	VIRUS	SARS	I	I	V-I	3	3	1	1	1	1	ConditionCOVID
BNT-I (D3)	UP	ANTIMICROBIAL	4	BNT	COVID	VIRUS	SARS	I	I	V-I	3	3	1	1	1	1	ConditionCOVID
BNT-I (D3)	UP	ANTIVIRAL & IFN	7	BNT	COVID	VIRUS	SARS	I	I	V-I	3	3	1	1	1	1	ConditionCOVID
BNT-I (D3)	UP	ARPP	11	BNT	COVID	VIRUS	SARS	I	I	V-I	3	3	1	1	1	1	ConditionCOVID
BNT-I (D3)	UP	B CELL	10	BNT	COVID	VIRUS	SARS	I	I	V-I	3	3	1	1	1	1	ConditionCOVID
BNT-I (D3)	UP	CELLULAR ADAPTIVE IMMUNE SYSTEM	12	BNT	COVID	VIRUS	SARS	I	I	V-I	3	3	1	1	1	1	ConditionCOVID
BNT-I (D3)	UP	COMPLEMENT	7	BNT	COVID	VIRUS	SARS	I	I	V-I	3	3	1	1	1	1	ConditionCOVID
BNT-I (D3)	UP	GENERAL	33	BNT	COVID	VIRUS	SARS	I	I	V-I	3	3	1	1	1	1	ConditionCOVID
BNT-I (D3)	UP	HUMORAL ADAPTIVE IMMUNE SYSTEM	17	BNT	COVID	VIRUS	SARS	I	I	V-I	3	3	1	1	1	1	ConditionCOVID
BNT-I (D3)	UP	IMMUNOGLOBULIN MEDIATED RESPONSE	10	BNT	COVID	VIRUS	SARS	I	I	V-I	3	3	1	1	1	1	ConditionCOVID
BNT-I (D3)	UP	INNATE IMMUNE SYSTEM	53	BNT	COVID	VIRUS	SARS	I	I	V-I	3	3	1	1	1	1	ConditionCOVID
BNT-I (D3)	UP	MACROPHAGE	4	BNT	COVID	VIRUS	SARS	I	I	V-I	3	3	1	1	1	1	ConditionCOVID
BNT-I (D3)	UP	MAST CELL	6	BNT	COVID	VIRUS	SARS	I	I	V-I	3	3	1	1	1	1	ConditionCOVID
BNT-I (D3)	UP	MONOCYTE	1	BNT	COVID	VIRUS	SARS	I	I	V-I	3	3	1	1	1	1	ConditionCOVID
BNT-I (D3)	UP	NEUTROPHIL	7	BNT	COVID	VIRUS	SARS	I	I	V-I	3	3	1	1	1	1	ConditionCOVID
BNT-I (D3)	UP	T CELL	8	BNT	COVID	VIRUS	SARS	I	I	V-I	3	3	1	1	1	1	ConditionCOVID
BNT-I (D3)	UP	T HELPER CELLS	3	BNT	COVID	VIRUS	SARS	I	I	V-I	3	3	1	1	1	1	ConditionCOVID
BNT-I (D4)	DOWN	ADAPTIVE IMMUNE SYSTEM	1	BNT	COVID	VIRUS	SARS	I	I	V-I	4	4	1	1	1	1	ConditionCOVID
BNT-I (D4)	DOWN	CELLULAR ADAPTIVE IMMUNE SYSTEM	1	BNT	COVID	VIRUS	SARS	I	I	V-I	4	4	1	1	1	1	ConditionCOVID
BNT-I (D4)	UP	ADAPTIVE IMMUNE SYSTEM	4	BNT	COVID	VIRUS	SARS	I	I	V-I	4	4	1	1	1	1	ConditionCOVID
BNT-I (D4)	UP	ARPP	1	BNT	COVID	VIRUS	SARS	I	I	V-I	4	4	1	1	1	1	ConditionCOVID
BNT-I (D4)	UP	CELLULAR ADAPTIVE IMMUNE SYSTEM	3	BNT	COVID	VIRUS	SARS	I	I	V-I	4	4	1	1	1	1	ConditionCOVID
BNT-I (D4)	UP	GENERAL	1	BNT	COVID	VIRUS	SARS	I	I	V-I	4	4	1	1	1	1	ConditionCOVID
BNT-I (D4)	UP	HUMORAL ADAPTIVE IMMUNE SYSTEM	1	BNT	COVID	VIRUS	SARS	I	I	V-I	4	4	1	1	1	1	ConditionCOVID
BNT-I (D4)	UP	INNATE IMMUNE SYSTEM	5	BNT	COVID	VIRUS	SARS	I	I	V-I	4	4	1	1	1	1	ConditionCOVID
BNT-I (D4)	UP	MACROPHAGE	1	BNT	COVID	VIRUS	SARS	I	I	V-I	4	4	1	1	1	1	ConditionCOVID
BNT-I (D4)	UP	NEUTROPHIL	2	BNT	COVID	VIRUS	SARS	I	I	V-I	4	4	1	1	1	1	ConditionCOVID
BNT-I (D4)	UP	T CELL	2	BNT	COVID	VIRUS	SARS	I	I	V-I	4	4	1	1	1	1	ConditionCOVID
BNT-I-BNT (D51  mild)	DOWN	ADAPTIVE IMMUNE SYSTEM	43	BNT	COVID	VIRUS	SARS	I	RNA	V-I-V	51	21	2	7	2	1	ConditionCOVID
BNT-I-BNT (D51  mild)	DOWN	ARPP	4	BNT	COVID	VIRUS	SARS	I	RNA	V-I-V	51	21	2	7	2	1	ConditionCOVID
BNT-I-BNT (D51  mild)	DOWN	B CELL	29	BNT	COVID	VIRUS	SARS	I	RNA	V-I-V	51	21	2	7	2	1	ConditionCOVID
BNT-I-BNT (D51  mild)	DOWN	CELLULAR ADAPTIVE IMMUNE SYSTEM	12	BNT	COVID	VIRUS	SARS	I	RNA	V-I-V	51	21	2	7	2	1	ConditionCOVID
BNT-I-BNT (D51  mild)	DOWN	COMPLEMENT	3	BNT	COVID	VIRUS	SARS	I	RNA	V-I-V	51	21	2	7	2	1	ConditionCOVID
BNT-I-BNT (D51  mild)	DOWN	DENDRITIC CELL	3	BNT	COVID	VIRUS	SARS	I	RNA	V-I-V	51	21	2	7	2	1	ConditionCOVID
BNT-I-BNT (D51  mild)	DOWN	GENERAL	18	BNT	COVID	VIRUS	SARS	I	RNA	V-I-V	51	21	2	7	2	1	ConditionCOVID
BNT-I-BNT (D51  mild)	DOWN	HUMORAL ADAPTIVE IMMUNE SYSTEM	31	BNT	COVID	VIRUS	SARS	I	RNA	V-I-V	51	21	2	7	2	1	ConditionCOVID
BNT-I-BNT (D51  mild)	DOWN	IMMUNOGLOBULIN MEDIATED RESPONSE	29	BNT	COVID	VIRUS	SARS	I	RNA	V-I-V	51	21	2	7	2	1	ConditionCOVID
BNT-I-BNT (D51  mild)	DOWN	INNATE IMMUNE SYSTEM	9	BNT	COVID	VIRUS	SARS	I	RNA	V-I-V	51	21	2	7	2	1	ConditionCOVID
BNT-I-BNT (D51  mild)	DOWN	T CELL	10	BNT	COVID	VIRUS	SARS	I	RNA	V-I-V	51	21	2	7	2	1	ConditionCOVID
BNT-I-BNT (D51  mild)	DOWN	T HELPER CELLS	2	BNT	COVID	VIRUS	SARS	I	RNA	V-I-V	51	21	2	7	2	1	ConditionCOVID
BNT-I-BNT (D51  mild)	UP	ADAPTIVE IMMUNE SYSTEM	3	BNT	COVID	VIRUS	SARS	I	RNA	V-I-V	51	21	2	7	2	1	ConditionCOVID
BNT-I-BNT (D51  mild)	UP	ANTIMICROBIAL	10	BNT	COVID	VIRUS	SARS	I	RNA	V-I-V	51	21	2	7	2	1	ConditionCOVID
BNT-I-BNT (D51  mild)	UP	ARPP	2	BNT	COVID	VIRUS	SARS	I	RNA	V-I-V	51	21	2	7	2	1	ConditionCOVID
BNT-I-BNT (D51  mild)	UP	CELLULAR ADAPTIVE IMMUNE SYSTEM	3	BNT	COVID	VIRUS	SARS	I	RNA	V-I-V	51	21	2	7	2	1	ConditionCOVID
BNT-I-BNT (D51  mild)	UP	GENERAL	20	BNT	COVID	VIRUS	SARS	I	RNA	V-I-V	51	21	2	7	2	1	ConditionCOVID
BNT-I-BNT (D51  mild)	UP	HUMORAL ADAPTIVE IMMUNE SYSTEM	14	BNT	COVID	VIRUS	SARS	I	RNA	V-I-V	51	21	2	7	2	1	ConditionCOVID
BNT-I-BNT (D51  mild)	UP	INNATE IMMUNE SYSTEM	14	BNT	COVID	VIRUS	SARS	I	RNA	V-I-V	51	21	2	7	2	1	ConditionCOVID
BNT-I-BNT (D51  mild)	UP	MACROPHAGE	1	BNT	COVID	VIRUS	SARS	I	RNA	V-I-V	51	21	2	7	2	1	ConditionCOVID
BNT-I-BNT (D51  mild)	UP	MONOCYTE	1	BNT	COVID	VIRUS	SARS	I	RNA	V-I-V	51	21	2	7	2	1	ConditionCOVID
BNT-I-BNT (D51  mild)	UP	NEUTROPHIL	2	BNT	COVID	VIRUS	SARS	I	RNA	V-I-V	51	21	2	7	2	1	ConditionCOVID
BNT-I-BNT (D51  mild)	UP	T CELL	2	BNT	COVID	VIRUS	SARS	I	RNA	V-I-V	51	21	2	7	2	1	ConditionCOVID
BNT-I-BNT (D51  severe)	DOWN	ADAPTIVE IMMUNE SYSTEM	1	BNT	COVID	VIRUS	SARS	I	RNA	V-I-V	51	21	2	7	2	1	ConditionCOVID
BNT-I-BNT (D51  severe)	DOWN	CELLULAR ADAPTIVE IMMUNE SYSTEM	1	BNT	COVID	VIRUS	SARS	I	RNA	V-I-V	51	21	2	7	2	1	ConditionCOVID
BNT-I-BNT (D51  severe)	DOWN	GENERAL	3	BNT	COVID	VIRUS	SARS	I	RNA	V-I-V	51	21	2	7	2	1	ConditionCOVID
BNT-I-BNT (D51  severe)	DOWN	INNATE IMMUNE SYSTEM	1	BNT	COVID	VIRUS	SARS	I	RNA	V-I-V	51	21	2	7	2	1	ConditionCOVID
BNT-I-BNT (D51  severe)	DOWN	T HELPER CELLS	1	BNT	COVID	VIRUS	SARS	I	RNA	V-I-V	51	21	2	7	2	1	ConditionCOVID
BNT-I-BNT (D51  severe)	UP	ANTIMICROBIAL	1	BNT	COVID	VIRUS	SARS	I	RNA	V-I-V	51	21	2	7	2	1	ConditionCOVID
BNT-I-BNT (D51  severe)	UP	ARPP	1	BNT	COVID	VIRUS	SARS	I	RNA	V-I-V	51	21	2	7	2	1	ConditionCOVID
BNT-I-BNT (D51  severe)	UP	GENERAL	1	BNT	COVID	VIRUS	SARS	I	RNA	V-I-V	51	21	2	7	2	1	ConditionCOVID
BNT-I-BNT (D51  severe)	UP	HUMORAL ADAPTIVE IMMUNE SYSTEM	1	BNT	COVID	VIRUS	SARS	I	RNA	V-I-V	51	21	2	7	2	1	ConditionCOVID
BNT-I-BNT (D51  severe)	UP	INNATE IMMUNE SYSTEM	3	BNT	COVID	VIRUS	SARS	I	RNA	V-I-V	51	21	2	7	2	1	ConditionCOVID
BNT-I-BNT (D51  severe)	UP	MONOCYTE	1	BNT	COVID	VIRUS	SARS	I	RNA	V-I-V	51	21	2	7	2	1	ConditionCOVID
BNT-MO (V3  D1)	DOWN	ADAPTIVE IMMUNE SYSTEM	2	MO	COVID	VIRUS	SARS	V	RNA	HE	1	1	1	1	3	0	ConditionCOVID
BNT-MO (V3  D1)	DOWN	ANTIMICROBIAL	1	MO	COVID	VIRUS	SARS	V	RNA	HE	1	1	1	1	3	0	ConditionCOVID
BNT-MO (V3  D1)	DOWN	ANTIVIRAL & IFN	1	MO	COVID	VIRUS	SARS	V	RNA	HE	1	1	1	1	3	0	ConditionCOVID
BNT-MO (V3  D1)	DOWN	ARPP	2	MO	COVID	VIRUS	SARS	V	RNA	HE	1	1	1	1	3	0	ConditionCOVID
BNT-MO (V3  D1)	DOWN	CELLULAR ADAPTIVE IMMUNE SYSTEM	1	MO	COVID	VIRUS	SARS	V	RNA	HE	1	1	1	1	3	0	ConditionCOVID
BNT-MO (V3  D1)	DOWN	COMPLEMENT	1	MO	COVID	VIRUS	SARS	V	RNA	HE	1	1	1	1	3	0	ConditionCOVID
BNT-MO (V3  D1)	DOWN	EOSINOPHIL	1	MO	COVID	VIRUS	SARS	V	RNA	HE	1	1	1	1	3	0	ConditionCOVID
BNT-MO (V3  D1)	DOWN	GENERAL	4	MO	COVID	VIRUS	SARS	V	RNA	HE	1	1	1	1	3	0	ConditionCOVID
BNT-MO (V3  D1)	DOWN	HUMORAL ADAPTIVE IMMUNE SYSTEM	1	MO	COVID	VIRUS	SARS	V	RNA	HE	1	1	1	1	3	0	ConditionCOVID
BNT-MO (V3  D1)	DOWN	INNATE IMMUNE SYSTEM	8	MO	COVID	VIRUS	SARS	V	RNA	HE	1	1	1	1	3	0	ConditionCOVID
BNT-MO (V3  D1)	DOWN	MONOCYTE	1	MO	COVID	VIRUS	SARS	V	RNA	HE	1	1	1	1	3	0	ConditionCOVID
BNT-MO (V3  D1)	DOWN	NEUTROPHIL	2	MO	COVID	VIRUS	SARS	V	RNA	HE	1	1	1	1	3	0	ConditionCOVID
BNT-MO (V3  D1)	DOWN	NK CELL	1	MO	COVID	VIRUS	SARS	V	RNA	HE	1	1	1	1	3	0	ConditionCOVID
BNT-MO (V3  D1)	DOWN	T CELL	1	MO	COVID	VIRUS	SARS	V	RNA	HE	1	1	1	1	3	0	ConditionCOVID
BNT-MO (V3  D1)	UP	ADAPTIVE IMMUNE SYSTEM	29	MO	COVID	VIRUS	SARS	V	RNA	HE	1	1	1	1	3	0	ConditionCOVID
BNT-MO (V3  D1)	UP	ANTIMICROBIAL	4	MO	COVID	VIRUS	SARS	V	RNA	HE	1	1	1	1	3	0	ConditionCOVID
BNT-MO (V3  D1)	UP	ANTIVIRAL & IFN	24	MO	COVID	VIRUS	SARS	V	RNA	HE	1	1	1	1	3	0	ConditionCOVID
BNT-MO (V3  D1)	UP	ARPP	22	MO	COVID	VIRUS	SARS	V	RNA	HE	1	1	1	1	3	0	ConditionCOVID
BNT-MO (V3  D1)	UP	B CELL	6	MO	COVID	VIRUS	SARS	V	RNA	HE	1	1	1	1	3	0	ConditionCOVID
BNT-MO (V3  D1)	UP	CELLULAR ADAPTIVE IMMUNE SYSTEM	13	MO	COVID	VIRUS	SARS	V	RNA	HE	1	1	1	1	3	0	ConditionCOVID
BNT-MO (V3  D1)	UP	COMPLEMENT	1	MO	COVID	VIRUS	SARS	V	RNA	HE	1	1	1	1	3	0	ConditionCOVID
BNT-MO (V3  D1)	UP	DENDRITIC CELL	2	MO	COVID	VIRUS	SARS	V	RNA	HE	1	1	1	1	3	0	ConditionCOVID
BNT-MO (V3  D1)	UP	EOSINOPHIL	5	MO	COVID	VIRUS	SARS	V	RNA	HE	1	1	1	1	3	0	ConditionCOVID
BNT-MO (V3  D1)	UP	GENERAL	71	MO	COVID	VIRUS	SARS	V	RNA	HE	1	1	1	1	3	0	ConditionCOVID
BNT-MO (V3  D1)	UP	HUMORAL ADAPTIVE IMMUNE SYSTEM	12	MO	COVID	VIRUS	SARS	V	RNA	HE	1	1	1	1	3	0	ConditionCOVID
BNT-MO (V3  D1)	UP	IMMUNOGLOBULIN MEDIATED RESPONSE	6	MO	COVID	VIRUS	SARS	V	RNA	HE	1	1	1	1	3	0	ConditionCOVID
BNT-MO (V3  D1)	UP	INFLAMMATION	3	MO	COVID	VIRUS	SARS	V	RNA	HE	1	1	1	1	3	0	ConditionCOVID
BNT-MO (V3  D1)	UP	INNATE IMMUNE SYSTEM	113	MO	COVID	VIRUS	SARS	V	RNA	HE	1	1	1	1	3	0	ConditionCOVID
BNT-MO (V3  D1)	UP	MACROPHAGE	3	MO	COVID	VIRUS	SARS	V	RNA	HE	1	1	1	1	3	0	ConditionCOVID
BNT-MO (V3  D1)	UP	MONOCYTE	4	MO	COVID	VIRUS	SARS	V	RNA	HE	1	1	1	1	3	0	ConditionCOVID
BNT-MO (V3  D1)	UP	NEUTROPHIL	8	MO	COVID	VIRUS	SARS	V	RNA	HE	1	1	1	1	3	0	ConditionCOVID
BNT-MO (V3  D1)	UP	T CELL	13	MO	COVID	VIRUS	SARS	V	RNA	HE	1	1	1	1	3	0	ConditionCOVID
ChAd (V1  D3)	DOWN	ADAPTIVE IMMUNE SYSTEM	10	ChAd	COVID	VIRUS	SARS	V	VV	HO	3	3	1	1	1	0	ConditionCOVID
ChAd (V1  D3)	DOWN	ANTIMICROBIAL	5	ChAd	COVID	VIRUS	SARS	V	VV	HO	3	3	1	1	1	0	ConditionCOVID
ChAd (V1  D3)	DOWN	ANTIVIRAL & IFN	2	ChAd	COVID	VIRUS	SARS	V	VV	HO	3	3	1	1	1	0	ConditionCOVID
ChAd (V1  D3)	DOWN	ARPP	3	ChAd	COVID	VIRUS	SARS	V	VV	HO	3	3	1	1	1	0	ConditionCOVID
ChAd (V1  D3)	DOWN	B CELL	1	ChAd	COVID	VIRUS	SARS	V	VV	HO	3	3	1	1	1	0	ConditionCOVID
ChAd (V1  D3)	DOWN	CELLULAR ADAPTIVE IMMUNE SYSTEM	5	ChAd	COVID	VIRUS	SARS	V	VV	HO	3	3	1	1	1	0	ConditionCOVID
ChAd (V1  D3)	DOWN	DENDRITIC CELL	2	ChAd	COVID	VIRUS	SARS	V	VV	HO	3	3	1	1	1	0	ConditionCOVID
ChAd (V1  D3)	DOWN	EOSINOPHIL	1	ChAd	COVID	VIRUS	SARS	V	VV	HO	3	3	1	1	1	0	ConditionCOVID
ChAd (V1  D3)	DOWN	GENERAL	23	ChAd	COVID	VIRUS	SARS	V	VV	HO	3	3	1	1	1	0	ConditionCOVID
ChAd (V1  D3)	DOWN	HUMORAL ADAPTIVE IMMUNE SYSTEM	8	ChAd	COVID	VIRUS	SARS	V	VV	HO	3	3	1	1	1	0	ConditionCOVID
ChAd (V1  D3)	DOWN	IMMUNOGLOBULIN MEDIATED RESPONSE	1	ChAd	COVID	VIRUS	SARS	V	VV	HO	3	3	1	1	1	0	ConditionCOVID
ChAd (V1  D3)	DOWN	INFLAMMATION	1	ChAd	COVID	VIRUS	SARS	V	VV	HO	3	3	1	1	1	0	ConditionCOVID
ChAd (V1  D3)	DOWN	INNATE IMMUNE SYSTEM	22	ChAd	COVID	VIRUS	SARS	V	VV	HO	3	3	1	1	1	0	ConditionCOVID
ChAd (V1  D3)	DOWN	MAST CELL	1	ChAd	COVID	VIRUS	SARS	V	VV	HO	3	3	1	1	1	0	ConditionCOVID
ChAd (V1  D3)	DOWN	MONOCYTE	1	ChAd	COVID	VIRUS	SARS	V	VV	HO	3	3	1	1	1	0	ConditionCOVID
ChAd (V1  D3)	DOWN	NEUTROPHIL	11	ChAd	COVID	VIRUS	SARS	V	VV	HO	3	3	1	1	1	0	ConditionCOVID
ChAd (V1  D3)	DOWN	T CELL	4	ChAd	COVID	VIRUS	SARS	V	VV	HO	3	3	1	1	1	0	ConditionCOVID
ChAd (V1  D3)	UP	ADAPTIVE IMMUNE SYSTEM	21	ChAd	COVID	VIRUS	SARS	V	VV	HO	3	3	1	1	1	0	ConditionCOVID
ChAd (V1  D3)	UP	ANTIMICROBIAL	4	ChAd	COVID	VIRUS	SARS	V	VV	HO	3	3	1	1	1	0	ConditionCOVID
ChAd (V1  D3)	UP	ANTIVIRAL & IFN	16	ChAd	COVID	VIRUS	SARS	V	VV	HO	3	3	1	1	1	0	ConditionCOVID
ChAd (V1  D3)	UP	ARPP	14	ChAd	COVID	VIRUS	SARS	V	VV	HO	3	3	1	1	1	0	ConditionCOVID
ChAd (V1  D3)	UP	B CELL	3	ChAd	COVID	VIRUS	SARS	V	VV	HO	3	3	1	1	1	0	ConditionCOVID
ChAd (V1  D3)	UP	CELLULAR ADAPTIVE IMMUNE SYSTEM	14	ChAd	COVID	VIRUS	SARS	V	VV	HO	3	3	1	1	1	0	ConditionCOVID
ChAd (V1  D3)	UP	COMPLEMENT	4	ChAd	COVID	VIRUS	SARS	V	VV	HO	3	3	1	1	1	0	ConditionCOVID
ChAd (V1  D3)	UP	DENDRITIC CELL	1	ChAd	COVID	VIRUS	SARS	V	VV	HO	3	3	1	1	1	0	ConditionCOVID
ChAd (V1  D3)	UP	EOSINOPHIL	2	ChAd	COVID	VIRUS	SARS	V	VV	HO	3	3	1	1	1	0	ConditionCOVID
ChAd (V1  D3)	UP	GENERAL	56	ChAd	COVID	VIRUS	SARS	V	VV	HO	3	3	1	1	1	0	ConditionCOVID
ChAd (V1  D3)	UP	HUMORAL ADAPTIVE IMMUNE SYSTEM	9	ChAd	COVID	VIRUS	SARS	V	VV	HO	3	3	1	1	1	0	ConditionCOVID
ChAd (V1  D3)	UP	IMMUNOGLOBULIN MEDIATED RESPONSE	3	ChAd	COVID	VIRUS	SARS	V	VV	HO	3	3	1	1	1	0	ConditionCOVID
ChAd (V1  D3)	UP	INFLAMMATION	1	ChAd	COVID	VIRUS	SARS	V	VV	HO	3	3	1	1	1	0	ConditionCOVID
ChAd (V1  D3)	UP	INNATE IMMUNE SYSTEM	90	ChAd	COVID	VIRUS	SARS	V	VV	HO	3	3	1	1	1	0	ConditionCOVID
ChAd (V1  D3)	UP	MACROPHAGE	4	ChAd	COVID	VIRUS	SARS	V	VV	HO	3	3	1	1	1	0	ConditionCOVID
ChAd (V1  D3)	UP	MONOCYTE	3	ChAd	COVID	VIRUS	SARS	V	VV	HO	3	3	1	1	1	0	ConditionCOVID
ChAd (V1  D3)	UP	NEUTROPHIL	7	ChAd	COVID	VIRUS	SARS	V	VV	HO	3	3	1	1	1	0	ConditionCOVID
ChAd (V1  D3)	UP	NK CELL	4	ChAd	COVID	VIRUS	SARS	V	VV	HO	3	3	1	1	1	0	ConditionCOVID
ChAd (V1  D3)	UP	T CELL	8	ChAd	COVID	VIRUS	SARS	V	VV	HO	3	3	1	1	1	0	ConditionCOVID
ChAd (V1  D3)	UP	T HELPER CELLS	1	ChAd	COVID	VIRUS	SARS	V	VV	HO	3	3	1	1	1	0	ConditionCOVID
ChAd (V1  D6)	DOWN	ADAPTIVE IMMUNE SYSTEM	1	ChAd	COVID	VIRUS	SARS	V	VV	HO	6	6	1	1	1	0	ConditionCOVID
ChAd (V1  D6)	DOWN	HUMORAL ADAPTIVE IMMUNE SYSTEM	1	ChAd	COVID	VIRUS	SARS	V	VV	HO	6	6	1	1	1	0	ConditionCOVID
ChAd (V1  D6)	UP	ADAPTIVE IMMUNE SYSTEM	5	ChAd	COVID	VIRUS	SARS	V	VV	HO	6	6	1	1	1	0	ConditionCOVID
ChAd (V1  D6)	UP	ANTIVIRAL & IFN	1	ChAd	COVID	VIRUS	SARS	V	VV	HO	6	6	1	1	1	0	ConditionCOVID
ChAd (V1  D6)	UP	CELLULAR ADAPTIVE IMMUNE SYSTEM	3	ChAd	COVID	VIRUS	SARS	V	VV	HO	6	6	1	1	1	0	ConditionCOVID
ChAd (V1  D6)	UP	GENERAL	2	ChAd	COVID	VIRUS	SARS	V	VV	HO	6	6	1	1	1	0	ConditionCOVID
ChAd (V1  D6)	UP	INNATE IMMUNE SYSTEM	2	ChAd	COVID	VIRUS	SARS	V	VV	HO	6	6	1	1	1	0	ConditionCOVID
ChAd (V1  D6)	UP	T CELL	2	ChAd	COVID	VIRUS	SARS	V	VV	HO	6	6	1	1	1	0	ConditionCOVID
ChAd (V1  D7)	DOWN	ADAPTIVE IMMUNE SYSTEM	3	ChAd	COVID	VIRUS	SARS	V	VV	HO	7	7	1	1	1	0	ConditionCOVID
ChAd (V1  D7)	DOWN	ANTIVIRAL & IFN	1	ChAd	COVID	VIRUS	SARS	V	VV	HO	7	7	1	1	1	0	ConditionCOVID
ChAd (V1  D7)	DOWN	ARPP	3	ChAd	COVID	VIRUS	SARS	V	VV	HO	7	7	1	1	1	0	ConditionCOVID
ChAd (V1  D7)	DOWN	CELLULAR ADAPTIVE IMMUNE SYSTEM	1	ChAd	COVID	VIRUS	SARS	V	VV	HO	7	7	1	1	1	0	ConditionCOVID
ChAd (V1  D7)	DOWN	EOSINOPHIL	2	ChAd	COVID	VIRUS	SARS	V	VV	HO	7	7	1	1	1	0	ConditionCOVID
ChAd (V1  D7)	DOWN	GENERAL	2	ChAd	COVID	VIRUS	SARS	V	VV	HO	7	7	1	1	1	0	ConditionCOVID
ChAd (V1  D7)	DOWN	HUMORAL ADAPTIVE IMMUNE SYSTEM	1	ChAd	COVID	VIRUS	SARS	V	VV	HO	7	7	1	1	1	0	ConditionCOVID
ChAd (V1  D7)	DOWN	INNATE IMMUNE SYSTEM	9	ChAd	COVID	VIRUS	SARS	V	VV	HO	7	7	1	1	1	0	ConditionCOVID
ChAd (V1  D7)	DOWN	MACROPHAGE	2	ChAd	COVID	VIRUS	SARS	V	VV	HO	7	7	1	1	1	0	ConditionCOVID
ChAd (V1  D7)	DOWN	MONOCYTE	1	ChAd	COVID	VIRUS	SARS	V	VV	HO	7	7	1	1	1	0	ConditionCOVID
ChAd (V1  D7)	DOWN	NEUTROPHIL	1	ChAd	COVID	VIRUS	SARS	V	VV	HO	7	7	1	1	1	0	ConditionCOVID
ChAd (V1  D7)	DOWN	T CELL	1	ChAd	COVID	VIRUS	SARS	V	VV	HO	7	7	1	1	1	0	ConditionCOVID
ChAd (V1  D7)	UP	ADAPTIVE IMMUNE SYSTEM	8	ChAd	COVID	VIRUS	SARS	V	VV	HO	7	7	1	1	1	0	ConditionCOVID
ChAd (V1  D7)	UP	ANTIMICROBIAL	5	ChAd	COVID	VIRUS	SARS	V	VV	HO	7	7	1	1	1	0	ConditionCOVID
ChAd (V1  D7)	UP	ANTIVIRAL & IFN	1	ChAd	COVID	VIRUS	SARS	V	VV	HO	7	7	1	1	1	0	ConditionCOVID
ChAd (V1  D7)	UP	ARPP	5	ChAd	COVID	VIRUS	SARS	V	VV	HO	7	7	1	1	1	0	ConditionCOVID
ChAd (V1  D7)	UP	B CELL	2	ChAd	COVID	VIRUS	SARS	V	VV	HO	7	7	1	1	1	0	ConditionCOVID
ChAd (V1  D7)	UP	CELLULAR ADAPTIVE IMMUNE SYSTEM	5	ChAd	COVID	VIRUS	SARS	V	VV	HO	7	7	1	1	1	0	ConditionCOVID
ChAd (V1  D7)	UP	DENDRITIC CELL	1	ChAd	COVID	VIRUS	SARS	V	VV	HO	7	7	1	1	1	0	ConditionCOVID
ChAd (V1  D7)	UP	GENERAL	16	ChAd	COVID	VIRUS	SARS	V	VV	HO	7	7	1	1	1	0	ConditionCOVID
ChAd (V1  D7)	UP	HUMORAL ADAPTIVE IMMUNE SYSTEM	10	ChAd	COVID	VIRUS	SARS	V	VV	HO	7	7	1	1	1	0	ConditionCOVID
ChAd (V1  D7)	UP	IMMUNOGLOBULIN MEDIATED RESPONSE	2	ChAd	COVID	VIRUS	SARS	V	VV	HO	7	7	1	1	1	0	ConditionCOVID
ChAd (V1  D7)	UP	INFLAMMATION	1	ChAd	COVID	VIRUS	SARS	V	VV	HO	7	7	1	1	1	0	ConditionCOVID
ChAd (V1  D7)	UP	INNATE IMMUNE SYSTEM	21	ChAd	COVID	VIRUS	SARS	V	VV	HO	7	7	1	1	1	0	ConditionCOVID
ChAd (V1  D7)	UP	MACROPHAGE	1	ChAd	COVID	VIRUS	SARS	V	VV	HO	7	7	1	1	1	0	ConditionCOVID
ChAd (V1  D7)	UP	MONOCYTE	3	ChAd	COVID	VIRUS	SARS	V	VV	HO	7	7	1	1	1	0	ConditionCOVID
ChAd (V1  D7)	UP	NEUTROPHIL	9	ChAd	COVID	VIRUS	SARS	V	VV	HO	7	7	1	1	1	0	ConditionCOVID
ChAd (V1  D7)	UP	T CELL	3	ChAd	COVID	VIRUS	SARS	V	VV	HO	7	7	1	1	1	0	ConditionCOVID
ChAd (V2  D1)	DOWN	GENERAL	2	ChAd	COVID	VIRUS	SARS	V	VV	HO	1	1	1	1	2	0	ConditionCOVID
ChAd (V2  D1)	DOWN	INNATE IMMUNE SYSTEM	1	ChAd	COVID	VIRUS	SARS	V	VV	HO	1	1	1	1	2	0	ConditionCOVID
ChAd (V2  D1)	DOWN	NK CELL	1	ChAd	COVID	VIRUS	SARS	V	VV	HO	1	1	1	1	2	0	ConditionCOVID
ChAd (V2  D1)	UP	ADAPTIVE IMMUNE SYSTEM	11	ChAd	COVID	VIRUS	SARS	V	VV	HO	1	1	1	1	2	0	ConditionCOVID
ChAd (V2  D1)	UP	ANTIMICROBIAL	2	ChAd	COVID	VIRUS	SARS	V	VV	HO	1	1	1	1	2	0	ConditionCOVID
ChAd (V2  D1)	UP	ANTIVIRAL & IFN	23	ChAd	COVID	VIRUS	SARS	V	VV	HO	1	1	1	1	2	0	ConditionCOVID
ChAd (V2  D1)	UP	ARPP	10	ChAd	COVID	VIRUS	SARS	V	VV	HO	1	1	1	1	2	0	ConditionCOVID
ChAd (V2  D1)	UP	B CELL	1	ChAd	COVID	VIRUS	SARS	V	VV	HO	1	1	1	1	2	0	ConditionCOVID
ChAd (V2  D1)	UP	CELLULAR ADAPTIVE IMMUNE SYSTEM	4	ChAd	COVID	VIRUS	SARS	V	VV	HO	1	1	1	1	2	0	ConditionCOVID
ChAd (V2  D1)	UP	COMPLEMENT	2	ChAd	COVID	VIRUS	SARS	V	VV	HO	1	1	1	1	2	0	ConditionCOVID
ChAd (V2  D1)	UP	DENDRITIC CELL	2	ChAd	COVID	VIRUS	SARS	V	VV	HO	1	1	1	1	2	0	ConditionCOVID
ChAd (V2  D1)	UP	EOSINOPHIL	2	ChAd	COVID	VIRUS	SARS	V	VV	HO	1	1	1	1	2	0	ConditionCOVID
ChAd (V2  D1)	UP	GENERAL	53	ChAd	COVID	VIRUS	SARS	V	VV	HO	1	1	1	1	2	0	ConditionCOVID
ChAd (V2  D1)	UP	HUMORAL ADAPTIVE IMMUNE SYSTEM	4	ChAd	COVID	VIRUS	SARS	V	VV	HO	1	1	1	1	2	0	ConditionCOVID
ChAd (V2  D1)	UP	IMMUNOGLOBULIN MEDIATED RESPONSE	1	ChAd	COVID	VIRUS	SARS	V	VV	HO	1	1	1	1	2	0	ConditionCOVID
ChAd (V2  D1)	UP	INFLAMMATION	2	ChAd	COVID	VIRUS	SARS	V	VV	HO	1	1	1	1	2	0	ConditionCOVID
ChAd (V2  D1)	UP	INNATE IMMUNE SYSTEM	92	ChAd	COVID	VIRUS	SARS	V	VV	HO	1	1	1	1	2	0	ConditionCOVID
ChAd (V2  D1)	UP	MACROPHAGE	2	ChAd	COVID	VIRUS	SARS	V	VV	HO	1	1	1	1	2	0	ConditionCOVID
ChAd (V2  D1)	UP	MONOCYTE	2	ChAd	COVID	VIRUS	SARS	V	VV	HO	1	1	1	1	2	0	ConditionCOVID
ChAd (V2  D1)	UP	NEUTROPHIL	4	ChAd	COVID	VIRUS	SARS	V	VV	HO	1	1	1	1	2	0	ConditionCOVID
ChAd (V2  D1)	UP	NK CELL	2	ChAd	COVID	VIRUS	SARS	V	VV	HO	1	1	1	1	2	0	ConditionCOVID
ChAd (V2  D1)	UP	T CELL	4	ChAd	COVID	VIRUS	SARS	V	VV	HO	1	1	1	1	2	0	ConditionCOVID
ChAd (V2  D3)	DOWN	ADAPTIVE IMMUNE SYSTEM	1	ChAd	COVID	VIRUS	SARS	V	VV	HO	3	3	1	1	2	0	ConditionCOVID
ChAd (V2  D3)	DOWN	CELLULAR ADAPTIVE IMMUNE SYSTEM	1	ChAd	COVID	VIRUS	SARS	V	VV	HO	3	3	1	1	2	0	ConditionCOVID
ChAd (V2  D3)	DOWN	GENERAL	1	ChAd	COVID	VIRUS	SARS	V	VV	HO	3	3	1	1	2	0	ConditionCOVID
ChAd (V2  D3)	DOWN	T HELPER CELLS	1	ChAd	COVID	VIRUS	SARS	V	VV	HO	3	3	1	1	2	0	ConditionCOVID
ChAd (V2  D3)	UP	ADAPTIVE IMMUNE SYSTEM	1	ChAd	COVID	VIRUS	SARS	V	VV	HO	3	3	1	1	2	0	ConditionCOVID
ChAd (V2  D3)	UP	ANTIVIRAL & IFN	1	ChAd	COVID	VIRUS	SARS	V	VV	HO	3	3	1	1	2	0	ConditionCOVID
ChAd (V2  D3)	UP	B CELL	1	ChAd	COVID	VIRUS	SARS	V	VV	HO	3	3	1	1	2	0	ConditionCOVID
ChAd (V2  D3)	UP	COMPLEMENT	2	ChAd	COVID	VIRUS	SARS	V	VV	HO	3	3	1	1	2	0	ConditionCOVID
ChAd (V2  D3)	UP	GENERAL	1	ChAd	COVID	VIRUS	SARS	V	VV	HO	3	3	1	1	2	0	ConditionCOVID
ChAd (V2  D3)	UP	HUMORAL ADAPTIVE IMMUNE SYSTEM	1	ChAd	COVID	VIRUS	SARS	V	VV	HO	3	3	1	1	2	0	ConditionCOVID
ChAd (V2  D3)	UP	IMMUNOGLOBULIN MEDIATED RESPONSE	1	ChAd	COVID	VIRUS	SARS	V	VV	HO	3	3	1	1	2	0	ConditionCOVID
ChAd (V2  D3)	UP	INNATE IMMUNE SYSTEM	6	ChAd	COVID	VIRUS	SARS	V	VV	HO	3	3	1	1	2	0	ConditionCOVID
ChAd (V2  D3)	UP	MAST CELL	3	ChAd	COVID	VIRUS	SARS	V	VV	HO	3	3	1	1	2	0	ConditionCOVID
ChAd (V2  D7)	DOWN	ADAPTIVE IMMUNE SYSTEM	1	ChAd	COVID	VIRUS	SARS	V	VV	HO	7	7	1	1	2	0	ConditionCOVID
ChAd (V2  D7)	DOWN	ANTIMICROBIAL	1	ChAd	COVID	VIRUS	SARS	V	VV	HO	7	7	1	1	2	0	ConditionCOVID
ChAd (V2  D7)	DOWN	ANTIVIRAL & IFN	1	ChAd	COVID	VIRUS	SARS	V	VV	HO	7	7	1	1	2	0	ConditionCOVID
ChAd (V2  D7)	DOWN	ARPP	1	ChAd	COVID	VIRUS	SARS	V	VV	HO	7	7	1	1	2	0	ConditionCOVID
ChAd (V2  D7)	DOWN	EOSINOPHIL	1	ChAd	COVID	VIRUS	SARS	V	VV	HO	7	7	1	1	2	0	ConditionCOVID
ChAd (V2  D7)	DOWN	GENERAL	2	ChAd	COVID	VIRUS	SARS	V	VV	HO	7	7	1	1	2	0	ConditionCOVID
ChAd (V2  D7)	DOWN	HUMORAL ADAPTIVE IMMUNE SYSTEM	1	ChAd	COVID	VIRUS	SARS	V	VV	HO	7	7	1	1	2	0	ConditionCOVID
ChAd (V2  D7)	DOWN	INNATE IMMUNE SYSTEM	5	ChAd	COVID	VIRUS	SARS	V	VV	HO	7	7	1	1	2	0	ConditionCOVID
ChAd (V2  D7)	DOWN	MONOCYTE	1	ChAd	COVID	VIRUS	SARS	V	VV	HO	7	7	1	1	2	0	ConditionCOVID
ChAd (V2  D7)	DOWN	NEUTROPHIL	1	ChAd	COVID	VIRUS	SARS	V	VV	HO	7	7	1	1	2	0	ConditionCOVID
ChAd (V2  D7)	DOWN	NK CELL	1	ChAd	COVID	VIRUS	SARS	V	VV	HO	7	7	1	1	2	0	ConditionCOVID
ChAd-BNT (V2  D3)	DOWN	ADAPTIVE IMMUNE SYSTEM	9	BNT	COVID	VIRUS	SARS	V	RNA	HE	3	3	1	1	2	0	ConditionCOVID
ChAd-BNT (V2  D3)	DOWN	ANTIMICROBIAL	3	BNT	COVID	VIRUS	SARS	V	RNA	HE	3	3	1	1	2	0	ConditionCOVID
ChAd-BNT (V2  D3)	DOWN	ANTIVIRAL & IFN	2	BNT	COVID	VIRUS	SARS	V	RNA	HE	3	3	1	1	2	0	ConditionCOVID
ChAd-BNT (V2  D3)	DOWN	ARPP	5	BNT	COVID	VIRUS	SARS	V	RNA	HE	3	3	1	1	2	0	ConditionCOVID
ChAd-BNT (V2  D3)	DOWN	B CELL	3	BNT	COVID	VIRUS	SARS	V	RNA	HE	3	3	1	1	2	0	ConditionCOVID
ChAd-BNT (V2  D3)	DOWN	CELLULAR ADAPTIVE IMMUNE SYSTEM	5	BNT	COVID	VIRUS	SARS	V	RNA	HE	3	3	1	1	2	0	ConditionCOVID
ChAd-BNT (V2  D3)	DOWN	COMPLEMENT	2	BNT	COVID	VIRUS	SARS	V	RNA	HE	3	3	1	1	2	0	ConditionCOVID
ChAd-BNT (V2  D3)	DOWN	DENDRITIC CELL	3	BNT	COVID	VIRUS	SARS	V	RNA	HE	3	3	1	1	2	0	ConditionCOVID
ChAd-BNT (V2  D3)	DOWN	EOSINOPHIL	2	BNT	COVID	VIRUS	SARS	V	RNA	HE	3	3	1	1	2	0	ConditionCOVID
ChAd-BNT (V2  D3)	DOWN	GENERAL	24	BNT	COVID	VIRUS	SARS	V	RNA	HE	3	3	1	1	2	0	ConditionCOVID
ChAd-BNT (V2  D3)	DOWN	HUMORAL ADAPTIVE IMMUNE SYSTEM	7	BNT	COVID	VIRUS	SARS	V	RNA	HE	3	3	1	1	2	0	ConditionCOVID
ChAd-BNT (V2  D3)	DOWN	IMMUNOGLOBULIN MEDIATED RESPONSE	3	BNT	COVID	VIRUS	SARS	V	RNA	HE	3	3	1	1	2	0	ConditionCOVID
ChAd-BNT (V2  D3)	DOWN	INFLAMMATION	1	BNT	COVID	VIRUS	SARS	V	RNA	HE	3	3	1	1	2	0	ConditionCOVID
ChAd-BNT (V2  D3)	DOWN	INNATE IMMUNE SYSTEM	23	BNT	COVID	VIRUS	SARS	V	RNA	HE	3	3	1	1	2	0	ConditionCOVID
ChAd-BNT (V2  D3)	DOWN	MONOCYTE	2	BNT	COVID	VIRUS	SARS	V	RNA	HE	3	3	1	1	2	0	ConditionCOVID
ChAd-BNT (V2  D3)	DOWN	NEUTROPHIL	7	BNT	COVID	VIRUS	SARS	V	RNA	HE	3	3	1	1	2	0	ConditionCOVID
ChAd-BNT (V2  D3)	DOWN	T CELL	4	BNT	COVID	VIRUS	SARS	V	RNA	HE	3	3	1	1	2	0	ConditionCOVID
ChAd-BNT (V2  D3)	UP	ADAPTIVE IMMUNE SYSTEM	23	BNT	COVID	VIRUS	SARS	V	RNA	HE	3	3	1	1	2	0	ConditionCOVID
ChAd-BNT (V2  D3)	UP	ANTIMICROBIAL	7	BNT	COVID	VIRUS	SARS	V	RNA	HE	3	3	1	1	2	0	ConditionCOVID
ChAd-BNT (V2  D3)	UP	ANTIVIRAL & IFN	21	BNT	COVID	VIRUS	SARS	V	RNA	HE	3	3	1	1	2	0	ConditionCOVID
ChAd-BNT (V2  D3)	UP	ARPP	14	BNT	COVID	VIRUS	SARS	V	RNA	HE	3	3	1	1	2	0	ConditionCOVID
ChAd-BNT (V2  D3)	UP	B CELL	6	BNT	COVID	VIRUS	SARS	V	RNA	HE	3	3	1	1	2	0	ConditionCOVID
ChAd-BNT (V2  D3)	UP	CELLULAR ADAPTIVE IMMUNE SYSTEM	10	BNT	COVID	VIRUS	SARS	V	RNA	HE	3	3	1	1	2	0	ConditionCOVID
ChAd-BNT (V2  D3)	UP	COMPLEMENT	5	BNT	COVID	VIRUS	SARS	V	RNA	HE	3	3	1	1	2	0	ConditionCOVID
ChAd-BNT (V2  D3)	UP	DENDRITIC CELL	1	BNT	COVID	VIRUS	SARS	V	RNA	HE	3	3	1	1	2	0	ConditionCOVID
ChAd-BNT (V2  D3)	UP	EOSINOPHIL	4	BNT	COVID	VIRUS	SARS	V	RNA	HE	3	3	1	1	2	0	ConditionCOVID
ChAd-BNT (V2  D3)	UP	GENERAL	60	BNT	COVID	VIRUS	SARS	V	RNA	HE	3	3	1	1	2	0	ConditionCOVID
ChAd-BNT (V2  D3)	UP	HUMORAL ADAPTIVE IMMUNE SYSTEM	16	BNT	COVID	VIRUS	SARS	V	RNA	HE	3	3	1	1	2	0	ConditionCOVID
ChAd-BNT (V2  D3)	UP	IMMUNOGLOBULIN MEDIATED RESPONSE	6	BNT	COVID	VIRUS	SARS	V	RNA	HE	3	3	1	1	2	0	ConditionCOVID
ChAd-BNT (V2  D3)	UP	INFLAMMATION	2	BNT	COVID	VIRUS	SARS	V	RNA	HE	3	3	1	1	2	0	ConditionCOVID
ChAd-BNT (V2  D3)	UP	INNATE IMMUNE SYSTEM	90	BNT	COVID	VIRUS	SARS	V	RNA	HE	3	3	1	1	2	0	ConditionCOVID
ChAd-BNT (V2  D3)	UP	MACROPHAGE	3	BNT	COVID	VIRUS	SARS	V	RNA	HE	3	3	1	1	2	0	ConditionCOVID
ChAd-BNT (V2  D3)	UP	MONOCYTE	5	BNT	COVID	VIRUS	SARS	V	RNA	HE	3	3	1	1	2	0	ConditionCOVID
ChAd-BNT (V2  D3)	UP	NEUTROPHIL	8	BNT	COVID	VIRUS	SARS	V	RNA	HE	3	3	1	1	2	0	ConditionCOVID
ChAd-BNT (V2  D3)	UP	NK CELL	1	BNT	COVID	VIRUS	SARS	V	RNA	HE	3	3	1	1	2	0	ConditionCOVID
ChAd-BNT (V2  D3)	UP	T CELL	7	BNT	COVID	VIRUS	SARS	V	RNA	HE	3	3	1	1	2	0	ConditionCOVID
ChAd-BNT (V2  D3)	UP	T HELPER CELLS	1	BNT	COVID	VIRUS	SARS	V	RNA	HE	3	3	1	1	2	0	ConditionCOVID
ChAd-BNT (V2  D7)	DOWN	ADAPTIVE IMMUNE SYSTEM	27	BNT	COVID	VIRUS	SARS	V	RNA	HE	7	7	1	1	2	0	ConditionCOVID
ChAd-BNT (V2  D7)	DOWN	ANTIMICROBIAL	10	BNT	COVID	VIRUS	SARS	V	RNA	HE	7	7	1	1	2	0	ConditionCOVID
ChAd-BNT (V2  D7)	DOWN	ANTIVIRAL & IFN	11	BNT	COVID	VIRUS	SARS	V	RNA	HE	7	7	1	1	2	0	ConditionCOVID
ChAd-BNT (V2  D7)	DOWN	ARPP	14	BNT	COVID	VIRUS	SARS	V	RNA	HE	7	7	1	1	2	0	ConditionCOVID
ChAd-BNT (V2  D7)	DOWN	B CELL	3	BNT	COVID	VIRUS	SARS	V	RNA	HE	7	7	1	1	2	0	ConditionCOVID
ChAd-BNT (V2  D7)	DOWN	CELLULAR ADAPTIVE IMMUNE SYSTEM	15	BNT	COVID	VIRUS	SARS	V	RNA	HE	7	7	1	1	2	0	ConditionCOVID
ChAd-BNT (V2  D7)	DOWN	COMPLEMENT	4	BNT	COVID	VIRUS	SARS	V	RNA	HE	7	7	1	1	2	0	ConditionCOVID
ChAd-BNT (V2  D7)	DOWN	DENDRITIC CELL	4	BNT	COVID	VIRUS	SARS	V	RNA	HE	7	7	1	1	2	0	ConditionCOVID
ChAd-BNT (V2  D7)	DOWN	EOSINOPHIL	8	BNT	COVID	VIRUS	SARS	V	RNA	HE	7	7	1	1	2	0	ConditionCOVID
ChAd-BNT (V2  D7)	DOWN	GENERAL	49	BNT	COVID	VIRUS	SARS	V	RNA	HE	7	7	1	1	2	0	ConditionCOVID
ChAd-BNT (V2  D7)	DOWN	HUMORAL ADAPTIVE IMMUNE SYSTEM	20	BNT	COVID	VIRUS	SARS	V	RNA	HE	7	7	1	1	2	0	ConditionCOVID
ChAd-BNT (V2  D7)	DOWN	IMMUNOGLOBULIN MEDIATED RESPONSE	3	BNT	COVID	VIRUS	SARS	V	RNA	HE	7	7	1	1	2	0	ConditionCOVID
ChAd-BNT (V2  D7)	DOWN	INFLAMMATION	2	BNT	COVID	VIRUS	SARS	V	RNA	HE	7	7	1	1	2	0	ConditionCOVID
ChAd-BNT (V2  D7)	DOWN	INNATE IMMUNE SYSTEM	79	BNT	COVID	VIRUS	SARS	V	RNA	HE	7	7	1	1	2	0	ConditionCOVID
ChAd-BNT (V2  D7)	DOWN	MACROPHAGE	2	BNT	COVID	VIRUS	SARS	V	RNA	HE	7	7	1	1	2	0	ConditionCOVID
ChAd-BNT (V2  D7)	DOWN	MONOCYTE	8	BNT	COVID	VIRUS	SARS	V	RNA	HE	7	7	1	1	2	0	ConditionCOVID
ChAd-BNT (V2  D7)	DOWN	NEUTROPHIL	20	BNT	COVID	VIRUS	SARS	V	RNA	HE	7	7	1	1	2	0	ConditionCOVID
ChAd-BNT (V2  D7)	DOWN	NK CELL	3	BNT	COVID	VIRUS	SARS	V	RNA	HE	7	7	1	1	2	0	ConditionCOVID
ChAd-BNT (V2  D7)	DOWN	T CELL	7	BNT	COVID	VIRUS	SARS	V	RNA	HE	7	7	1	1	2	0	ConditionCOVID
ChAd-BNT (V2  D7)	DOWN	T HELPER CELLS	4	BNT	COVID	VIRUS	SARS	V	RNA	HE	7	7	1	1	2	0	ConditionCOVID
ChAd-BNT (V2  D7)	UP	ADAPTIVE IMMUNE SYSTEM	7	BNT	COVID	VIRUS	SARS	V	RNA	HE	7	7	1	1	2	0	ConditionCOVID
ChAd-BNT (V2  D7)	UP	ARPP	1	BNT	COVID	VIRUS	SARS	V	RNA	HE	7	7	1	1	2	0	ConditionCOVID
ChAd-BNT (V2  D7)	UP	B CELL	2	BNT	COVID	VIRUS	SARS	V	RNA	HE	7	7	1	1	2	0	ConditionCOVID
ChAd-BNT (V2  D7)	UP	CELLULAR ADAPTIVE IMMUNE SYSTEM	3	BNT	COVID	VIRUS	SARS	V	RNA	HE	7	7	1	1	2	0	ConditionCOVID
ChAd-BNT (V2  D7)	UP	GENERAL	2	BNT	COVID	VIRUS	SARS	V	RNA	HE	7	7	1	1	2	0	ConditionCOVID
ChAd-BNT (V2  D7)	UP	HUMORAL ADAPTIVE IMMUNE SYSTEM	2	BNT	COVID	VIRUS	SARS	V	RNA	HE	7	7	1	1	2	0	ConditionCOVID
ChAd-BNT (V2  D7)	UP	IMMUNOGLOBULIN MEDIATED RESPONSE	2	BNT	COVID	VIRUS	SARS	V	RNA	HE	7	7	1	1	2	0	ConditionCOVID
ChAd-BNT (V2  D7)	UP	INNATE IMMUNE SYSTEM	3	BNT	COVID	VIRUS	SARS	V	RNA	HE	7	7	1	1	2	0	ConditionCOVID
ChAd-BNT (V2  D7)	UP	MONOCYTE	1	BNT	COVID	VIRUS	SARS	V	RNA	HE	7	7	1	1	2	0	ConditionCOVID
ChAd-BNT (V2  D7)	UP	NEUTROPHIL	2	BNT	COVID	VIRUS	SARS	V	RNA	HE	7	7	1	1	2	0	ConditionCOVID
ChAd-BNT (V2  D7)	UP	T CELL	2	BNT	COVID	VIRUS	SARS	V	RNA	HE	7	7	1	1	2	0	ConditionCOVID
ChAd-BNT (V3  D1)	DOWN	ADAPTIVE IMMUNE SYSTEM	12	BNT	COVID	VIRUS	SARS	V	RNA	HE	1	1	1	1	3	0	ConditionCOVID
ChAd-BNT (V3  D1)	DOWN	ANTIMICROBIAL	1	BNT	COVID	VIRUS	SARS	V	RNA	HE	1	1	1	1	3	0	ConditionCOVID
ChAd-BNT (V3  D1)	DOWN	ANTIVIRAL & IFN	1	BNT	COVID	VIRUS	SARS	V	RNA	HE	1	1	1	1	3	0	ConditionCOVID
ChAd-BNT (V3  D1)	DOWN	B CELL	1	BNT	COVID	VIRUS	SARS	V	RNA	HE	1	1	1	1	3	0	ConditionCOVID
ChAd-BNT (V3  D1)	DOWN	CELLULAR ADAPTIVE IMMUNE SYSTEM	9	BNT	COVID	VIRUS	SARS	V	RNA	HE	1	1	1	1	3	0	ConditionCOVID
ChAd-BNT (V3  D1)	DOWN	GENERAL	12	BNT	COVID	VIRUS	SARS	V	RNA	HE	1	1	1	1	3	0	ConditionCOVID
ChAd-BNT (V3  D1)	DOWN	HUMORAL ADAPTIVE IMMUNE SYSTEM	2	BNT	COVID	VIRUS	SARS	V	RNA	HE	1	1	1	1	3	0	ConditionCOVID
ChAd-BNT (V3  D1)	DOWN	IMMUNOGLOBULIN MEDIATED RESPONSE	1	BNT	COVID	VIRUS	SARS	V	RNA	HE	1	1	1	1	3	0	ConditionCOVID
ChAd-BNT (V3  D1)	DOWN	INFLAMMATION	1	BNT	COVID	VIRUS	SARS	V	RNA	HE	1	1	1	1	3	0	ConditionCOVID
ChAd-BNT (V3  D1)	DOWN	INNATE IMMUNE SYSTEM	3	BNT	COVID	VIRUS	SARS	V	RNA	HE	1	1	1	1	3	0	ConditionCOVID
ChAd-BNT (V3  D1)	DOWN	NK CELL	1	BNT	COVID	VIRUS	SARS	V	RNA	HE	1	1	1	1	3	0	ConditionCOVID
ChAd-BNT (V3  D1)	DOWN	T CELL	8	BNT	COVID	VIRUS	SARS	V	RNA	HE	1	1	1	1	3	0	ConditionCOVID
ChAd-BNT (V3  D1)	UP	ADAPTIVE IMMUNE SYSTEM	42	BNT	COVID	VIRUS	SARS	V	RNA	HE	1	1	1	1	3	0	ConditionCOVID
ChAd-BNT (V3  D1)	UP	ANTIMICROBIAL	4	BNT	COVID	VIRUS	SARS	V	RNA	HE	1	1	1	1	3	0	ConditionCOVID
ChAd-BNT (V3  D1)	UP	ANTIVIRAL & IFN	26	BNT	COVID	VIRUS	SARS	V	RNA	HE	1	1	1	1	3	0	ConditionCOVID
ChAd-BNT (V3  D1)	UP	ARPP	24	BNT	COVID	VIRUS	SARS	V	RNA	HE	1	1	1	1	3	0	ConditionCOVID
ChAd-BNT (V3  D1)	UP	B CELL	13	BNT	COVID	VIRUS	SARS	V	RNA	HE	1	1	1	1	3	0	ConditionCOVID
ChAd-BNT (V3  D1)	UP	CELLULAR ADAPTIVE IMMUNE SYSTEM	13	BNT	COVID	VIRUS	SARS	V	RNA	HE	1	1	1	1	3	0	ConditionCOVID
ChAd-BNT (V3  D1)	UP	COMPLEMENT	3	BNT	COVID	VIRUS	SARS	V	RNA	HE	1	1	1	1	3	0	ConditionCOVID
ChAd-BNT (V3  D1)	UP	DENDRITIC CELL	2	BNT	COVID	VIRUS	SARS	V	RNA	HE	1	1	1	1	3	0	ConditionCOVID
ChAd-BNT (V3  D1)	UP	EOSINOPHIL	5	BNT	COVID	VIRUS	SARS	V	RNA	HE	1	1	1	1	3	0	ConditionCOVID
ChAd-BNT (V3  D1)	UP	GENERAL	80	BNT	COVID	VIRUS	SARS	V	RNA	HE	1	1	1	1	3	0	ConditionCOVID
ChAd-BNT (V3  D1)	UP	HUMORAL ADAPTIVE IMMUNE SYSTEM	19	BNT	COVID	VIRUS	SARS	V	RNA	HE	1	1	1	1	3	0	ConditionCOVID
ChAd-BNT (V3  D1)	UP	IMMUNOGLOBULIN MEDIATED RESPONSE	13	BNT	COVID	VIRUS	SARS	V	RNA	HE	1	1	1	1	3	0	ConditionCOVID
ChAd-BNT (V3  D1)	UP	INFLAMMATION	2	BNT	COVID	VIRUS	SARS	V	RNA	HE	1	1	1	1	3	0	ConditionCOVID
ChAd-BNT (V3  D1)	UP	INNATE IMMUNE SYSTEM	141	BNT	COVID	VIRUS	SARS	V	RNA	HE	1	1	1	1	3	0	ConditionCOVID
ChAd-BNT (V3  D1)	UP	MACROPHAGE	3	BNT	COVID	VIRUS	SARS	V	RNA	HE	1	1	1	1	3	0	ConditionCOVID
ChAd-BNT (V3  D1)	UP	MAST CELL	1	BNT	COVID	VIRUS	SARS	V	RNA	HE	1	1	1	1	3	0	ConditionCOVID
ChAd-BNT (V3  D1)	UP	MONOCYTE	4	BNT	COVID	VIRUS	SARS	V	RNA	HE	1	1	1	1	3	0	ConditionCOVID
ChAd-BNT (V3  D1)	UP	NEUTROPHIL	10	BNT	COVID	VIRUS	SARS	V	RNA	HE	1	1	1	1	3	0	ConditionCOVID
ChAd-BNT (V3  D1)	UP	NK CELL	3	BNT	COVID	VIRUS	SARS	V	RNA	HE	1	1	1	1	3	0	ConditionCOVID
ChAd-BNT (V3  D1)	UP	T CELL	12	BNT	COVID	VIRUS	SARS	V	RNA	HE	1	1	1	1	3	0	ConditionCOVID
I (D10  moderate)	DOWN	ADAPTIVE IMMUNE SYSTEM	147	I	COVID	VIRUS	SARS	I	I	I	10	10	1	2	0	1	ConditionCOVID
I (D10  moderate)	DOWN	ANTIMICROBIAL	2	I	COVID	VIRUS	SARS	I	I	I	10	10	1	2	0	1	ConditionCOVID
I (D10  moderate)	DOWN	ANTIVIRAL & IFN	4	I	COVID	VIRUS	SARS	I	I	I	10	10	1	2	0	1	ConditionCOVID
I (D10  moderate)	DOWN	ARPP	15	I	COVID	VIRUS	SARS	I	I	I	10	10	1	2	0	1	ConditionCOVID
I (D10  moderate)	DOWN	B CELL	25	I	COVID	VIRUS	SARS	I	I	I	10	10	1	2	0	1	ConditionCOVID
I (D10  moderate)	DOWN	CELLULAR ADAPTIVE IMMUNE SYSTEM	95	I	COVID	VIRUS	SARS	I	I	I	10	10	1	2	0	1	ConditionCOVID
I (D10  moderate)	DOWN	COMPLEMENT	1	I	COVID	VIRUS	SARS	I	I	I	10	10	1	2	0	1	ConditionCOVID
I (D10  moderate)	DOWN	DENDRITIC CELL	6	I	COVID	VIRUS	SARS	I	I	I	10	10	1	2	0	1	ConditionCOVID
I (D10  moderate)	DOWN	EOSINOPHIL	2	I	COVID	VIRUS	SARS	I	I	I	10	10	1	2	0	1	ConditionCOVID
I (D10  moderate)	DOWN	GENERAL	88	I	COVID	VIRUS	SARS	I	I	I	10	10	1	2	0	1	ConditionCOVID
I (D10  moderate)	DOWN	HUMORAL ADAPTIVE IMMUNE SYSTEM	33	I	COVID	VIRUS	SARS	I	I	I	10	10	1	2	0	1	ConditionCOVID
I (D10  moderate)	DOWN	IMMUNOGLOBULIN MEDIATED RESPONSE	25	I	COVID	VIRUS	SARS	I	I	I	10	10	1	2	0	1	ConditionCOVID
I (D10  moderate)	DOWN	INFLAMMATION	3	I	COVID	VIRUS	SARS	I	I	I	10	10	1	2	0	1	ConditionCOVID
I (D10  moderate)	DOWN	INNATE IMMUNE SYSTEM	63	I	COVID	VIRUS	SARS	I	I	I	10	10	1	2	0	1	ConditionCOVID
I (D10  moderate)	DOWN	MACROPHAGE	3	I	COVID	VIRUS	SARS	I	I	I	10	10	1	2	0	1	ConditionCOVID
I (D10  moderate)	DOWN	MAST CELL	2	I	COVID	VIRUS	SARS	I	I	I	10	10	1	2	0	1	ConditionCOVID
I (D10  moderate)	DOWN	MONOCYTE	1	I	COVID	VIRUS	SARS	I	I	I	10	10	1	2	0	1	ConditionCOVID
I (D10  moderate)	DOWN	NEUTROPHIL	6	I	COVID	VIRUS	SARS	I	I	I	10	10	1	2	0	1	ConditionCOVID
I (D10  moderate)	DOWN	NK CELL	5	I	COVID	VIRUS	SARS	I	I	I	10	10	1	2	0	1	ConditionCOVID
I (D10  moderate)	DOWN	T CELL	85	I	COVID	VIRUS	SARS	I	I	I	10	10	1	2	0	1	ConditionCOVID
I (D10  moderate)	DOWN	T HELPER CELLS	6	I	COVID	VIRUS	SARS	I	I	I	10	10	1	2	0	1	ConditionCOVID
I (D10  moderate)	UP	ADAPTIVE IMMUNE SYSTEM	67	I	COVID	VIRUS	SARS	I	I	I	10	10	1	2	0	1	ConditionCOVID
I (D10  moderate)	UP	ANTIMICROBIAL	14	I	COVID	VIRUS	SARS	I	I	I	10	10	1	2	0	1	ConditionCOVID
I (D10  moderate)	UP	ANTIVIRAL & IFN	24	I	COVID	VIRUS	SARS	I	I	I	10	10	1	2	0	1	ConditionCOVID
I (D10  moderate)	UP	ARPP	27	I	COVID	VIRUS	SARS	I	I	I	10	10	1	2	0	1	ConditionCOVID
I (D10  moderate)	UP	B CELL	23	I	COVID	VIRUS	SARS	I	I	I	10	10	1	2	0	1	ConditionCOVID
I (D10  moderate)	UP	CELLULAR ADAPTIVE IMMUNE SYSTEM	22	I	COVID	VIRUS	SARS	I	I	I	10	10	1	2	0	1	ConditionCOVID
I (D10  moderate)	UP	COMPLEMENT	7	I	COVID	VIRUS	SARS	I	I	I	10	10	1	2	0	1	ConditionCOVID
I (D10  moderate)	UP	DENDRITIC CELL	1	I	COVID	VIRUS	SARS	I	I	I	10	10	1	2	0	1	ConditionCOVID
I (D10  moderate)	UP	GENERAL	94	I	COVID	VIRUS	SARS	I	I	I	10	10	1	2	0	1	ConditionCOVID
I (D10  moderate)	UP	HUMORAL ADAPTIVE IMMUNE SYSTEM	48	I	COVID	VIRUS	SARS	I	I	I	10	10	1	2	0	1	ConditionCOVID
I (D10  moderate)	UP	IMMUNOGLOBULIN MEDIATED RESPONSE	23	I	COVID	VIRUS	SARS	I	I	I	10	10	1	2	0	1	ConditionCOVID
I (D10  moderate)	UP	INFLAMMATION	3	I	COVID	VIRUS	SARS	I	I	I	10	10	1	2	0	1	ConditionCOVID
I (D10  moderate)	UP	INNATE IMMUNE SYSTEM	149	I	COVID	VIRUS	SARS	I	I	I	10	10	1	2	0	1	ConditionCOVID
I (D10  moderate)	UP	MACROPHAGE	5	I	COVID	VIRUS	SARS	I	I	I	10	10	1	2	0	1	ConditionCOVID
I (D10  moderate)	UP	MAST CELL	3	I	COVID	VIRUS	SARS	I	I	I	10	10	1	2	0	1	ConditionCOVID
I (D10  moderate)	UP	MONOCYTE	3	I	COVID	VIRUS	SARS	I	I	I	10	10	1	2	0	1	ConditionCOVID
I (D10  moderate)	UP	NEUTROPHIL	16	I	COVID	VIRUS	SARS	I	I	I	10	10	1	2	0	1	ConditionCOVID
I (D10  moderate)	UP	NK CELL	4	I	COVID	VIRUS	SARS	I	I	I	10	10	1	2	0	1	ConditionCOVID
I (D10  moderate)	UP	T CELL	14	I	COVID	VIRUS	SARS	I	I	I	10	10	1	2	0	1	ConditionCOVID
I (D10  moderate)	UP	T HELPER CELLS	4	I	COVID	VIRUS	SARS	I	I	I	10	10	1	2	0	1	ConditionCOVID
I (D10  severe)	DOWN	ADAPTIVE IMMUNE SYSTEM	136	I	COVID	VIRUS	SARS	I	I	I	10	10	1	2	0	1	ConditionCOVID
I (D10  severe)	DOWN	ANTIVIRAL & IFN	5	I	COVID	VIRUS	SARS	I	I	I	10	10	1	2	0	1	ConditionCOVID
I (D10  severe)	DOWN	ARPP	17	I	COVID	VIRUS	SARS	I	I	I	10	10	1	2	0	1	ConditionCOVID
I (D10  severe)	DOWN	B CELL	26	I	COVID	VIRUS	SARS	I	I	I	10	10	1	2	0	1	ConditionCOVID
I (D10  severe)	DOWN	CELLULAR ADAPTIVE IMMUNE SYSTEM	88	I	COVID	VIRUS	SARS	I	I	I	10	10	1	2	0	1	ConditionCOVID
I (D10  severe)	DOWN	COMPLEMENT	2	I	COVID	VIRUS	SARS	I	I	I	10	10	1	2	0	1	ConditionCOVID
I (D10  severe)	DOWN	DENDRITIC CELL	7	I	COVID	VIRUS	SARS	I	I	I	10	10	1	2	0	1	ConditionCOVID
I (D10  severe)	DOWN	EOSINOPHIL	2	I	COVID	VIRUS	SARS	I	I	I	10	10	1	2	0	1	ConditionCOVID
I (D10  severe)	DOWN	GENERAL	93	I	COVID	VIRUS	SARS	I	I	I	10	10	1	2	0	1	ConditionCOVID
I (D10  severe)	DOWN	HUMORAL ADAPTIVE IMMUNE SYSTEM	32	I	COVID	VIRUS	SARS	I	I	I	10	10	1	2	0	1	ConditionCOVID
I (D10  severe)	DOWN	IMMUNOGLOBULIN MEDIATED RESPONSE	26	I	COVID	VIRUS	SARS	I	I	I	10	10	1	2	0	1	ConditionCOVID
I (D10  severe)	DOWN	INFLAMMATION	5	I	COVID	VIRUS	SARS	I	I	I	10	10	1	2	0	1	ConditionCOVID
I (D10  severe)	DOWN	INNATE IMMUNE SYSTEM	76	I	COVID	VIRUS	SARS	I	I	I	10	10	1	2	0	1	ConditionCOVID
I (D10  severe)	DOWN	MACROPHAGE	4	I	COVID	VIRUS	SARS	I	I	I	10	10	1	2	0	1	ConditionCOVID
I (D10  severe)	DOWN	MAST CELL	2	I	COVID	VIRUS	SARS	I	I	I	10	10	1	2	0	1	ConditionCOVID
I (D10  severe)	DOWN	MONOCYTE	3	I	COVID	VIRUS	SARS	I	I	I	10	10	1	2	0	1	ConditionCOVID
I (D10  severe)	DOWN	NEUTROPHIL	3	I	COVID	VIRUS	SARS	I	I	I	10	10	1	2	0	1	ConditionCOVID
I (D10  severe)	DOWN	NK CELL	2	I	COVID	VIRUS	SARS	I	I	I	10	10	1	2	0	1	ConditionCOVID
I (D10  severe)	DOWN	T CELL	77	I	COVID	VIRUS	SARS	I	I	I	10	10	1	2	0	1	ConditionCOVID
I (D10  severe)	DOWN	T HELPER CELLS	7	I	COVID	VIRUS	SARS	I	I	I	10	10	1	2	0	1	ConditionCOVID
I (D10  severe)	UP	ADAPTIVE IMMUNE SYSTEM	117	I	COVID	VIRUS	SARS	I	I	I	10	10	1	2	0	1	ConditionCOVID
I (D10  severe)	UP	ANTIMICROBIAL	12	I	COVID	VIRUS	SARS	I	I	I	10	10	1	2	0	1	ConditionCOVID
I (D10  severe)	UP	ANTIVIRAL & IFN	24	I	COVID	VIRUS	SARS	I	I	I	10	10	1	2	0	1	ConditionCOVID
I (D10  severe)	UP	ARPP	23	I	COVID	VIRUS	SARS	I	I	I	10	10	1	2	0	1	ConditionCOVID
I (D10  severe)	UP	B CELL	31	I	COVID	VIRUS	SARS	I	I	I	10	10	1	2	0	1	ConditionCOVID
I (D10  severe)	UP	CELLULAR ADAPTIVE IMMUNE SYSTEM	59	I	COVID	VIRUS	SARS	I	I	I	10	10	1	2	0	1	ConditionCOVID
I (D10  severe)	UP	COMPLEMENT	9	I	COVID	VIRUS	SARS	I	I	I	10	10	1	2	0	1	ConditionCOVID
I (D10  severe)	UP	DENDRITIC CELL	4	I	COVID	VIRUS	SARS	I	I	I	10	10	1	2	0	1	ConditionCOVID
I (D10  severe)	UP	EOSINOPHIL	1	I	COVID	VIRUS	SARS	I	I	I	10	10	1	2	0	1	ConditionCOVID
I (D10  severe)	UP	GENERAL	96	I	COVID	VIRUS	SARS	I	I	I	10	10	1	2	0	1	ConditionCOVID
I (D10  severe)	UP	HUMORAL ADAPTIVE IMMUNE SYSTEM	55	I	COVID	VIRUS	SARS	I	I	I	10	10	1	2	0	1	ConditionCOVID
I (D10  severe)	UP	IMMUNOGLOBULIN MEDIATED RESPONSE	31	I	COVID	VIRUS	SARS	I	I	I	10	10	1	2	0	1	ConditionCOVID
I (D10  severe)	UP	INFLAMMATION	5	I	COVID	VIRUS	SARS	I	I	I	10	10	1	2	0	1	ConditionCOVID
I (D10  severe)	UP	INNATE IMMUNE SYSTEM	162	I	COVID	VIRUS	SARS	I	I	I	10	10	1	2	0	1	ConditionCOVID
I (D10  severe)	UP	MACROPHAGE	4	I	COVID	VIRUS	SARS	I	I	I	10	10	1	2	0	1	ConditionCOVID
I (D10  severe)	UP	MAST CELL	9	I	COVID	VIRUS	SARS	I	I	I	10	10	1	2	0	1	ConditionCOVID
I (D10  severe)	UP	MONOCYTE	5	I	COVID	VIRUS	SARS	I	I	I	10	10	1	2	0	1	ConditionCOVID
I (D10  severe)	UP	NEUTROPHIL	18	I	COVID	VIRUS	SARS	I	I	I	10	10	1	2	0	1	ConditionCOVID
I (D10  severe)	UP	NK CELL	9	I	COVID	VIRUS	SARS	I	I	I	10	10	1	2	0	1	ConditionCOVID
I (D10  severe)	UP	T CELL	41	I	COVID	VIRUS	SARS	I	I	I	10	10	1	2	0	1	ConditionCOVID
I (D10  severe)	UP	T HELPER CELLS	11	I	COVID	VIRUS	SARS	I	I	I	10	10	1	2	0	1	ConditionCOVID
I (D26  moderate)	DOWN	ADAPTIVE IMMUNE SYSTEM	118	I	COVID	VIRUS	SARS	I	I	I	26	26	1	4	0	1	ConditionCOVID
I (D26  moderate)	DOWN	ANTIVIRAL & IFN	1	I	COVID	VIRUS	SARS	I	I	I	26	26	1	4	0	1	ConditionCOVID
I (D26  moderate)	DOWN	ARPP	8	I	COVID	VIRUS	SARS	I	I	I	26	26	1	4	0	1	ConditionCOVID
I (D26  moderate)	DOWN	B CELL	18	I	COVID	VIRUS	SARS	I	I	I	26	26	1	4	0	1	ConditionCOVID
I (D26  moderate)	DOWN	CELLULAR ADAPTIVE IMMUNE SYSTEM	78	I	COVID	VIRUS	SARS	I	I	I	26	26	1	4	0	1	ConditionCOVID
I (D26  moderate)	DOWN	COMPLEMENT	3	I	COVID	VIRUS	SARS	I	I	I	26	26	1	4	0	1	ConditionCOVID
I (D26  moderate)	DOWN	DENDRITIC CELL	4	I	COVID	VIRUS	SARS	I	I	I	26	26	1	4	0	1	ConditionCOVID
I (D26  moderate)	DOWN	EOSINOPHIL	1	I	COVID	VIRUS	SARS	I	I	I	26	26	1	4	0	1	ConditionCOVID
I (D26  moderate)	DOWN	GENERAL	64	I	COVID	VIRUS	SARS	I	I	I	26	26	1	4	0	1	ConditionCOVID
I (D26  moderate)	DOWN	HUMORAL ADAPTIVE IMMUNE SYSTEM	22	I	COVID	VIRUS	SARS	I	I	I	26	26	1	4	0	1	ConditionCOVID
I (D26  moderate)	DOWN	IMMUNOGLOBULIN MEDIATED RESPONSE	18	I	COVID	VIRUS	SARS	I	I	I	26	26	1	4	0	1	ConditionCOVID
I (D26  moderate)	DOWN	INFLAMMATION	2	I	COVID	VIRUS	SARS	I	I	I	26	26	1	4	0	1	ConditionCOVID
I (D26  moderate)	DOWN	INNATE IMMUNE SYSTEM	35	I	COVID	VIRUS	SARS	I	I	I	26	26	1	4	0	1	ConditionCOVID
I (D26  moderate)	DOWN	MACROPHAGE	1	I	COVID	VIRUS	SARS	I	I	I	26	26	1	4	0	1	ConditionCOVID
I (D26  moderate)	DOWN	MAST CELL	2	I	COVID	VIRUS	SARS	I	I	I	26	26	1	4	0	1	ConditionCOVID
I (D26  moderate)	DOWN	NEUTROPHIL	1	I	COVID	VIRUS	SARS	I	I	I	26	26	1	4	0	1	ConditionCOVID
I (D26  moderate)	DOWN	NK CELL	7	I	COVID	VIRUS	SARS	I	I	I	26	26	1	4	0	1	ConditionCOVID
I (D26  moderate)	DOWN	T CELL	71	I	COVID	VIRUS	SARS	I	I	I	26	26	1	4	0	1	ConditionCOVID
I (D26  moderate)	DOWN	T HELPER CELLS	4	I	COVID	VIRUS	SARS	I	I	I	26	26	1	4	0	1	ConditionCOVID
I (D26  moderate)	UP	ADAPTIVE IMMUNE SYSTEM	37	I	COVID	VIRUS	SARS	I	I	I	26	26	1	4	0	1	ConditionCOVID
I (D26  moderate)	UP	ANTIMICROBIAL	13	I	COVID	VIRUS	SARS	I	I	I	26	26	1	4	0	1	ConditionCOVID
I (D26  moderate)	UP	ANTIVIRAL & IFN	6	I	COVID	VIRUS	SARS	I	I	I	26	26	1	4	0	1	ConditionCOVID
I (D26  moderate)	UP	ARPP	14	I	COVID	VIRUS	SARS	I	I	I	26	26	1	4	0	1	ConditionCOVID
I (D26  moderate)	UP	B CELL	11	I	COVID	VIRUS	SARS	I	I	I	26	26	1	4	0	1	ConditionCOVID
I (D26  moderate)	UP	CELLULAR ADAPTIVE IMMUNE SYSTEM	19	I	COVID	VIRUS	SARS	I	I	I	26	26	1	4	0	1	ConditionCOVID
I (D26  moderate)	UP	COMPLEMENT	7	I	COVID	VIRUS	SARS	I	I	I	26	26	1	4	0	1	ConditionCOVID
I (D26  moderate)	UP	DENDRITIC CELL	1	I	COVID	VIRUS	SARS	I	I	I	26	26	1	4	0	1	ConditionCOVID
I (D26  moderate)	UP	GENERAL	67	I	COVID	VIRUS	SARS	I	I	I	26	26	1	4	0	1	ConditionCOVID
I (D26  moderate)	UP	HUMORAL ADAPTIVE IMMUNE SYSTEM	34	I	COVID	VIRUS	SARS	I	I	I	26	26	1	4	0	1	ConditionCOVID
I (D26  moderate)	UP	IMMUNOGLOBULIN MEDIATED RESPONSE	11	I	COVID	VIRUS	SARS	I	I	I	26	26	1	4	0	1	ConditionCOVID
I (D26  moderate)	UP	INFLAMMATION	3	I	COVID	VIRUS	SARS	I	I	I	26	26	1	4	0	1	ConditionCOVID
I (D26  moderate)	UP	INNATE IMMUNE SYSTEM	90	I	COVID	VIRUS	SARS	I	I	I	26	26	1	4	0	1	ConditionCOVID
I (D26  moderate)	UP	MACROPHAGE	4	I	COVID	VIRUS	SARS	I	I	I	26	26	1	4	0	1	ConditionCOVID
I (D26  moderate)	UP	MAST CELL	4	I	COVID	VIRUS	SARS	I	I	I	26	26	1	4	0	1	ConditionCOVID
I (D26  moderate)	UP	MONOCYTE	4	I	COVID	VIRUS	SARS	I	I	I	26	26	1	4	0	1	ConditionCOVID
I (D26  moderate)	UP	NEUTROPHIL	19	I	COVID	VIRUS	SARS	I	I	I	26	26	1	4	0	1	ConditionCOVID
I (D26  moderate)	UP	NK CELL	1	I	COVID	VIRUS	SARS	I	I	I	26	26	1	4	0	1	ConditionCOVID
I (D26  moderate)	UP	T CELL	11	I	COVID	VIRUS	SARS	I	I	I	26	26	1	4	0	1	ConditionCOVID
I (D26  moderate)	UP	T HELPER CELLS	2	I	COVID	VIRUS	SARS	I	I	I	26	26	1	4	0	1	ConditionCOVID
I (D26  severe)	DOWN	ADAPTIVE IMMUNE SYSTEM	148	I	COVID	VIRUS	SARS	I	I	I	26	26	1	4	0	1	ConditionCOVID
I (D26  severe)	DOWN	ANTIMICROBIAL	3	I	COVID	VIRUS	SARS	I	I	I	26	26	1	4	0	1	ConditionCOVID
I (D26  severe)	DOWN	ANTIVIRAL & IFN	4	I	COVID	VIRUS	SARS	I	I	I	26	26	1	4	0	1	ConditionCOVID
I (D26  severe)	DOWN	ARPP	13	I	COVID	VIRUS	SARS	I	I	I	26	26	1	4	0	1	ConditionCOVID
I (D26  severe)	DOWN	B CELL	24	I	COVID	VIRUS	SARS	I	I	I	26	26	1	4	0	1	ConditionCOVID
I (D26  severe)	DOWN	CELLULAR ADAPTIVE IMMUNE SYSTEM	99	I	COVID	VIRUS	SARS	I	I	I	26	26	1	4	0	1	ConditionCOVID
I (D26  severe)	DOWN	COMPLEMENT	3	I	COVID	VIRUS	SARS	I	I	I	26	26	1	4	0	1	ConditionCOVID
I (D26  severe)	DOWN	DENDRITIC CELL	4	I	COVID	VIRUS	SARS	I	I	I	26	26	1	4	0	1	ConditionCOVID
I (D26  severe)	DOWN	EOSINOPHIL	1	I	COVID	VIRUS	SARS	I	I	I	26	26	1	4	0	1	ConditionCOVID
I (D26  severe)	DOWN	GENERAL	94	I	COVID	VIRUS	SARS	I	I	I	26	26	1	4	0	1	ConditionCOVID
I (D26  severe)	DOWN	HUMORAL ADAPTIVE IMMUNE SYSTEM	31	I	COVID	VIRUS	SARS	I	I	I	26	26	1	4	0	1	ConditionCOVID
I (D26  severe)	DOWN	IMMUNOGLOBULIN MEDIATED RESPONSE	24	I	COVID	VIRUS	SARS	I	I	I	26	26	1	4	0	1	ConditionCOVID
I (D26  severe)	DOWN	INFLAMMATION	3	I	COVID	VIRUS	SARS	I	I	I	26	26	1	4	0	1	ConditionCOVID
I (D26  severe)	DOWN	INNATE IMMUNE SYSTEM	72	I	COVID	VIRUS	SARS	I	I	I	26	26	1	4	0	1	ConditionCOVID
I (D26  severe)	DOWN	MACROPHAGE	3	I	COVID	VIRUS	SARS	I	I	I	26	26	1	4	0	1	ConditionCOVID
I (D26  severe)	DOWN	MAST CELL	2	I	COVID	VIRUS	SARS	I	I	I	26	26	1	4	0	1	ConditionCOVID
I (D26  severe)	DOWN	NEUTROPHIL	4	I	COVID	VIRUS	SARS	I	I	I	26	26	1	4	0	1	ConditionCOVID
I (D26  severe)	DOWN	NK CELL	6	I	COVID	VIRUS	SARS	I	I	I	26	26	1	4	0	1	ConditionCOVID
I (D26  severe)	DOWN	T CELL	85	I	COVID	VIRUS	SARS	I	I	I	26	26	1	4	0	1	ConditionCOVID
I (D26  severe)	DOWN	T HELPER CELLS	5	I	COVID	VIRUS	SARS	I	I	I	26	26	1	4	0	1	ConditionCOVID
I (D26  severe)	UP	ADAPTIVE IMMUNE SYSTEM	77	I	COVID	VIRUS	SARS	I	I	I	26	26	1	4	0	1	ConditionCOVID
I (D26  severe)	UP	ANTIMICROBIAL	13	I	COVID	VIRUS	SARS	I	I	I	26	26	1	4	0	1	ConditionCOVID
I (D26  severe)	UP	ANTIVIRAL & IFN	14	I	COVID	VIRUS	SARS	I	I	I	26	26	1	4	0	1	ConditionCOVID
I (D26  severe)	UP	ARPP	16	I	COVID	VIRUS	SARS	I	I	I	26	26	1	4	0	1	ConditionCOVID
I (D26  severe)	UP	B CELL	23	I	COVID	VIRUS	SARS	I	I	I	26	26	1	4	0	1	ConditionCOVID
I (D26  severe)	UP	CELLULAR ADAPTIVE IMMUNE SYSTEM	32	I	COVID	VIRUS	SARS	I	I	I	26	26	1	4	0	1	ConditionCOVID
I (D26  severe)	UP	COMPLEMENT	6	I	COVID	VIRUS	SARS	I	I	I	26	26	1	4	0	1	ConditionCOVID
I (D26  severe)	UP	DENDRITIC CELL	2	I	COVID	VIRUS	SARS	I	I	I	26	26	1	4	0	1	ConditionCOVID
I (D26  severe)	UP	GENERAL	76	I	COVID	VIRUS	SARS	I	I	I	26	26	1	4	0	1	ConditionCOVID
I (D26  severe)	UP	HUMORAL ADAPTIVE IMMUNE SYSTEM	48	I	COVID	VIRUS	SARS	I	I	I	26	26	1	4	0	1	ConditionCOVID
I (D26  severe)	UP	IMMUNOGLOBULIN MEDIATED RESPONSE	23	I	COVID	VIRUS	SARS	I	I	I	26	26	1	4	0	1	ConditionCOVID
I (D26  severe)	UP	INFLAMMATION	4	I	COVID	VIRUS	SARS	I	I	I	26	26	1	4	0	1	ConditionCOVID
I (D26  severe)	UP	INNATE IMMUNE SYSTEM	105	I	COVID	VIRUS	SARS	I	I	I	26	26	1	4	0	1	ConditionCOVID
I (D26  severe)	UP	MACROPHAGE	2	I	COVID	VIRUS	SARS	I	I	I	26	26	1	4	0	1	ConditionCOVID
I (D26  severe)	UP	MAST CELL	5	I	COVID	VIRUS	SARS	I	I	I	26	26	1	4	0	1	ConditionCOVID
I (D26  severe)	UP	MONOCYTE	4	I	COVID	VIRUS	SARS	I	I	I	26	26	1	4	0	1	ConditionCOVID
I (D26  severe)	UP	NEUTROPHIL	16	I	COVID	VIRUS	SARS	I	I	I	26	26	1	4	0	1	ConditionCOVID
I (D26  severe)	UP	NK CELL	2	I	COVID	VIRUS	SARS	I	I	I	26	26	1	4	0	1	ConditionCOVID
I (D26  severe)	UP	T CELL	23	I	COVID	VIRUS	SARS	I	I	I	26	26	1	4	0	1	ConditionCOVID
I (D26  severe)	UP	T HELPER CELLS	6	I	COVID	VIRUS	SARS	I	I	I	26	26	1	4	0	1	ConditionCOVID
I (D51  moderate)	UP	ADAPTIVE IMMUNE SYSTEM	1	I	COVID	VIRUS	SARS	I	I	I	51	21	2	7	0	1	ConditionCOVID
I (D51  moderate)	UP	ANTIMICROBIAL	1	I	COVID	VIRUS	SARS	I	I	I	51	21	2	7	0	1	ConditionCOVID
I (D51  moderate)	UP	CELLULAR ADAPTIVE IMMUNE SYSTEM	1	I	COVID	VIRUS	SARS	I	I	I	51	21	2	7	0	1	ConditionCOVID
I (D51  moderate)	UP	GENERAL	4	I	COVID	VIRUS	SARS	I	I	I	51	21	2	7	0	1	ConditionCOVID
I (D51  moderate)	UP	HUMORAL ADAPTIVE IMMUNE SYSTEM	3	I	COVID	VIRUS	SARS	I	I	I	51	21	2	7	0	1	ConditionCOVID
I (D51  moderate)	UP	INNATE IMMUNE SYSTEM	4	I	COVID	VIRUS	SARS	I	I	I	51	21	2	7	0	1	ConditionCOVID
I (D51  severe)	DOWN	ADAPTIVE IMMUNE SYSTEM	48	I	COVID	VIRUS	SARS	I	I	I	51	21	2	7	0	1	ConditionCOVID
I (D51  severe)	DOWN	ANTIVIRAL & IFN	1	I	COVID	VIRUS	SARS	I	I	I	51	21	2	7	0	1	ConditionCOVID
I (D51  severe)	DOWN	ARPP	4	I	COVID	VIRUS	SARS	I	I	I	51	21	2	7	0	1	ConditionCOVID
I (D51  severe)	DOWN	B CELL	8	I	COVID	VIRUS	SARS	I	I	I	51	21	2	7	0	1	ConditionCOVID
I (D51  severe)	DOWN	CELLULAR ADAPTIVE IMMUNE SYSTEM	32	I	COVID	VIRUS	SARS	I	I	I	51	21	2	7	0	1	ConditionCOVID
I (D51  severe)	DOWN	COMPLEMENT	1	I	COVID	VIRUS	SARS	I	I	I	51	21	2	7	0	1	ConditionCOVID
I (D51  severe)	DOWN	DENDRITIC CELL	3	I	COVID	VIRUS	SARS	I	I	I	51	21	2	7	0	1	ConditionCOVID
I (D51  severe)	DOWN	EOSINOPHIL	1	I	COVID	VIRUS	SARS	I	I	I	51	21	2	7	0	1	ConditionCOVID
I (D51  severe)	DOWN	GENERAL	25	I	COVID	VIRUS	SARS	I	I	I	51	21	2	7	0	1	ConditionCOVID
I (D51  severe)	DOWN	HUMORAL ADAPTIVE IMMUNE SYSTEM	10	I	COVID	VIRUS	SARS	I	I	I	51	21	2	7	0	1	ConditionCOVID
I (D51  severe)	DOWN	IMMUNOGLOBULIN MEDIATED RESPONSE	8	I	COVID	VIRUS	SARS	I	I	I	51	21	2	7	0	1	ConditionCOVID
I (D51  severe)	DOWN	INNATE IMMUNE SYSTEM	14	I	COVID	VIRUS	SARS	I	I	I	51	21	2	7	0	1	ConditionCOVID
I (D51  severe)	DOWN	MAST CELL	1	I	COVID	VIRUS	SARS	I	I	I	51	21	2	7	0	1	ConditionCOVID
I (D51  severe)	DOWN	T CELL	28	I	COVID	VIRUS	SARS	I	I	I	51	21	2	7	0	1	ConditionCOVID
I (D51  severe)	DOWN	T HELPER CELLS	2	I	COVID	VIRUS	SARS	I	I	I	51	21	2	7	0	1	ConditionCOVID
I (D51  severe)	UP	ADAPTIVE IMMUNE SYSTEM	101	I	COVID	VIRUS	SARS	I	I	I	51	21	2	7	0	1	ConditionCOVID
I (D51  severe)	UP	ANTIMICROBIAL	16	I	COVID	VIRUS	SARS	I	I	I	51	21	2	7	0	1	ConditionCOVID
I (D51  severe)	UP	ANTIVIRAL & IFN	18	I	COVID	VIRUS	SARS	I	I	I	51	21	2	7	0	1	ConditionCOVID
I (D51  severe)	UP	ARPP	36	I	COVID	VIRUS	SARS	I	I	I	51	21	2	7	0	1	ConditionCOVID
I (D51  severe)	UP	B CELL	36	I	COVID	VIRUS	SARS	I	I	I	51	21	2	7	0	1	ConditionCOVID
I (D51  severe)	UP	CELLULAR ADAPTIVE IMMUNE SYSTEM	35	I	COVID	VIRUS	SARS	I	I	I	51	21	2	7	0	1	ConditionCOVID
I (D51  severe)	UP	COMPLEMENT	11	I	COVID	VIRUS	SARS	I	I	I	51	21	2	7	0	1	ConditionCOVID
I (D51  severe)	UP	DENDRITIC CELL	5	I	COVID	VIRUS	SARS	I	I	I	51	21	2	7	0	1	ConditionCOVID
I (D51  severe)	UP	EOSINOPHIL	1	I	COVID	VIRUS	SARS	I	I	I	51	21	2	7	0	1	ConditionCOVID
I (D51  severe)	UP	GENERAL	118	I	COVID	VIRUS	SARS	I	I	I	51	21	2	7	0	1	ConditionCOVID
I (D51  severe)	UP	HUMORAL ADAPTIVE IMMUNE SYSTEM	66	I	COVID	VIRUS	SARS	I	I	I	51	21	2	7	0	1	ConditionCOVID
I (D51  severe)	UP	IMMUNOGLOBULIN MEDIATED RESPONSE	36	I	COVID	VIRUS	SARS	I	I	I	51	21	2	7	0	1	ConditionCOVID
I (D51  severe)	UP	INFLAMMATION	5	I	COVID	VIRUS	SARS	I	I	I	51	21	2	7	0	1	ConditionCOVID
I (D51  severe)	UP	INNATE IMMUNE SYSTEM	177	I	COVID	VIRUS	SARS	I	I	I	51	21	2	7	0	1	ConditionCOVID
I (D51  severe)	UP	MACROPHAGE	6	I	COVID	VIRUS	SARS	I	I	I	51	21	2	7	0	1	ConditionCOVID
I (D51  severe)	UP	MAST CELL	6	I	COVID	VIRUS	SARS	I	I	I	51	21	2	7	0	1	ConditionCOVID
I (D51  severe)	UP	MONOCYTE	5	I	COVID	VIRUS	SARS	I	I	I	51	21	2	7	0	1	ConditionCOVID
I (D51  severe)	UP	NEUTROPHIL	19	I	COVID	VIRUS	SARS	I	I	I	51	21	2	7	0	1	ConditionCOVID
I (D51  severe)	UP	NK CELL	5	I	COVID	VIRUS	SARS	I	I	I	51	21	2	7	0	1	ConditionCOVID
I (D51  severe)	UP	T CELL	25	I	COVID	VIRUS	SARS	I	I	I	51	21	2	7	0	1	ConditionCOVID
I (D51  severe)	UP	T HELPER CELLS	6	I	COVID	VIRUS	SARS	I	I	I	51	21	2	7	0	1	ConditionCOVID
I-I (D1)	DOWN	ADAPTIVE IMMUNE SYSTEM	19	I	COVID	VIRUS	SARS	I	I	I-I	1	1	1	1	0	2	ConditionCOVID
I-I (D1)	DOWN	B CELL	17	I	COVID	VIRUS	SARS	I	I	I-I	1	1	1	1	0	2	ConditionCOVID
I-I (D1)	DOWN	GENERAL	4	I	COVID	VIRUS	SARS	I	I	I-I	1	1	1	1	0	2	ConditionCOVID
I-I (D1)	DOWN	HUMORAL ADAPTIVE IMMUNE SYSTEM	18	I	COVID	VIRUS	SARS	I	I	I-I	1	1	1	1	0	2	ConditionCOVID
I-I (D1)	DOWN	IMMUNOGLOBULIN MEDIATED RESPONSE	17	I	COVID	VIRUS	SARS	I	I	I-I	1	1	1	1	0	2	ConditionCOVID
ZF2001 (V3  D07)	DOWN	ADAPTIVE IMMUNE SYSTEM	9	ZF2001	COVID	VIRUS	SARS	V	SU	HE	7	7	1	1	3	0	ConditionCOVID
ZF2001 (V3  D07)	DOWN	ARPP	2	ZF2001	COVID	VIRUS	SARS	V	SU	HE	7	7	1	1	3	0	ConditionCOVID
ZF2001 (V3  D07)	DOWN	B CELL	3	ZF2001	COVID	VIRUS	SARS	V	SU	HE	7	7	1	1	3	0	ConditionCOVID
ZF2001 (V3  D07)	DOWN	CELLULAR ADAPTIVE IMMUNE SYSTEM	4	ZF2001	COVID	VIRUS	SARS	V	SU	HE	7	7	1	1	3	0	ConditionCOVID
ZF2001 (V3  D07)	DOWN	DENDRITIC CELL	1	ZF2001	COVID	VIRUS	SARS	V	SU	HE	7	7	1	1	3	0	ConditionCOVID
ZF2001 (V3  D07)	DOWN	GENERAL	5	ZF2001	COVID	VIRUS	SARS	V	SU	HE	7	7	1	1	3	0	ConditionCOVID
ZF2001 (V3  D07)	DOWN	HUMORAL ADAPTIVE IMMUNE SYSTEM	3	ZF2001	COVID	VIRUS	SARS	V	SU	HE	7	7	1	1	3	0	ConditionCOVID
ZF2001 (V3  D07)	DOWN	IMMUNOGLOBULIN MEDIATED RESPONSE	3	ZF2001	COVID	VIRUS	SARS	V	SU	HE	7	7	1	1	3	0	ConditionCOVID
ZF2001 (V3  D07)	DOWN	INNATE IMMUNE SYSTEM	6	ZF2001	COVID	VIRUS	SARS	V	SU	HE	7	7	1	1	3	0	ConditionCOVID
ZF2001 (V3  D07)	DOWN	T CELL	3	ZF2001	COVID	VIRUS	SARS	V	SU	HE	7	7	1	1	3	0	ConditionCOVID
ZF2001 (V3  D07)	UP	ADAPTIVE IMMUNE SYSTEM	18	ZF2001	COVID	VIRUS	SARS	V	SU	HE	7	7	1	1	3	0	ConditionCOVID
ZF2001 (V3  D07)	UP	ANTIVIRAL & IFN	1	ZF2001	COVID	VIRUS	SARS	V	SU	HE	7	7	1	1	3	0	ConditionCOVID
ZF2001 (V3  D07)	UP	ARPP	2	ZF2001	COVID	VIRUS	SARS	V	SU	HE	7	7	1	1	3	0	ConditionCOVID
ZF2001 (V3  D07)	UP	B CELL	7	ZF2001	COVID	VIRUS	SARS	V	SU	HE	7	7	1	1	3	0	ConditionCOVID
ZF2001 (V3  D07)	UP	CELLULAR ADAPTIVE IMMUNE SYSTEM	5	ZF2001	COVID	VIRUS	SARS	V	SU	HE	7	7	1	1	3	0	ConditionCOVID
ZF2001 (V3  D07)	UP	COMPLEMENT	1	ZF2001	COVID	VIRUS	SARS	V	SU	HE	7	7	1	1	3	0	ConditionCOVID
ZF2001 (V3  D07)	UP	EOSINOPHIL	1	ZF2001	COVID	VIRUS	SARS	V	SU	HE	7	7	1	1	3	0	ConditionCOVID
ZF2001 (V3  D07)	UP	GENERAL	12	ZF2001	COVID	VIRUS	SARS	V	SU	HE	7	7	1	1	3	0	ConditionCOVID
ZF2001 (V3  D07)	UP	HUMORAL ADAPTIVE IMMUNE SYSTEM	9	ZF2001	COVID	VIRUS	SARS	V	SU	HE	7	7	1	1	3	0	ConditionCOVID
ZF2001 (V3  D07)	UP	IMMUNOGLOBULIN MEDIATED RESPONSE	7	ZF2001	COVID	VIRUS	SARS	V	SU	HE	7	7	1	1	3	0	ConditionCOVID
ZF2001 (V3  D07)	UP	INNATE IMMUNE SYSTEM	17	ZF2001	COVID	VIRUS	SARS	V	SU	HE	7	7	1	1	3	0	ConditionCOVID
ZF2001 (V3  D07)	UP	MACROPHAGE	1	ZF2001	COVID	VIRUS	SARS	V	SU	HE	7	7	1	1	3	0	ConditionCOVID
ZF2001 (V3  D07)	UP	MAST CELL	1	ZF2001	COVID	VIRUS	SARS	V	SU	HE	7	7	1	1	3	0	ConditionCOVID
ZF2001 (V3  D07)	UP	MONOCYTE	1	ZF2001	COVID	VIRUS	SARS	V	SU	HE	7	7	1	1	3	0	ConditionCOVID
ZF2001 (V3  D07)	UP	NEUTROPHIL	4	ZF2001	COVID	VIRUS	SARS	V	SU	HE	7	7	1	1	3	0	ConditionCOVID
ZF2001 (V3  D07)	UP	T CELL	4	ZF2001	COVID	VIRUS	SARS	V	SU	HE	7	7	1	1	3	0	ConditionCOVID
ZF2001 (V3  D07)	UP	T HELPER CELLS	1	ZF2001	COVID	VIRUS	SARS	V	SU	HE	7	7	1	1	3	0	ConditionCOVID
ZF2001 (V3  D14)	UP	ADAPTIVE IMMUNE SYSTEM	9	ZF2001	COVID	VIRUS	SARS	V	SU	HE	14	14	1	2	3	0	ConditionCOVID
ZF2001 (V3  D14)	UP	ANTIMICROBIAL	2	ZF2001	COVID	VIRUS	SARS	V	SU	HE	14	14	1	2	3	0	ConditionCOVID
ZF2001 (V3  D14)	UP	ARPP	1	ZF2001	COVID	VIRUS	SARS	V	SU	HE	14	14	1	2	3	0	ConditionCOVID
ZF2001 (V3  D14)	UP	B CELL	4	ZF2001	COVID	VIRUS	SARS	V	SU	HE	14	14	1	2	3	0	ConditionCOVID
ZF2001 (V3  D14)	UP	CELLULAR ADAPTIVE IMMUNE SYSTEM	4	ZF2001	COVID	VIRUS	SARS	V	SU	HE	14	14	1	2	3	0	ConditionCOVID
ZF2001 (V3  D14)	UP	COMPLEMENT	3	ZF2001	COVID	VIRUS	SARS	V	SU	HE	14	14	1	2	3	0	ConditionCOVID
ZF2001 (V3  D14)	UP	DENDRITIC CELL	1	ZF2001	COVID	VIRUS	SARS	V	SU	HE	14	14	1	2	3	0	ConditionCOVID
ZF2001 (V3  D14)	UP	GENERAL	12	ZF2001	COVID	VIRUS	SARS	V	SU	HE	14	14	1	2	3	0	ConditionCOVID
ZF2001 (V3  D14)	UP	HUMORAL ADAPTIVE IMMUNE SYSTEM	9	ZF2001	COVID	VIRUS	SARS	V	SU	HE	14	14	1	2	3	0	ConditionCOVID
ZF2001 (V3  D14)	UP	IMMUNOGLOBULIN MEDIATED RESPONSE	4	ZF2001	COVID	VIRUS	SARS	V	SU	HE	14	14	1	2	3	0	ConditionCOVID
ZF2001 (V3  D14)	UP	INNATE IMMUNE SYSTEM	10	ZF2001	COVID	VIRUS	SARS	V	SU	HE	14	14	1	2	3	0	ConditionCOVID
ZF2001 (V3  D14)	UP	MAST CELL	1	ZF2001	COVID	VIRUS	SARS	V	SU	HE	14	14	1	2	3	0	ConditionCOVID
ZF2001 (V3  D14)	UP	NEUTROPHIL	3	ZF2001	COVID	VIRUS	SARS	V	SU	HE	14	14	1	2	3	0	ConditionCOVID
ZF2001 (V3  D14)	UP	T CELL	4	ZF2001	COVID	VIRUS	SARS	V	SU	HE	14	14	1	2	3	0	ConditionCOVID
ZF2001 (V3  D28)	UP	ADAPTIVE IMMUNE SYSTEM	5	ZF2001	COVID	VIRUS	SARS	V	SU	HE	28	28	1	4	3	0	ConditionCOVID
ZF2001 (V3  D28)	UP	ARPP	1	ZF2001	COVID	VIRUS	SARS	V	SU	HE	28	28	1	4	3	0	ConditionCOVID
ZF2001 (V3  D28)	UP	B CELL	1	ZF2001	COVID	VIRUS	SARS	V	SU	HE	28	28	1	4	3	0	ConditionCOVID
ZF2001 (V3  D28)	UP	CELLULAR ADAPTIVE IMMUNE SYSTEM	3	ZF2001	COVID	VIRUS	SARS	V	SU	HE	28	28	1	4	3	0	ConditionCOVID
ZF2001 (V3  D28)	UP	GENERAL	2	ZF2001	COVID	VIRUS	SARS	V	SU	HE	28	28	1	4	3	0	ConditionCOVID
ZF2001 (V3  D28)	UP	HUMORAL ADAPTIVE IMMUNE SYSTEM	2	ZF2001	COVID	VIRUS	SARS	V	SU	HE	28	28	1	4	3	0	ConditionCOVID
ZF2001 (V3  D28)	UP	IMMUNOGLOBULIN MEDIATED RESPONSE	1	ZF2001	COVID	VIRUS	SARS	V	SU	HE	28	28	1	4	3	0	ConditionCOVID
ZF2001 (V3  D28)	UP	INNATE IMMUNE SYSTEM	2	ZF2001	COVID	VIRUS	SARS	V	SU	HE	28	28	1	4	3	0	ConditionCOVID
ZF2001 (V3  D28)	UP	NEUTROPHIL	1	ZF2001	COVID	VIRUS	SARS	V	SU	HE	28	28	1	4	3	0	ConditionCOVID
ZF2001 (V3  D28)	UP	T CELL	3	ZF2001	COVID	VIRUS	SARS	V	SU	HE	28	28	1	4	3	0	ConditionCOVID
