"","process","gene_ratio","bg_ratio","pvalue","p_adjust","qvalue","gene_id","count","condition","ora_enrichment","vaccine","covid_other","microbe_type","target_pathogen_disease","disease_vac","type","regimen","day_total","day_month","month","week","dose","infection","color","color_covid_other","log_q"
"1","GENERAL","98/125","538/884",6.03896022306051e-06,0.00011474024423815,9.53520035220081e-05,"IL23R/ADM/APOBEC3A/BCL3/BCL6/BST1/CCR1/CCR2/CD14/CLEC4G/CLEC6A/CTSS/DDX60/FCAR/FCER1G/FCGR1A/FCGR2A/FCGR2C/GBP1/GBP2/HCK/HP/IDO1/IFI30/IFI35/IFI6/IFIT1/IFIT2/IFITM3/IGSF6/IL15/IL1RN/IL27/IL31RA/IRF1/LILRA3/LILRA5/LILRA6/LILRB1/LILRB2/LILRB4/LTBR/LYZ/MX1/OAS2/PARP9/PKHD1L1/PSMB9/RGS1/S100A12/SRC/TAP1/TLR4/TNFSF10/IL1R1/IL1R2/AZU1/CX3CR1/CXCL6/CXCL8/NRROS/SPNS2/CD40/CD7/CFB/IFITM1/NLRC5/RNF213/TAP2/ADARB1/APOBEC3F/CCL2/CD1E/CLU/FCGR2B/JAK3/PML/BPI/BST2/BTLA/CIITA/RIGI/EIF2AK2/ERAP2/GBP6/GPR65/GSDMD/IRF9/CGAS/MDK/PDE4B/PSMB10/PSMB8/SERPINB9/TRIM22/ZC3HAV1/CSF1/IRF8",98,"MONOV INFLUENZA A (D1)","ImmuneGO","MONOV INFLUENZA A","OTHER","VIRUS","INFLUENZA","V","IN","HO",1,1,1,1,1,0,"#76c893","#343a40",4.02067017719154
"2","ANTIVIRAL & IFN","23/125","101/884",0.00866156342595912,0.0822848525466117,0.068380763889151,"AIF1/CASP1/FCAR/GBP1/GBP2/HCK/IFIT1/IFIT2/IFITM3/IFNGR2/IRF1/MX1/OAS2/STAT1/STAT2/TLR4/IFITM1/CCL2/IL12RB1/RIGI/EIF2AK2/GBP6/IRF8",23,"MONOV INFLUENZA A (D1)","ImmuneGO","MONOV INFLUENZA A","OTHER","VIRUS","INFLUENZA","V","IN","HO",1,1,1,1,1,0,"#76c893","#343a40",1.16506605196016
"3","ARPP","27/125","131/884",0.0179497152319346,0.113681529802252,0.0944721854312345,"BATF2/SCIMP/CASP1/CCR1/CCR2/CD14/CLEC6A/CTSS/HCK/IFI35/LTBR/S100A12/SRC/TLR4/MAP2K6/AZU1/CRTC3/FLT1/CD40/CCL2/RIGI/LIPA/CGAS/PIK3AP1/TMEM229B/CSF1/IRF8",27,"MONOV INFLUENZA A (D1)","ImmuneGO","MONOV INFLUENZA A","OTHER","VIRUS","INFLUENZA","V","IN","HO",1,1,1,1,1,0,"#76c893","#343a40",1.02469603796498
"4","MACROPHAGE","9/125","35/884",0.0468423591295273,0.222501205865254,0.184904049195502,"CCR2/IFI35/TLR4/AZU1/CRTC3/CCL2/LIPA/TMEM229B/CSF1",9,"MONOV INFLUENZA A (D1)","ImmuneGO","MONOV INFLUENZA A","OTHER","VIRUS","INFLUENZA","V","IN","HO",1,1,1,1,1,0,"#76c893","#343a40",0.733053578164745
"5","B CELL","14/31","155/884",0.000255541211038646,0.00204432968830917,0.0016139444907704,"BANK1/CD19/CD22/CD79A/CD79B/CXCR5/MS4A1/CD38/HDAC4/CD40/CD86/TLR4/RASGRP1/ZAP70",14,"PANDEMRIX (D1)","ImmuneGO","PANDEMRIX","OTHER","VIRUS","INFLUENZA","V","IN","HO",1,1,1,1,1,0,"#76c893","#343a40",2.79211140627236
"6","IMMUNOGLOBULIN MEDIATED RESPONSE","14/31","155/884",0.000255541211038646,0.00204432968830917,0.0016139444907704,"BANK1/CD19/CD22/CD79A/CD79B/CXCR5/MS4A1/CD38/HDAC4/CD40/CD86/TLR4/RASGRP1/ZAP70",14,"PANDEMRIX (D1)","ImmuneGO","PANDEMRIX","OTHER","VIRUS","INFLUENZA","V","IN","HO",1,1,1,1,1,0,"#76c893","#343a40",2.79211140627236
"7","HUMORAL ADAPTIVE IMMUNE SYSTEM","16/31","255/884",0.00552291511549892,0.0294555472826609,0.0232543794336797,"BANK1/CD19/CD22/CD79A/CD79B/CXCR5/MS4A1/CD28/CD38/HDAC4/CD40/CD86/TLR4/CXCL9/RASGRP1/ZAP70",16,"PANDEMRIX (D1)","ImmuneGO","PANDEMRIX","OTHER","VIRUS","INFLUENZA","V","IN","HO",1,1,1,1,1,0,"#76c893","#343a40",1.63349524557945
"8","GENERAL","24/31","538/884",0.0380601101201034,0.152240440480414,0.120189821431906,"CD19/CD79A/CD79B/CFH/CNR2/CXCR5/MS4A1/IDO1/CD28/MCOLN2/CD40/CD86/IRF1/IRF2/IRF9/TAP1/TLR4/CD247/CD3G/CD8B/CXCL9/PRF1/PRKCQ/ZAP70",24,"PANDEMRIX (D1)","ImmuneGO","PANDEMRIX","OTHER","VIRUS","INFLUENZA","V","IN","HO",1,1,1,1,1,0,"#76c893","#343a40",0.920132310063163
"9","T CELL","12/31","228/884",0.0752889453327945,0.240924625064942,0.19020365136706,"IDO1/CD28/CD86/IRF1/CD247/CD3G/CD8B/PLCG1/PRF1/PRKCQ/RASGRP1/ZAP70",12,"PANDEMRIX (D1)","ImmuneGO","PANDEMRIX","OTHER","VIRUS","INFLUENZA","V","IN","HO",1,1,1,1,1,0,"#76c893","#343a40",0.720781150104471
"10","GENERAL","33/38","538/884",0.000354136452246125,0.00441532801003381,0.00406674948292588,"AZU1/PRSS3/SFTPD/KIR2DL1/PIK3R1/CNR2/CXCR5/IL1R2/CCR1/CX3CR1/RIGI/DDX60/EIF2AK2/FCGR3A/GBP1/IFI27/IFI6/IFIT1/IFIT2/IFITM1/IFITM3/IGSF6/IL1RN/IRF9/LGALS9/MX1/MX2/OAS2/PARP9/PML/TAP1/TNFSF10/TRIM22",33,"HIV-1 GAG-POL NEF (D3)","ImmuneGO","HIV","OTHER","VIRUS","HIV","V","VV","HO",3,3,1,1,1,0,"#5e60ce","#343a40",2.39075257987815
"11","ANTIVIRAL & IFN","12/38","101/884",0.000551916001254226,0.00441532801003381,0.00406674948292588,"RIGI/EIF2AK2/GBP1/IFI27/IFIT1/IFIT2/IFITM1/IFITM3/LGALS9/MX1/OAS2/STAT1",12,"HIV-1 GAG-POL NEF (D3)","ImmuneGO","HIV","OTHER","VIRUS","HIV","V","VV","HO",3,3,1,1,1,0,"#5e60ce","#343a40",2.39075257987815
"12","CELLULAR ADAPTIVE IMMUNE SYSTEM","57/124","282/884",0.000286548318527302,0.00544441805201874,0.00482607694361772,"CD28/CD3G/CTLA4/GPR183/HMGB1/IL6ST/ITK/ITPKB/JAK1/PDE4D/PIK3CA/PIK3R1/PRKCQ/PTPN2/RORA/SNCA/THEMIS/JAML/APBB1IP/BTK/CORO1A/CR1/CSK/CX3CR1/GRN/IFNGR2/KDELR1/LILRB1/MAPK1/PSEN1/PTPN6/PTPRJ/RAB27A/SLC11A1/SYK/VAV1/ASXL1/BCL3/CD6/GATA3/GNL1/PDE4B/PPP2CA/ADA/AIF1/CCR2/CD160/CD86/CTSC/FCER1G/FKBP1A/LFNG/LIPA/PPP3CA/PPP3CB/PRF1/TNFAIP8L2",57,"FLUARIX FLUVIRIN (D3)","ImmuneGO","FLUARIX FLUVIRIN","OTHER","VIRUS","INFLUENZA","V","IN","HO",3,3,1,1,1,0,"#76c893","#343a40",2.31640575828256
"13","T CELL","45/124","228/884",0.00344756387919518,0.0327518568523542,0.0290321168774331,"CD28/CD3G/CTLA4/GPR183/ITK/ITPKB/PDE4D/PIK3CA/PIK3R1/PRKCQ/PTPN2/THEMIS/JAML/APBB1IP/BTK/CORO1A/CR1/CSK/KDELR1/LILRB1/MAPK1/PSEN1/PTPN6/PTPRJ/RAB27A/SLC11A1/SYK/VAV1/CD6/GATA3/GNL1/PDE4B/PPP2CA/ADA/CD160/CD86/CTSC/FCER1G/FKBP1A/LFNG/LIPA/PPP3CA/PPP3CB/PRF1/TNFAIP8L2",45,"FLUARIX FLUVIRIN (D3)","ImmuneGO","FLUARIX FLUVIRIN","OTHER","VIRUS","INFLUENZA","V","IN","HO",3,3,1,1,1,0,"#76c893","#343a40",1.5371212964222
"14","COMPLEMENT","8/39","31/884",2.58432110792379e-05,0.00049102101050552,0.000380847321167716,"C1R/C1S/C7/CFH/CFB/C5AR1/CFD/CR1",8,"MENACTRA (D3)","ImmuneGO","MENACTRA","OTHER","BACTERIUM","MENINGOCOCCUS","V","CONJ","HO",3,3,1,1,1,0,"#015BA0","#343a40",3.41924909483276
"15","GENERAL","32/39","538/884",0.0033135393636708,0.0314786239548726,0.0244155532059953,"C1R/C1S/C7/CCL20/CFH/CXCL8/CFB/IFNA8/BCL3/CCL4/CCL5/CD80/CD83/CXCL2/IL1RN/MAP3K8/PDE4B/SERPINB9/CD1B/CD1C/CD1D/CD86/FUT7/IL1R2/IL1R1/VCAM1/BCL6/C5AR1/CFD/CR1/FCER1G/TLR4",32,"MENACTRA (D3)","ImmuneGO","MENACTRA","OTHER","BACTERIUM","MENINGOCOCCUS","V","CONJ","HO",3,3,1,1,1,0,"#015BA0","#343a40",1.61233343105263
"16","CELLULAR ADAPTIVE IMMUNE SYSTEM","20/39","282/884",0.00792954594720374,0.0413043587021159,0.0320366217080123,"CCL20/IFNA8/BCL3/CD80/CD83/MAP3K8/PDE4B/RELB/CD1C/CD1D/CD86/FUT7/NFKBID/WDFY4/BCL6/C5AR1/CR1/FCER1G/TLR4/AIF1",20,"MENACTRA (D3)","ImmuneGO","MENACTRA","OTHER","BACTERIUM","MENINGOCOCCUS","V","CONJ","HO",3,3,1,1,1,0,"#015BA0","#343a40",1.49435328693621
"17","NEUTROPHIL","9/39","85/884",0.00869565446360334,0.0413043587021159,0.0320366217080123,"CCL20/CXCL8/CCL4/CCL5/CXCL2/PDE4B/PRKCD/C5AR1/FCER1G",9,"MENACTRA (D3)","ImmuneGO","MENACTRA","OTHER","BACTERIUM","MENINGOCOCCUS","V","CONJ","HO",3,3,1,1,1,0,"#015BA0","#343a40",1.49435328693621
"18","T HELPER CELLS","4/39","31/884",0.0430477734031902,0.163581538932123,0.126877647925192,"BCL3/RELB/BCL6/TLR4",4,"MENACTRA (D3)","ImmuneGO","MENACTRA","OTHER","BACTERIUM","MENINGOCOCCUS","V","CONJ","HO",3,3,1,1,1,0,"#015BA0","#343a40",0.896614880961042
"19","T CELL","15/39","228/884",0.052073250892103,0.164898627824993,0.127899212717446,"CCL20/IFNA8/CD80/CD83/MAP3K8/PDE4B/CD1C/CD1D/CD86/FUT7/NFKBID/WDFY4/BCL6/CR1/FCER1G",15,"MENACTRA (D3)","ImmuneGO","MENACTRA","OTHER","BACTERIUM","MENINGOCOCCUS","V","CONJ","HO",3,3,1,1,1,0,"#015BA0","#343a40",0.893132128809237
"20","ANTIVIRAL & IFN","16/36","101/884",2.87467623199338e-07,4.88694959438874e-06,3.63116997725479e-06,"CASP1/CCL2/CCL3/CCL3L1/CCL4/CCL7/CCL8/EIF2AK2/IFI27/IFIT1/IFIT2/IFITM2/IFITM3/LGALS9/MX1/STAT1",16,"MVA85A (D2)","ImmuneGO","MVA85A","OTHER","BACTERIUM","TUBERCULOSIS","V","VV","HO",2,2,1,1,1,0,"#5e60ce","#343a40",5.43995342102487
"21","EOSINOPHIL","6/36","22/884",0.000138444778755386,0.00117678061942078,0.000874388076349809,"CCL2/CCL3/CCL3L1/CCL4/CCL7/CCL8",6,"MVA85A (D2)","ImmuneGO","MVA85A","OTHER","BACTERIUM","TUBERCULOSIS","V","VV","HO",2,2,1,1,1,0,"#5e60ce","#343a40",3.05829577330308
"22","MONOCYTE","6/36","32/884",0.00124667587191302,0.00706449660750713,0.00524916156594957,"CCL2/CCL3/CCL3L1/CCL4/CCL7/CCL8",6,"MVA85A (D2)","ImmuneGO","MVA85A","OTHER","BACTERIUM","TUBERCULOSIS","V","VV","HO",2,2,1,1,1,0,"#5e60ce","#343a40",2.27991005971033
"23","GENERAL","30/36","538/884",0.00280911220550011,0.0119387268733755,0.00887088064894772,"CD28/CTLA4/ITK/APOBEC3A/BST2/CCL2/CCL3/CCL3L1/CCL4/CCL7/CCL8/CFD/EIF2AK2/FCGR1A/IFI27/IFI35/IFI6/IFIT1/IFIT2/IFITM2/IFITM3/IRF9/LGALS9/MX1/PARP9/PSMB9/SLC15A3/SRC/TICAM2/TNFSF10",30,"MVA85A (D2)","ImmuneGO","MVA85A","OTHER","BACTERIUM","TUBERCULOSIS","V","VV","HO",2,2,1,1,1,0,"#5e60ce","#343a40",2.05203326382176
"24","ARPP","10/36","131/884",0.0296949845312915,0.100962947406391,0.0750189082895786,"CASP1/CCL2/CCL3/CCL3L1/CCL4/CCL7/CCL8/IFI35/SRC/TICAM2",10,"MVA85A (D2)","ImmuneGO","MVA85A","OTHER","BACTERIUM","TUBERCULOSIS","V","VV","HO",2,2,1,1,1,0,"#5e60ce","#343a40",1.12482926019678
"25","DENDRITIC CELL","7/37","29/884",0.000100394003808489,0.00180709206855281,0.00158516848118667,"ALOX5/CCR2/CXCR2/CXCR4/SPI1/TGFBR2/CCL5",7,"ZOSTAVAX (D1)","ImmuneGO","ZOSTAVAX","OTHER","VIRUS","VZV","V","LA","HO",1,1,1,1,1,0,"#ffb703","#343a40",2.79992457157806
"26","ARPP","13/37","131/884",0.00137702147306605,0.0123931932575944,0.0108712221557846,"ALOX5/CCR2/CD14/CTSS/CXCR2/CXCR4/PECAM1/PLCG2/SIRPA/SLC11A1/SPI1/TGFBR2/CCL5",13,"ZOSTAVAX (D1)","ImmuneGO","ZOSTAVAX","OTHER","VIRUS","VZV","V","LA","HO",1,1,1,1,1,0,"#ffb703","#343a40",1.96372162926449
"27","ANTIVIRAL & IFN","13/31","101/884",9.58438788149307e-06,0.000134181430340903,0.000121065952187281,"GBP1/GBP2/IFI27/IFIT1/IFIT2/IFITM1/IFITM2/IFNAR1/IFNAR2/IFNGR1/IFNGR2/MX1/OAS2",13,"PANDEMRIX (D7)","ImmuneGO","PANDEMRIX","OTHER","VIRUS","INFLUENZA","V","IN","HO",7,7,1,4,1,0,"#76c893","#343a40",3.91697797788303
"28","GENERAL","24/26","538/884",0.000320949885092188,0.00449329839129064,0.0040541038116908,"LTB/ZAP70/CEBPB/FCGR3A/IFI27/IFI30/IFI6/IFIT1/IFIT2/IFITM1/IFITM2/IFITM3/IL1RN/IRF9/MX1/MX2/OAS2/PSMB9/TAP1/TNFSF10/TRIM22/CORO1A/LIF/VAV1",24,"YF VAX (ANY)","ImmuneGO","YF VAX","OTHER","VIRUS","YF","V","LA","HO",0,0,1,0,1,0,"#ffb703","#343a40",2.39210513470881
"29","ANTIVIRAL & IFN","8/26","101/884",0.00595961401274218,0.0417172980891953,0.037639667448898,"IFI27/IFIT1/IFIT2/IFITM1/IFITM2/IFITM3/MX1/OAS2",8,"YF VAX (ANY)","ImmuneGO","YF VAX","OTHER","VIRUS","YF","V","LA","HO",0,0,1,0,1,0,"#ffb703","#343a40",1.42435422227312
"30","GENERAL","27/32","538/884",0.00326539985458719,0.0547757981350118,0.0384391565859732,"SPN/B2M/CCL18/CCL20/CCR7/CD1B/CD80/CD81/CD83/FCGR2B/IRAK1BP1/TAP2/TICAM1/CCR1/CCR2/CD1C/CD1D/CD86/FAS/FCER1G/FCGR1A/FCGR2A/FCGR3A/LILRB4/TAP1/TIRAP/TLR4",27,"LVS F TULARENSIS (H336)","ImmuneGO","LVS F TULARENSIS","OTHER","BACTERIUM","F TULARENSIS","V","LA","HO",14,14,1,1,1,0,"#ffb703","#343a40",1.4152261499857
"31","T CELL","15/32","228/884",0.00709418785033916,0.0547757981350118,0.0384391565859732,"SPN/B2M/CCL20/CCR7/CD44/CD80/CD81/CD83/TAP2/CD1C/CD1D/CD86/FAS/FCER1A/FCER1G",15,"LVS F TULARENSIS (H336)","ImmuneGO","LVS F TULARENSIS","OTHER","BACTERIUM","F TULARENSIS","V","LA","HO",14,14,1,1,1,0,"#ffb703","#343a40",1.4152261499857
"32","CELLULAR ADAPTIVE IMMUNE SYSTEM","17/32","282/884",0.00912929968916863,0.0547757981350118,0.0384391565859732,"SPN/B2M/CCL20/CCR7/CD44/CD80/CD81/CD83/TAP2/CCR2/CD1C/CD1D/CD86/FAS/FCER1A/FCER1G/TLR4",17,"LVS F TULARENSIS (H336)","ImmuneGO","LVS F TULARENSIS","OTHER","BACTERIUM","F TULARENSIS","V","LA","HO",14,14,1,1,1,0,"#ffb703","#343a40",1.4152261499857
"33","ARPP","10/32","131/884",0.0128083368218918,0.0576375156985131,0.040447379437553,"CCL18/CCL20/CCR7/TICAM1/CCR1/CCR2/CDC42/FCGR3A/TIRAP/TLR4",10,"LVS F TULARENSIS (H336)","ImmuneGO","LVS F TULARENSIS","OTHER","BACTERIUM","F TULARENSIS","V","LA","HO",14,14,1,1,1,0,"#ffb703","#343a40",1.3931096108299
"34","DENDRITIC CELL","4/32","29/884",0.0177692761473151,0.0639693941303344,0.0448908028984803,"CCR7/CCR1/CCR2/CDC42",4,"LVS F TULARENSIS (H336)","ImmuneGO","LVS F TULARENSIS","OTHER","BACTERIUM","F TULARENSIS","V","LA","HO",14,14,1,1,1,0,"#ffb703","#343a40",1.34784262691599
"35","MACROPHAGE","4/32","35/884",0.0335994924405701,0.10079847732171,0.0707357735590949,"TICAM1/CCR2/FCGR3A/TLR4",4,"LVS F TULARENSIS (H336)","ImmuneGO","LVS F TULARENSIS","OTHER","BACTERIUM","F TULARENSIS","V","LA","HO",14,14,1,1,1,0,"#ffb703","#343a40",1.15036089270897
"36","T HELPER CELLS","3/32","31/884",0.0973521604467469,0.23590277601392,0.165545807729067,"SPN/CCR2/TLR4",3,"LVS F TULARENSIS (H336)","ImmuneGO","LVS F TULARENSIS","OTHER","BACTERIUM","F TULARENSIS","V","LA","HO",14,14,1,1,1,0,"#ffb703","#343a40",0.781081812816993
"37","MONOCYTE","3/32","32/884",0.104845678228409,0.23590277601392,0.165545807729067,"CCL18/CCL20/CCR2",3,"LVS F TULARENSIS (H336)","ImmuneGO","LVS F TULARENSIS","OTHER","BACTERIUM","F TULARENSIS","V","LA","HO",14,14,1,1,1,0,"#ffb703","#343a40",0.781081812816993
"38","ARPP","15/45","131/884",0.00108975274827155,0.0196155494688878,0.0137652978729037,"CCL5/CD40/F2R/KLRC3/KLRK1/CCL18/CCR7/CCL20/CCR1/CCR2/CDC42/FCGR3A/TICAM1/TIRAP/TLR4",15,"LVS F TULARENSIS (H48)","ImmuneGO","LVS F TULARENSIS","OTHER","BACTERIUM","F TULARENSIS","V","LA","HO",2,2,1,1,1,0,"#ffb703","#343a40",1.86121438629327
"39","DENDRITIC CELL","6/45","29/884",0.00242898916868408,0.0218609025181567,0.0153409842232679,"CCL5/F2R/CCR7/CCR1/CCR2/CDC42",6,"LVS F TULARENSIS (H48)","ImmuneGO","LVS F TULARENSIS","OTHER","BACTERIUM","F TULARENSIS","V","LA","HO",2,2,1,1,1,0,"#ffb703","#343a40",1.81414677669588
"40","GENERAL","35/45","538/884",0.0109569779618104,0.0497805100299263,0.0349336912490711,"CCL5/CD28/CD3G/CD40/CD96/FASLG/KLRK1/ZAP70/FCGR2A/LILRA6/CCL18/CCR7/CD83/FCGR1A/IRAK1BP1/TAP2/B2M/CCL20/CCR1/CCR2/CD1B/CD1C/CD1D/CD80/CD81/CD86/FAS/FCER1G/FCGR2B/FCGR3A/LILRB4/TAP1/TICAM1/TIRAP/TLR4",35,"LVS F TULARENSIS (H48)","ImmuneGO","LVS F TULARENSIS","OTHER","BACTERIUM","F TULARENSIS","V","LA","HO",2,2,1,1,1,0,"#ffb703","#343a40",1.45675552245267
"41","CELLULAR ADAPTIVE IMMUNE SYSTEM","22/45","282/884",0.0110623355622059,0.0497805100299263,0.0349336912490711,"CD28/CD3G/KLRK1/RORA/STAT3/ZAP70/CCR7/CD83/TAP2/B2M/CCL20/CCR2/CD1C/CD1D/CD44/CD80/CD81/CD86/FAS/FCER1A/FCER1G/TLR4",22,"LVS F TULARENSIS (H48)","ImmuneGO","LVS F TULARENSIS","OTHER","BACTERIUM","F TULARENSIS","V","LA","HO",2,2,1,1,1,0,"#ffb703","#343a40",1.45675552245267
"42","T CELL","18/45","228/884",0.0228240840263685,0.0821667024949266,0.0576608438560889,"CD28/CD3G/KLRK1/ZAP70/CCR7/CD83/TAP2/B2M/CCL20/CD1C/CD1D/CD44/CD80/CD81/CD86/FAS/FCER1A/FCER1G",18,"LVS F TULARENSIS (H48)","ImmuneGO","LVS F TULARENSIS","OTHER","BACTERIUM","F TULARENSIS","V","LA","HO",2,2,1,1,1,0,"#ffb703","#343a40",1.2391190060796
"43","MACROPHAGE","5/45","35/884",0.0280974731734356,0.0842924195203069,0.0591525751019697,"CCL5/CCR2/FCGR3A/TICAM1/TLR4",5,"LVS F TULARENSIS (H48)","ImmuneGO","LVS F TULARENSIS","OTHER","BACTERIUM","F TULARENSIS","V","LA","HO",2,2,1,1,1,0,"#ffb703","#343a40",1.22802634438799
"44","T HELPER CELLS","4/45","31/884",0.06728742003705,0.166740822079695,0.117011103213821,"RORA/STAT3/CCR2/TLR4",4,"LVS F TULARENSIS (H48)","ImmuneGO","LVS F TULARENSIS","OTHER","BACTERIUM","F TULARENSIS","V","LA","HO",2,2,1,1,1,0,"#ffb703","#343a40",0.931772925982871
"45","MONOCYTE","4/45","32/884",0.07410703203542,0.166740822079695,0.117011103213821,"CCL5/CCL18/CCL20/CCR2",4,"LVS F TULARENSIS (H48)","ImmuneGO","LVS F TULARENSIS","OTHER","BACTERIUM","F TULARENSIS","V","LA","HO",2,2,1,1,1,0,"#ffb703","#343a40",0.931772925982871
"46","EOSINOPHIL","3/45","22/884",0.0964144019674185,0.192828803934837,0.13531845890164,"CCL5/CCL18/FCER1A",3,"LVS F TULARENSIS (H48)","ImmuneGO","LVS F TULARENSIS","OTHER","BACTERIUM","F TULARENSIS","V","LA","HO",2,2,1,1,1,0,"#ffb703","#343a40",0.868642956895917
"47","ARPP","22/95","131/884",0.0147635428681983,0.14661649194706,0.138087554742384,"CASP1/CD14/IFI35/PECAM1/TICAM2/BCR/CDC42/EP300/MAPKAPK2/RAB11FIP2/RELA/RELB/TNFAIP3/XCL1/BTK/CTSS/HCK/NOTCH2/PIK3AP1/RNF135/SYK/XIAP",22,"FLUMIST (D3)","ImmuneGO","FLUMIST","OTHER","VIRUS","INFLUENZA","V","LA","HO",3,3,1,1,1,0,"#ffb703","#343a40",0.859845460815013
"48","ANTIVIRAL & IFN","18/95","101/884",0.0154333149417958,0.14661649194706,0.138087554742384,"CASP1/IL10RB/MX1/OAS2/STAT1/STAT2/CDC42/IFNGR1/JAK1/KIF5B/PDE12/RPS6KB1/XCL1/AIF1/DAPK1/HCK/RNF135/STX4",18,"FLUMIST (D3)","ImmuneGO","FLUMIST","OTHER","VIRUS","INFLUENZA","V","LA","HO",3,3,1,1,1,0,"#ffb703","#343a40",0.859845460815013
"49","GENERAL","26/31","538/884",0.0046446445783373,0.0577697882189209,0.0405402022588919,"B2M/CCL18/CCL20/CCR7/CD83/FCGR3A/IRAK1BP1/TAP2/TICAM1/CCR1/CCR2/CD1B/CD1C/CD1D/CD80/CD81/CD86/FAS/FCER1G/FCGR1A/FCGR2A/FCGR2B/LILRB4/TAP1/TIRAP/TLR4",26,"LVS F TULARENSIS (H18)","ImmuneGO","LVS F TULARENSIS","OTHER","BACTERIUM","F TULARENSIS","V","LA","HO",1,1,1,1,1,0,"#ffb703","#343a40",1.39211408890148
"50","ARPP","10/31","131/884",0.0100578995473992,0.0577697882189209,0.0405402022588919,"CCL18/CCL20/CCR7/FCGR3A/TICAM1/CCR1/CCR2/CDC42/TIRAP/TLR4",10,"LVS F TULARENSIS (H18)","ImmuneGO","LVS F TULARENSIS","OTHER","BACTERIUM","F TULARENSIS","V","LA","HO",1,1,1,1,1,0,"#ffb703","#343a40",1.39211408890148
"51","T CELL","14/31","228/884",0.0137009089817256,0.0577697882189209,0.0405402022588919,"B2M/CCL20/CCR7/CD83/TAP2/CD1C/CD1D/CD44/CD80/CD81/CD86/FAS/FCER1A/FCER1G",14,"LVS F TULARENSIS (H18)","ImmuneGO","LVS F TULARENSIS","OTHER","BACTERIUM","F TULARENSIS","V","LA","HO",1,1,1,1,1,0,"#ffb703","#343a40",1.39211408890148
"52","DENDRITIC CELL","4/31","29/884",0.015908350594439,0.0577697882189209,0.0405402022588919,"CCR7/CCR1/CCR2/CDC42",4,"LVS F TULARENSIS (H18)","ImmuneGO","LVS F TULARENSIS","OTHER","BACTERIUM","F TULARENSIS","V","LA","HO",1,1,1,1,1,0,"#ffb703","#343a40",1.39211408890148
"53","CELLULAR ADAPTIVE IMMUNE SYSTEM","16/31","282/884",0.0160471633941447,0.0577697882189209,0.0405402022588919,"B2M/CCL20/CCR7/CD83/TAP2/CCR2/CD1C/CD1D/CD44/CD80/CD81/CD86/FAS/FCER1A/FCER1G/TLR4",16,"LVS F TULARENSIS (H18)","ImmuneGO","LVS F TULARENSIS","OTHER","BACTERIUM","F TULARENSIS","V","LA","HO",1,1,1,1,1,0,"#ffb703","#343a40",1.39211408890148
"54","MACROPHAGE","4/31","35/884",0.0302419306780542,0.0907257920341626,0.0636672224801141,"FCGR3A/TICAM1/CCR2/TLR4",4,"LVS F TULARENSIS (H18)","ImmuneGO","LVS F TULARENSIS","OTHER","BACTERIUM","F TULARENSIS","V","LA","HO",1,1,1,1,1,0,"#ffb703","#343a40",1.19608409607414
"55","GENERAL","26/31","538/884",0.0046446445783373,0.0577697882189209,0.0405402022588919,"B2M/CCL18/CCL20/CCR1/CCR7/CD80/CD83/FAS/FCER1G/FCGR2A/FCGR2B/FCGR3A/TAP2/TICAM1/CCR2/CD1B/CD1C/CD1D/CD81/CD86/FCGR1A/IRAK1BP1/LILRB4/TAP1/TIRAP/TLR4",26,"LVS F TULARENSIS (H192)","ImmuneGO","LVS F TULARENSIS","OTHER","BACTERIUM","F TULARENSIS","V","LA","HO",8,8,1,1,1,0,"#ffb703","#343a40",1.39211408890148
"56","ARPP","10/31","131/884",0.0100578995473992,0.0577697882189209,0.0405402022588919,"CCL18/CCL20/CCR1/CCR7/CDC42/FCGR3A/TICAM1/CCR2/TIRAP/TLR4",10,"LVS F TULARENSIS (H192)","ImmuneGO","LVS F TULARENSIS","OTHER","BACTERIUM","F TULARENSIS","V","LA","HO",8,8,1,1,1,0,"#ffb703","#343a40",1.39211408890148
"57","T CELL","14/31","228/884",0.0137009089817256,0.0577697882189209,0.0405402022588919,"B2M/CCL20/CCR7/CD44/CD80/CD83/FAS/FCER1A/FCER1G/TAP2/CD1C/CD1D/CD81/CD86",14,"LVS F TULARENSIS (H192)","ImmuneGO","LVS F TULARENSIS","OTHER","BACTERIUM","F TULARENSIS","V","LA","HO",8,8,1,1,1,0,"#ffb703","#343a40",1.39211408890148
"58","DENDRITIC CELL","4/31","29/884",0.015908350594439,0.0577697882189209,0.0405402022588919,"CCR1/CCR7/CDC42/CCR2",4,"LVS F TULARENSIS (H192)","ImmuneGO","LVS F TULARENSIS","OTHER","BACTERIUM","F TULARENSIS","V","LA","HO",8,8,1,1,1,0,"#ffb703","#343a40",1.39211408890148
"59","CELLULAR ADAPTIVE IMMUNE SYSTEM","16/31","282/884",0.0160471633941447,0.0577697882189209,0.0405402022588919,"B2M/CCL20/CCR7/CD44/CD80/CD83/FAS/FCER1A/FCER1G/TAP2/CCR2/CD1C/CD1D/CD81/CD86/TLR4",16,"LVS F TULARENSIS (H192)","ImmuneGO","LVS F TULARENSIS","OTHER","BACTERIUM","F TULARENSIS","V","LA","HO",8,8,1,1,1,0,"#ffb703","#343a40",1.39211408890148
"60","MACROPHAGE","4/31","35/884",0.0302419306780542,0.0907257920341626,0.0636672224801141,"FCGR3A/TICAM1/CCR2/TLR4",4,"LVS F TULARENSIS (H192)","ImmuneGO","LVS F TULARENSIS","OTHER","BACTERIUM","F TULARENSIS","V","LA","HO",8,8,1,1,1,0,"#ffb703","#343a40",1.19608409607414
"61","MONOCYTE","8/78","32/884",0.00470234535054689,0.087632754697916,0.0825350044246301,"PECAM1/CCL18/CCL20/CCL23/CCL24/CCL4/CCL7/XCL1",8,"HPV-VLP (M2)","ImmuneGO","HPV","OTHER","VIRUS","HPV","V","VLP","HO",60,30,2,8,1,0,"#D7B0EE","#343a40",1.08336182109555
"62","EOSINOPHIL","6/78","22/884",0.00922450049451748,0.087632754697916,0.0825350044246301,"CCL18/CCL23/CCL24/CCL4/CCL7/XCL1",6,"HPV-VLP (M2)","ImmuneGO","HPV","OTHER","VIRUS","HPV","V","VLP","HO",60,30,2,8,1,0,"#D7B0EE","#343a40",1.08336182109555
"63","MONOCYTE","4/25","32/884",0.0104859535826964,0.167775257323142,0.165567688147837,"AZU1/FLT1/CCL3/S100A12",4,"INFLUENZA (D1)","ImmuneGO","INFLUENZA","OTHER","VIRUS","INFLUENZA","V","IN","HO",1,1,1,1,1,0,"#76c893","#343a40",0.781024415306678
"64","ANTIVIRAL & IFN","8/19","101/884",0.000574203834734742,0.00631624218208216,0.00543982580275019,"EIF2AK2/GBP1/GBP6/IFIT1/IFIT2/IFITM3/MX1/OAS2",8,"MONOV INFLUENZA A (D3)","ImmuneGO","MONOV INFLUENZA A","OTHER","VIRUS","INFLUENZA","V","IN","HO",3,3,1,1,1,0,"#76c893","#343a40",2.26441500730837
"65","GENERAL","17/19","538/884",0.00625962907034198,0.0344279598868809,0.0296508745437252,"CCR1/BST2/DDX60/EIF2AK2/EXOSC9/FCGR1A/GBP1/GBP6/IFI35/IFI6/IFIT1/IFIT2/IFITM3/MX1/OAS2/PLPP6/TRIM22",17,"MONOV INFLUENZA A (D3)","ImmuneGO","MONOV INFLUENZA A","OTHER","VIRUS","INFLUENZA","V","IN","HO",3,3,1,1,1,0,"#76c893","#343a40",1.52796249272425
"66","NEUTROPHIL","3/3","85/884",0.000860785118995765,0.00860785118995765,0.00724871679154329,"CCL5/CXCL8/CXCL9",3,"PANDEMRIX (D3)","ImmuneGO","PANDEMRIX","OTHER","VIRUS","INFLUENZA","V","IN","HO",3,3,1,1,1,0,"#76c893","#343a40",2.13973886786712
"67","ANTIMICROBIAL","2/3","63/884",0.0143199016691789,0.0715995083458943,0.0602943228175952,"CXCL8/CXCL9",2,"PANDEMRIX (D3)","ImmuneGO","PANDEMRIX","OTHER","VIRUS","INFLUENZA","V","IN","HO",3,3,1,1,1,0,"#76c893","#343a40",1.21972357815941
"68","EOSINOPHIL","1/3","22/884",0.0728984337005122,0.190436252324201,0.160367370378275,"CCL5",1,"PANDEMRIX (D3)","ImmuneGO","PANDEMRIX","OTHER","VIRUS","INFLUENZA","V","IN","HO",3,3,1,1,1,0,"#76c893","#343a40",0.794883992075687
"69","DENDRITIC CELL","1/3","29/884",0.095327346026833,0.190436252324201,0.160367370378275,"CCL5",1,"PANDEMRIX (D3)","ImmuneGO","PANDEMRIX","OTHER","VIRUS","INFLUENZA","V","IN","HO",3,3,1,1,1,0,"#76c893","#343a40",0.794883992075687
"70","MONOCYTE","1/3","32/884",0.104827922980325,0.190436252324201,0.160367370378275,"CCL5",1,"PANDEMRIX (D3)","ImmuneGO","PANDEMRIX","OTHER","VIRUS","INFLUENZA","V","IN","HO",3,3,1,1,1,0,"#76c893","#343a40",0.794883992075687
"71","MACROPHAGE","1/3","35/884",0.114261751394521,0.190436252324201,0.160367370378275,"CCL5",1,"PANDEMRIX (D3)","ImmuneGO","PANDEMRIX","OTHER","VIRUS","INFLUENZA","V","IN","HO",3,3,1,1,1,0,"#76c893","#343a40",0.794883992075687
"72","NEUTROPHIL","3/3","85/884",0.000860785118995765,0.00860785118995765,0.00724871679154329,"CCL5/CXCL8/CXCL9",3,"PANDEMRIX (D30)","ImmuneGO","PANDEMRIX","OTHER","VIRUS","INFLUENZA","V","IN","HO",30,30,1,1,1,0,"#76c893","#343a40",2.13973886786712
"73","ANTIMICROBIAL","2/3","63/884",0.0143199016691789,0.0715995083458943,0.0602943228175952,"CXCL8/CXCL9",2,"PANDEMRIX (D30)","ImmuneGO","PANDEMRIX","OTHER","VIRUS","INFLUENZA","V","IN","HO",30,30,1,1,1,0,"#76c893","#343a40",1.21972357815941
"74","EOSINOPHIL","1/3","22/884",0.0728984337005122,0.190436252324201,0.160367370378275,"CCL5",1,"PANDEMRIX (D30)","ImmuneGO","PANDEMRIX","OTHER","VIRUS","INFLUENZA","V","IN","HO",30,30,1,1,1,0,"#76c893","#343a40",0.794883992075687
"75","DENDRITIC CELL","1/3","29/884",0.095327346026833,0.190436252324201,0.160367370378275,"CCL5",1,"PANDEMRIX (D30)","ImmuneGO","PANDEMRIX","OTHER","VIRUS","INFLUENZA","V","IN","HO",30,30,1,1,1,0,"#76c893","#343a40",0.794883992075687
"76","MONOCYTE","1/3","32/884",0.104827922980325,0.190436252324201,0.160367370378275,"CCL5",1,"PANDEMRIX (D30)","ImmuneGO","PANDEMRIX","OTHER","VIRUS","INFLUENZA","V","IN","HO",30,30,1,1,1,0,"#76c893","#343a40",0.794883992075687
"77","MACROPHAGE","1/3","35/884",0.114261751394521,0.190436252324201,0.160367370378275,"CCL5",1,"PANDEMRIX (D30)","ImmuneGO","PANDEMRIX","OTHER","VIRUS","INFLUENZA","V","IN","HO",30,30,1,1,1,0,"#76c893","#343a40",0.794883992075687
"78","NEUTROPHIL","4/8","85/884",0.00413485082099245,0.0548217678443654,0.0412193743190717,"CCL2/CCL7/CXCL8/FCAR",4,"FLUZONE (D7)","ImmuneGO","FLUZONE","OTHER","VIRUS","INFLUENZA","V","IN","HO",7,7,1,1,1,0,"#76c893","#343a40",1.38489860478963
"79","ANTIVIRAL & IFN","4/8","101/884",0.00783168112062363,0.0548217678443654,0.0412193743190717,"CCL2/CCL7/IL12B/FCAR",4,"FLUZONE (D7)","ImmuneGO","FLUZONE","OTHER","VIRUS","INFLUENZA","V","IN","HO",7,7,1,1,1,0,"#76c893","#343a40",1.38489860478963
"80","EOSINOPHIL","2/8","22/884",0.0151287645448709,0.0706009012093975,0.0530833843679681,"CCL2/CCL7",2,"FLUZONE (D7)","ImmuneGO","FLUZONE","OTHER","VIRUS","INFLUENZA","V","IN","HO",7,7,1,1,1,0,"#76c893","#343a40",1.27504139617916
"81","MONOCYTE","2/8","32/884",0.0310316385802624,0.108610735030919,0.0816622067901644,"CCL2/CCL7",2,"FLUZONE (D7)","ImmuneGO","FLUZONE","OTHER","VIRUS","INFLUENZA","V","IN","HO",7,7,1,1,1,0,"#76c893","#343a40",1.08797888814261
"82","NK CELL","2/4","41/884",0.011874942389711,0.106874481507399,0.0999995148607241,"IL2/PTPRC",2,"FLUENZ (D6-7)","ImmuneGO","FLUENZ","OTHER","VIRUS","INFLUENZA","V","LA","HO",6,6,1,1,1,0,"#ffb703","#343a40",1.00000210693822
"83","ANTIVIRAL & IFN","7/19","101/884",0.00326969804520712,0.055584866768521,0.0516268112401124,"CCL5/RPL13A/GBP2/IFIT1/IRF1/MX1/STAT1",7,"WETVAX (D2-4)","ImmuneGO","WETVAX","OTHER","VIRUS","SMALLPOX","V","LA","HO",3,3,1,1,1,0,"#ffb703","#343a40",1.28712469857452
"84","GENERAL","74/97","538/884",0.000528655914568236,0.00951580646222825,0.00890367856114923,"CCL5/CCR7/CD19/CD1C/CD3G/CD79B/CD8B/CRIP1/GATA3/GZMA/GZMM/IL18RAP/IL7R/KLRC2/LTB/MS4A1/PRKCQ/SKAP1/TCF7/TXK/ZAP70/ADM/BCL6/BST1/CASP4/CCR1/CD40/CEBPB/CTSS/CXCL9/FAS/FCGR1A/FCGR2B/FCGR3A/GBP1/GBP2/GSDMD/HCK/HP/IFI27/IFI30/IFI35/IFI6/IFIT1/IFIT2/IFITM1/IFITM2/IFITM3/IGSF6/IL13/IL15/IL1RN/IDO1/IRF1/IRF2/IRF9/LGALS9/LILRA3/LILRB1/LTBR/MX1/MX2/OAS2/PRDX2/PSMB10/PSMB9/TAP1/TAP2/TEC/THEMIS2/TNFRSF1B/TNFSF10/TRIM22/LILRA2",74,"WETVAX (D5-7)","ImmuneGO","WETVAX","OTHER","VIRUS","SMALLPOX","V","LA","HO",6,6,1,1,1,0,"#ffb703","#343a40",2.05043052720423
"85","ANTIVIRAL & IFN","21/97","101/884",0.00153065370627751,0.0137758833564976,0.0128897154212843,"CCL5/RPL13A/AIF1/CASP1/GBP1/GBP2/HCK/IFI27/IFIT1/IFIT2/IFITM1/IFITM2/IFITM3/IFNGR2/IRF1/LGALS9/MX1/OAS2/SIRPA/STAT1/STAT2",21,"WETVAX (D5-7)","ImmuneGO","WETVAX","OTHER","VIRUS","SMALLPOX","V","LA","HO",6,6,1,1,1,0,"#ffb703","#343a40",1.88975667088013
"86","ANTIVIRAL & IFN","8/15","101/884",7.25738977406441e-05,0.000653165079665797,0.000534755035983693,"RIGI/EIF2AK2/IFI27/IFIT1/IFIT2/MX1/OAS2/STAT1",8,"YF17D (D3)","ImmuneGO","YF17D","OTHER","VIRUS","YF","V","LA","HO",3,3,1,1,1,0,"#ffb703","#343a40",3.27184511682725
"87","GENERAL","13/15","538/884",0.0304138670227271,0.136862401602272,0.1120510890311,"RIGI/DDX60/EIF2AK2/IFI27/IFI6/IFIT1/IFIT2/IL10/MX1/MX2/OAS2/PARP9/TRIM22",13,"YF17D (D3)","ImmuneGO","YF17D","OTHER","VIRUS","YF","V","LA","HO",3,3,1,1,1,0,"#ffb703","#343a40",0.950583918174891
"88","ANTIVIRAL & IFN","16/53","101/884",0.000109262670512938,0.00196672806923289,0.00184021339811264,"CASP1/RIGI/EIF2AK2/GBP1/GBP2/IFI27/IFIT1/IFIT2/IFITM1/IFITM3/LGALS9/MX1/OAS2/RNF135/STAT1/STAT2",16,"STAMARIL (D10)","ImmuneGO","STAMARIL","OTHER","VIRUS","YF","V","LA","HO",10,10,1,2,1,0,"#ffb703","#343a40",2.73513181163778
"89","GENERAL","40/53","538/884",0.0158384776487874,0.142546298839087,0.133376653884526,"CD46/IL1R2/LGALS3/PI3/PRDX2/PRKDC/ADAR/APOBEC3F/BST2/CCR1/CX3CR1/RIGI/DDX60/EIF2AK2/GBP1/GBP2/IFI27/IFI30/IFI35/IFI6/IFIT1/IFIT2/IFITM1/IFITM3/IL15/IL1RN/IRF9/LGALS9/MX1/OAS2/PARP9/PML/PRF1/RNF135/SRC/TAP1/TAP2/TNFSF10/TRIM22/ZC3HAV1",40,"STAMARIL (D10)","ImmuneGO","STAMARIL","OTHER","VIRUS","YF","V","LA","HO",10,10,1,2,1,0,"#ffb703","#343a40",0.874920182236866
"90","ANTIVIRAL & IFN","16/59","101/884",0.000445217357997094,0.0075686950859506,0.00702974775784885,"RPL13A/CASP1/RIGI/EIF2AK2/GBP1/IFI27/IFIT1/IFIT2/IFITM1/IFITM3/LGALS9/MX1/OAS2/RNF135/STAT1/STAT2",16,"STAMARIL (D3)","ImmuneGO","STAMARIL","OTHER","VIRUS","YF","V","LA","HO",3,3,1,1,1,0,"#ffb703","#343a40",2.15306025810105
"91","GENERAL","46/59","538/884",0.00317482514583923,0.0269860137396335,0.0250644090460992,"BCL6/CD46/FAU/GPR183/PI3/PRKDC/RPL30/ADAR/APOBEC3A/APOBEC3F/BST2/CCR1/CD300C/CD86/CX3CR1/RIGI/DDX60/EIF2AK2/FCER1G/GBP1/IFI27/IFI30/IFI35/IFI6/IFIT1/IFIT2/IFITM1/IFITM3/IL1RN/IRF9/LGALS9/LILRB1/MX1/MX2/NRROS/OAS2/PARP9/RNF135/SRC/TAP1/TAP2/TICAM1/TNFSF10/TRIM22/TRIM26/ZC3HAV1",46,"STAMARIL (D3)","ImmuneGO","STAMARIL","OTHER","VIRUS","YF","V","LA","HO",3,3,1,1,1,0,"#ffb703","#343a40",1.60094253047019
"92","GENERAL","60/79","538/884",0.00233626047076276,0.0443889489444924,0.0418067663189125,"BCL6/CD46/FAU/GPR183/IL1R2/IL7R/PI3/PRDX2/PRKDC/RPL30/RPL39/S100A12/ADAR/APOBEC3A/APOBEC3F/BST2/CCL8/CCR1/CD300C/CD86/CX3CR1/RIGI/DDX60/EIF2AK2/FCER1G/GBP1/GBP2/GNLY/IDO1/IFI27/IFI30/IFI35/IFI6/IFIT1/IFIT2/IFITM1/IFITM3/IL15/IL1RN/IRF9/KIR2DL3/LAG3/LGALS9/LILRB1/MX1/MX2/NRROS/OAS2/PARP9/PML/PRF1/RNF135/SRC/TAP1/TAP2/TICAM1/TNFSF10/TRIM22/TRIM26/ZC3HAV1",60,"STAMARIL (D7)","ImmuneGO","STAMARIL","OTHER","VIRUS","YF","V","LA","HO",7,7,1,1,1,0,"#ffb703","#343a40",1.37875342307776
"93","ANTIVIRAL & IFN","17/79","101/884",0.00493050842020931,0.0468398299919884,0.0441150753387149,"RPL13A/CCL8/RIGI/EIF2AK2/GBP1/GBP2/IFI27/IFIT1/IFIT2/IFITM1/IFITM3/LGALS9/MX1/OAS2/RNF135/STAT1/STAT2",17,"STAMARIL (D7)","ImmuneGO","STAMARIL","OTHER","VIRUS","YF","V","LA","HO",7,7,1,1,1,0,"#ffb703","#343a40",1.35541297475845
"94","ANTIMICROBIAL","1/1","63/884",0.0712669683257917,0.192307692307692,0.192307692307692,"CXCL8",1,"BBIBP (V3, D28)","ImmuneGO","BBIBP","COVID","VIRUS","SARS","V","IN","HO",28,28,1,4,3,0,"#76c893","#56cfe1",0.716003343634799
"95","NEUTROPHIL","1/1","85/884",0.0961538461538461,0.192307692307692,0.192307692307692,"CXCL8",1,"BBIBP (V3, D28)","ImmuneGO","BBIBP","COVID","VIRUS","SARS","V","IN","HO",28,28,1,4,3,0,"#76c893","#56cfe1",0.716003343634799
"96","ANTIVIRAL & IFN","18/45","101/884",3.34155307451988e-07,5.34648491923181e-06,4.92439400455562e-06,"IFIT1/OAS2/ACOD1/MX1/STAT1/STAT2/IRF1/GBP2/IFITM3/IFI27/IFIT2/CCL2/EIF2AK2/RIGI/CCL8/GBP6/GBP7/GBP1",18,"BNT (V2, D1)","ImmuneGO","BNT","COVID","VIRUS","SARS","V","RNA","HO",1,1,1,1,2,0,"#56cfe1","#56cfe1",5.30764720611467
"97","GENERAL","39/45","538/884",0.000104774123722761,0.000838192989782087,0.000772019859009817,"IFIT1/OAS2/ACOD1/FAS/CLEC6A/MX1/IL27/IL31RA/BST2/IRF1/IRF9/DDX60/CXCL9/GBP2/IFITM3/TAP1/TAP2/IDO1/CFB/IDO2/IFI27/IFI35/IFI6/IFIT2/CCL2/EIF2AK2/RIGI/CCL8/FCGR1A/PARP9/GBP6/GBP7/PML/LIF/GBP1/TRIM22/TNFSF10/RNF213/GEM",39,"BNT (V2, D1)","ImmuneGO","BNT","COVID","VIRUS","SARS","V","RNA","HO",1,1,1,1,2,0,"#56cfe1","#56cfe1",3.11237152797067
"98","ANTIVIRAL & IFN","21/60","101/884",4.49947234915777e-07,7.6491029935682e-06,7.10443002498595e-06,"GBP1/IFITM3/CCL2/IFITM1/GBP2/MX1/IFIT1/CCL8/IFI27/IFIT2/RIGI/CCL3/CCL3L1/GBP7/EIF2AK2/GBP6/ACOD1/IRF1/STAT2/OAS2/STAT1",21,"BNT (V3, D1)","ImmuneGO","BNT","COVID","VIRUS","SARS","V","RNA","HO",1,1,1,1,3,0,"#56cfe1","#56cfe1",5.14847075896563
"99","GENERAL","51/60","538/884",2.53706908772512e-05,0.000215650872456635,0.000200294927978299,"GBP1/IFITM3/CCL2/TNFSF10/CFB/IFITM1/HP/PML/CXCL9/GBP2/FAS/DEFA3/MX1/DDX60/IFIT1/DEFA1/CCL8/IFI27/ENPP1/IFIT2/IFI6/IFI35/TAP2/RIGI/CCL3/PRTN3/CCL3L1/FCGR1A/IDO2/LCN2/IDO1/IL31RA/CLEC6A/GBP7/OLR1/IFI30/EIF2AK2/TRIM22/XCR1/TAP1/GBP6/IL27/PARP9/RNF213/ACOD1/IRF1/PSMB9/LIF/TNFSF15/OAS2/CEACAM8",51,"BNT (V3, D1)","ImmuneGO","BNT","COVID","VIRUS","SARS","V","RNA","HO",1,1,1,1,3,0,"#56cfe1","#56cfe1",3.69833004810496
"100","GENERAL","175/258","538/884",0.00382389198234008,0.0726539476644615,0.0644023912815171,"IFI27/IL7R/CD96/THEMIS/ETS1/ITGB7/ADD2/MS4A2/RNF135/ZAP70/IL15/CCR7/CNR2/CXCR5/OTUD7B/SKAP1/CD8B/CD247/CD6/TCF7/ITK/CRTAM/CTSW/S100A7/CD3G/TGFBR3/ITGB8/EOMES/CD40LG/GATA3/TRIM65/TRIM22/APOBEC3A/S1PR1/ST6GAL1/LAX1/IL18RAP/GNLY/BCL2/IFI6/BCL6/RORC/SARM1/IFITM1/PRF1/KLRC2/SPN/C1R/CD79B/PARP9/TXK/HMGB2/IFNLR1/IFI30/KLRK1/DDX60/OAS2/CD28/HLA-C/ADARB1/BMPR1A/MX1/LILRA6/ITGA3/HP/FCER1G/GPR183/LCN2/DEFA4/B2M/LGALS9/CD81/CD1C/FCGR1A/FASLG/ITGA6/PSMB8/ITGAM/GZMM/SELL/LGALS3/EIF2AK2/PSMB9/CTSH/CD79A/CXCL3/RNASE4/FAS/ALOX5/MX2/TBKBP1/CR2/THBS1/PTMS/GZMA/CCL5/JAK3/TARM1/TTLL1/CEACAM8/HLA-E/LILRA4/MS4A1/IFIT1/CCL4/KIR2DL1/IFI35/CEBPB/ZNF683/IL1RN/S100A12/BST1/IL1R1/BPI/CFH/GBP6/ADM/PRKCQ/RC3H1/LILRA5/PIK3R1/IL1R2/CD160/RAG1/PML/IFITM2/ROMO1/BCL3/ZC3HAV1/KIR2DL3/PARP1/OLR1/TFEB/TFE3/FGR/FUT7/ADAR/BCL10/CAMP/CD1E/AZU1/GBP2/IRF9/CD19/RNASE3/CD55/MCOLN2/SLC15A4/IL10RB/IRAK1BP1/CTSG/CTLA4/PRG2/CXCR3/CTSK/DBH/CASP4/LY86/CCL3L1/FLT3/RNF19B/IRGM/CD177/SPNS2/SPIRE1/TAP1/GBP1/IFITM3/IL23R/ACKR3/CFB/CR1/ELANE/HCK/CX3CR1",175,"BNT-I (D10, mild)","ImmuneGO","BNT","COVID","VIRUS","SARS","I","I","V-I",10,10,1,2,1,1,"#f72585","#56cfe1",1.19109800684691
"101","T CELL","79/258","228/884",0.0223912876895883,0.212717233051089,0.188558212122849,"IL7R/FCER1A/NLRC3/THEMIS/ITGB7/ZAP70/IL15/CCR7/SKAP1/CD8B/PLCG1/TESPA1/RASGRP1/CD247/CD6/TCF7/ITK/CRTAM/CD3G/RPL22/EOMES/CD40LG/GATA3/S1PR1/BCL2/BCL6/ZC3H8/PRF1/SLC12A2/SPN/TXK/RPS6/KLRK1/CD28/FCER1G/GPR183/FKBP1B/DEFA4/B2M/FKBP1A/CD81/CD1C/ADA/TOX/CCNB2/GZMM/DPP4/GPR15/GPR89B/NCAPH2/CTSH/FAS/GPR89A/CR2/CD24/JAK3/HLA-E/ZNF683/PPP2CA/APBB1IP/DTX1/RHOA/PRKCQ/RC3H1/PIK3R1/CD160/RAG1/CCND3/JMJD6/CDK6/FUT7/JAG1/BCL10/GLI3/CTLA4/SPNS2/LFNG/CR1/STAT5B",79,"BNT-I (D10, mild)","ImmuneGO","BNT","COVID","VIRUS","SARS","I","I","V-I",10,10,1,2,1,1,"#f72585","#56cfe1",0.724554548371207
"102","GENERAL","181/251","538/884",8.6270059776878e-06,0.000163913113576068,0.000163459060629874,"IFI27/IL18RAP/RORC/IL7R/CD40LG/TRIM22/HMGB2/LCN2/HLA-DPA1/IL1R2/BPI/CLEC10A/RNF135/MS4A2/ZNF3/THEMIS/IL1R1/CEACAM8/ADD2/DDX60/CD3G/CD6/OLR1/ITGB8/IFI6/S100A12/MX1/BCL6/HP/DEFA4/PARP9/ADARB1/IL10/OAS2/TARM1/ITGB7/GPR183/CD96/SMAD3/PRKCE/ETS1/RNASE4/APOBEC3A/IFITM1/CAMP/TCF7/IL15/LILRA6/GBP6/CCR7/CD28/OTUD7B/CTSG/CD1C/ZC3HAV1/RNASE3/S100A7/ITGA3/EIF2AK2/CRTAM/SPN/PRKCQ/GATA3/CD8B/HLA-C/FCER1G/ITK/ZAP70/ITGAM/RC3H1/AZU1/MAP3K8/HLA-E/ELANE/FLT3/IFIT1/EOMES/B2M/BCL2/FCGR1A/CEBPB/IFI30/CFB/ALOX5/LTB/SKAP1/CD247/ZNF683/FAS/TBKBP1/CD1E/IRAK1BP1/PSMB8/IFITM2/C1R/SELL/SLC15A4/CR1/SARM1/ADAR/GZMM/JAK3/NCR3LG1/TGFBR3/FGR/IL23R/CD40/BST1/S1PR1/SELP/IFI35/TAP1/ENPP1/PML/ROMO1/CD160/TNFRSF17/IFIT2/PIK3R1/IL10RB/CXCR3/BCL10/PSMB9/GBP1/RAG1/ITGA6/CD177/SUSD4/GBP2/CLU/BTNL8/CTLA4/PRTN3/HRH2/MX2/FASLG/CXCL3/IFITM3/IL32/CD55/TFEB/KLRC2/PKHD1L1/CX3CR1/CXCL2/DBH/RNF213/TLR4/THBS1/IL27/CXCR5/FCGR3A/IL1RN/CSF1/TXK/CTSW/CNR2/FCAR/CASP4/IL34/BCL3/IL7/TNFSF10/CFH/ITGA1/MCOLN2/FUT7/KLRK1/LAX1/FCGR2B/CR2/ADM/ADORA1/CCL20/PRG2/GNLY/CCL5/LILRA5/NLRP6/CXCL8/F2RL1",181,"BNT-I (D10, severe)","ImmuneGO","BNT","COVID","VIRUS","SARS","I","I","V-I",10,10,1,2,1,1,"#f72585","#56cfe1",3.78659100122313
"103","CELLULAR ADAPTIVE IMMUNE SYSTEM","61/148","282/884",0.00566055407867107,0.0609459095466627,0.0438945608923333,"CD40LG/CR2/S1PR1/IL7R/ITGB7/ITGAM/CCR7/RORC/CTNNB1/CD24/MEN1/FCER1G/DTX1/CD1C/JAG1/DEFA4/GPR183/BCL6/FKBP1A/CD3G/TESPA1/CCNB2/TCF7/PPP2CA/JMJD6/LCP1/IFNGR1/AIF1/SRF/MAPK3/CR1/EOMES/RHOA/GPR89B/CD6/RPL22/SPN/NLRC3/STAT5B/BCL3/PLCG1/JAK3/SLC12A2/CD247/CCL2/ZAP70/IL4R/BCL10/CCND3/PRF1/RAG1/KMT2A/GATA3/IL10/SLC11A1/RASGRP1/BCL2/ITK/FUT7/THEMIS/IFNGR2",61,"BNT-I (D26, mild)","ImmuneGO","BNT","COVID","VIRUS","SARS","I","I","V-I",26,26,1,4,1,1,"#f72585","#56cfe1",1.35758929116545
"104","T CELL","51/148","228/884",0.00641535889964871,0.0609459095466627,0.0438945608923333,"CD40LG/CR2/S1PR1/IL7R/ITGB7/CCR7/CTNNB1/CD24/FCER1G/DTX1/CD1C/JAG1/DEFA4/GPR183/BCL6/FKBP1A/CD3G/TESPA1/CCNB2/TCF7/PPP2CA/JMJD6/LCP1/SRF/CR1/EOMES/RHOA/GPR89B/CD6/RPL22/SPN/NLRC3/STAT5B/PLCG1/JAK3/SLC12A2/CD247/CCL2/ZAP70/BCL10/CCND3/PRF1/RAG1/GATA3/IL10/SLC11A1/RASGRP1/BCL2/ITK/FUT7/THEMIS",51,"BNT-I (D26, mild)","ImmuneGO","BNT","COVID","VIRUS","SARS","I","I","V-I",26,26,1,4,1,1,"#f72585","#56cfe1",1.35758929116545
"105","B CELL","36/148","155/884",0.0137669248136596,0.0653928928648832,0.0470973743625198,"CD40LG/CR2/CD22/IL7R/NFKBIA/MSH2/CD40/CAMLG/BANK1/CD79A/SOS2/CXCR5/FCER1G/PAX5/MS4A1/GPR183/BCL6/PTK2/CD79B/CD19/LAX1/STAT5B/BCL3/JAK3/ADGRG3/HHEX/ZAP70/IL4R/BCL10/RAG1/GATA3/IL10/RASGRP1/BCL2/ITK/PRKCD",36,"BNT-I (D26, mild)","ImmuneGO","BNT","COVID","VIRUS","SARS","I","I","V-I",26,26,1,4,1,1,"#f72585","#56cfe1",1.32700330373424
"106","IMMUNOGLOBULIN MEDIATED RESPONSE","36/148","155/884",0.0137669248136596,0.0653928928648832,0.0470973743625198,"CD40LG/CR2/CD22/IL7R/NFKBIA/MSH2/CD40/CAMLG/BANK1/CD79A/SOS2/CXCR5/FCER1G/PAX5/MS4A1/GPR183/BCL6/PTK2/CD79B/CD19/LAX1/STAT5B/BCL3/JAK3/ADGRG3/HHEX/ZAP70/IL4R/BCL10/RAG1/GATA3/IL10/RASGRP1/BCL2/ITK/PRKCD",36,"BNT-I (D26, mild)","ImmuneGO","BNT","COVID","VIRUS","SARS","I","I","V-I",26,26,1,4,1,1,"#f72585","#56cfe1",1.32700330373424
"107","MAST CELL","8/148","24/884",0.0342432898425515,0.130124501401696,0.0937184774638251,"S100A12/SLC18A2/MILR1/SLC15A4/STAT5B/SNAP23/RASGRP1/CLNK",8,"BNT-I (D26, mild)","ImmuneGO","BNT","COVID","VIRUS","SARS","I","I","V-I",26,26,1,4,1,1,"#f72585","#56cfe1",1.02817477550007
"108","HUMORAL ADAPTIVE IMMUNE SYSTEM","52/148","255/884",0.0414085712397212,0.131127142259117,0.0944406010730483,"CD40LG/TOR2A/CR2/CD22/IL7R/NFKBIA/MSH2/CD40/CAMLG/BANK1/CD79A/SOS2/CXCR5/FCER1G/PAX5/S100A12/DEFA4/MS4A1/GPR183/BCL6/BPI/PTK2/ST6GAL1/CD79B/RNASE4/CAMP/CD19/ADM/LAX1/ALOX5/STAT5B/BCL3/JAK3/CCL2/ADGRG3/HHEX/ZAP70/IL4R/BST1/BCL10/LGALS3/RAG1/KMT2A/GATA3/IL10/PI3/SLC11A1/RASGRP1/BCL2/ITK/GNLY/PRKCD",52,"BNT-I (D26, mild)","ImmuneGO","BNT","COVID","VIRUS","SARS","I","I","V-I",26,26,1,4,1,1,"#f72585","#56cfe1",1.02484125749042
"109","T HELPER CELLS","9/148","31/884",0.0591869577254752,0.16065031382629,0.115703827132508,"RORC/MEN1/GPR183/BCL6/SPN/BCL3/IL4R/KMT2A/GATA3",9,"BNT-I (D26, mild)","ImmuneGO","BNT","COVID","VIRUS","SARS","I","I","V-I",26,26,1,4,1,1,"#f72585","#56cfe1",0.936652275663283
"110","HUMORAL ADAPTIVE IMMUNE SYSTEM","19/30","255/884",6.7769362460633e-05,0.000948771074448862,0.000713361710111927,"CR2/CD22/PTK2/TOR2A/MSH2/CD40/BANK1/DEFA4/BPI/IL7R/AZU1/ROMO1/FAU/CAMP/ST6GAL1/CD40LG/CXCR5/MS4A1/CD79A",19,"BNT-I-BNT (D51, mild)","ImmuneGO","BNT","COVID","VIRUS","SARS","I","RNA","V-I-V",51,21,2,7,2,1,"#56cfe1","#56cfe1",3.14669020524911
"111","ANTIMICROBIAL","7/30","63/884",0.00367437637013934,0.0257206345909754,0.0193388230007334,"TOR2A/DEFA4/BPI/AZU1/ROMO1/FAU/CAMP",7,"BNT-I-BNT (D51, mild)","ImmuneGO","BNT","COVID","VIRUS","SARS","I","RNA","V-I-V",51,21,2,7,2,1,"#56cfe1","#56cfe1",1.71356996147544
"112","B CELL","11/30","155/884",0.00875849433950062,0.0306547301882522,0.0230486693144753,"CR2/CD22/PTK2/MSH2/CD40/BANK1/IL7R/CD40LG/CXCR5/MS4A1/CD79A",11,"BNT-I-BNT (D51, mild)","ImmuneGO","BNT","COVID","VIRUS","SARS","I","RNA","V-I-V",51,21,2,7,2,1,"#56cfe1","#56cfe1",1.63735414298855
"113","IMMUNOGLOBULIN MEDIATED RESPONSE","11/30","155/884",0.00875849433950062,0.0306547301882522,0.0230486693144753,"CR2/CD22/PTK2/MSH2/CD40/BANK1/IL7R/CD40LG/CXCR5/MS4A1/CD79A",11,"BNT-I-BNT (D51, mild)","ImmuneGO","BNT","COVID","VIRUS","SARS","I","RNA","V-I-V",51,21,2,7,2,1,"#56cfe1","#56cfe1",1.63735414298855
"114","GENERAL","23/30","538/884",0.050024619062842,0.140068933375958,0.10531498750072,"CR2/ADD2/TOR2A/LCN2/CD40/S1PR1/DEFA4/RORC/BPI/IL7R/AZU1/CEACAM8/ROMO1/FAU/CAMP/ST6GAL1/CD40LG/CXCR5/MS4A1/CD79A/OLR1/PARP1/CCR7",23,"BNT-I-BNT (D51, mild)","ImmuneGO","BNT","COVID","VIRUS","SARS","I","RNA","V-I-V",51,21,2,7,2,1,"#56cfe1","#56cfe1",0.977509819453761
"115","ANTIVIRAL & IFN","22/72","101/884",3.38165686919065e-06,3.7949304275605e-05,3.28972297125988e-05,"GBP7/CCL2/OAS2/XCL1/IRF1/EIF2AK2/GBP6/GBP2/IFITM1/CCL8/CCL3/IFIT2/CCL3L1/ACOD1/IFIT1/GBP1/IFITM3/MX1/STAT2/STAT1/RIGI/CASP1",22,"BNT-MO (V3, D1)","ImmuneGO","MO","COVID","VIRUS","SARS","V","RNA","HE",1,1,1,1,3,0,"#56cfe1","#56cfe1",4.48284067260285
"116","GENERAL","61/72","538/884",4.46462403242412e-06,3.7949304275605e-05,3.28972297125988e-05,"CLEC6A/GBP7/CCL2/IL27/CXCL9/OAS2/MDK/IDO1/IFI6/RGS1/DEFA1/TRIM22/APOBEC3A/FCGR1A/PML/XCL1/IRF1/EIF2AK2/GBP6/IFI35/MX2/GBP2/IL31RA/IFITM1/IL1RN/CLEC4G/CCL8/CCL3/IFI30/CXCL2/OSM/TNFSF10/IFIT2/IL10/TAP2/CCL3L1/ACOD1/IFIT1/HP/GBP1/BST2/IFITM3/MX1/DDX60/TAP1/PARP9/LILRA5/GPR65/PDE4B/TARM1/RIGI/SUSD4/XCR1/IRF9/IDO2/LIF/PSMB9/C4BPB/FAS/CCR1/RNF213",61,"BNT-MO (V3, D1)","ImmuneGO","MO","COVID","VIRUS","SARS","V","RNA","HE",1,1,1,1,3,0,"#56cfe1","#56cfe1",4.48284067260285
"117","EOSINOPHIL","5/72","22/884",0.0274367753066561,0.155475060071051,0.134777141857258,"CCL2/XCL1/CCL8/CCL3/CCL3L1",5,"BNT-MO (V3, D1)","ImmuneGO","MO","COVID","VIRUS","SARS","V","RNA","HE",1,1,1,1,3,0,"#56cfe1","#56cfe1",0.870383757704506
"118","ARPP","16/72","131/884",0.0522520233340485,0.222071099169706,0.1925074543886,"CLEC6A/CCL2/PIK3AP1/XCL1/IFI35/NFKBIA/CCL8/CCL3/BATF2/CCL3L1/FOSL1/KLRC3/TNFAIP3/RIGI/CASP1/CCR1",16,"BNT-MO (V3, D1)","ImmuneGO","MO","COVID","VIRUS","SARS","V","RNA","HE",1,1,1,1,3,0,"#56cfe1","#56cfe1",0.715552448819617
"119","GENERAL","57/72","538/884",0.000470641615780951,0.00894219069983807,0.00792659563420549,"CXCR2/IFI30/CCL2/CFB/IL15/AXL/CXCL8/IFI35/LGALS9/CD1E/CCL3L1/PSMB9/IFITM1/CX3CR1/IFITM3/CXCL9/CXCL1/CLEC6A/CCL1/CEBPB/CXCL2/BTNL8/PI3/CXCL3/IDO2/GBP1/IFI27/MX1/IFIT1/IL1R2/CFD/APOBEC3A/MX2/IL27/FCER1G/DEFB1/CXCL6/OAS2/IDO1/CXCR1/GBP7/IFI6/TNFSF10/FCGR1A/CD34/DDX60/LILRA5/SRC/LILRB4/IL1R1/CD300C/HAMP/PARP9/XCR1/LILRB1/IL3/IL31RA",57,"ChAd (V1, D3)","ImmuneGO","ChAd","COVID","VIRUS","SARS","V","VV","HO",3,3,1,1,1,0,"#5e60ce","#56cfe1",2.10091329625501
"120","NEUTROPHIL","14/72","85/884",0.00572975472404436,0.0544326698784214,0.0482505660972157,"CXCR2/CCL2/IL15/AXL/CXCL8/CCL3L1/CXCL9/CXCL1/CCL1/CXCL2/CXCL3/FCER1G/CXCL6/CXCR1",14,"ChAd (V1, D3)","ImmuneGO","ChAd","COVID","VIRUS","SARS","V","VV","HO",3,3,1,1,1,0,"#5e60ce","#56cfe1",1.31649758695325
"121","ANTIVIRAL & IFN","15/72","101/884",0.011432166118578,0.0724037187509938,0.0641805817183325,"CCL2/LGALS9/CCL3L1/IFITM1/IFITM3/CCL1/GBP1/IFI27/MX1/IFIT1/AIF1/OAS2/GBP7/STAT1/MRC1",15,"ChAd (V1, D3)","ImmuneGO","ChAd","COVID","VIRUS","SARS","V","VV","HO",3,3,1,1,1,0,"#5e60ce","#56cfe1",1.19259635087534
"122","NEUTROPHIL","7/17","85/884",0.000523189981952178,0.00784784972928267,0.00605798926470943,"SCNN1B/CXCR1/CCL3/CTSG/AZU1/PRTN3/ELANE",7,"ChAd (V1, D7)","ImmuneGO","ChAd","COVID","VIRUS","SARS","V","VV","HO",7,7,1,1,1,0,"#5e60ce","#56cfe1",2.21767150061056
"123","MONOCYTE","4/17","32/884",0.00242292052443857,0.0181719039332893,0.0140274346151706,"CCL3/CTSG/AZU1/SPACA3",4,"ChAd (V1, D7)","ImmuneGO","ChAd","COVID","VIRUS","SARS","V","VV","HO",7,7,1,1,1,0,"#5e60ce","#56cfe1",1.8530217469579
"124","MACROPHAGE","3/17","35/884",0.0264185561850226,0.108150505398544,0.0834846006585255,"CCL3/AZU1/SFTPD",3,"ChAd (V1, D7)","ImmuneGO","ChAd","COVID","VIRUS","SARS","V","VV","HO",7,7,1,1,1,0,"#5e60ce","#56cfe1",1.07839362590323
"125","ARPP","6/17","131/884",0.0288401347729452,0.108150505398544,0.0834846006585255,"CXCR1/CCL3/CTSG/AZU1/SPACA3/SFTPD",6,"ChAd (V1, D7)","ImmuneGO","ChAd","COVID","VIRUS","SARS","V","VV","HO",7,7,1,1,1,0,"#5e60ce","#56cfe1",1.07839362590323
"126","ANTIVIRAL & IFN","19/51","101/884",5.69389530725825e-07,9.67962202233902e-06,8.99036101146039e-06,"CCL8/SP100/STAT1/IFIT2/IFITM3/OAS2/CCL2/RIGI/IFI27/CASP1/IFIT1/MX1/GBP1/EIF2AK2/IFITM1/STAT2/GBP2/GBP6/LGALS9",19,"ChAd (V2, D1)","ImmuneGO","ChAd","COVID","VIRUS","SARS","V","VV","HO",1,1,1,1,2,0,"#5e60ce","#56cfe1",5.04622286865195
"127","GENERAL","46/51","538/884",1.77194863810957e-06,1.50615634239313e-05,1.39890681956018e-05,"CCL8/FCGR1A/IFI6/TRIM22/IFI35/CLEC6A/IFIT2/IFITM3/PARP9/APOBEC3A/AXL/IFI30/CD34/MX2/PML/FCGR2C/IL27/CFB/OAS2/CCL2/TNFSF10/BST2/IDO1/RIGI/TAP2/IFI27/IL31RA/TAP1/IL1RN/KIR3DL1/IFIT1/MX1/GBP1/MDK/EIF2AK2/IFITM1/RNF213/GBP2/GBP6/LGALS9/IDO2/DDX60/CCR1/CXCL2/IRF9/LIF",46,"ChAd (V2, D1)","ImmuneGO","ChAd","COVID","VIRUS","SARS","V","VV","HO",1,1,1,1,2,0,"#5e60ce","#56cfe1",4.85421121266941
"128","EOSINOPHIL","1/1","22/884",0.0248868778280543,0.139140271493212,0.0976422957847103,"XCL1",1,"ChAd (V2, D7)","ImmuneGO","ChAd","COVID","VIRUS","SARS","V","VV","HO",7,7,1,1,2,0,"#5e60ce","#56cfe1",1.01036201791821
"129","MONOCYTE","1/1","32/884",0.0361990950226244,0.139140271493212,0.0976422957847103,"XCL1",1,"ChAd (V2, D7)","ImmuneGO","ChAd","COVID","VIRUS","SARS","V","VV","HO",7,7,1,1,2,0,"#5e60ce","#56cfe1",1.01036201791821
"130","NK CELL","1/1","41/884",0.0463800904977374,0.139140271493212,0.0976422957847103,"XCL1",1,"ChAd (V2, D7)","ImmuneGO","ChAd","COVID","VIRUS","SARS","V","VV","HO",7,7,1,1,2,0,"#5e60ce","#56cfe1",1.01036201791821
"131","ANTIMICROBIAL","1/1","63/884",0.0712669683257917,0.160350678733031,0.112526792093355,"XCL1",1,"ChAd (V2, D7)","ImmuneGO","ChAd","COVID","VIRUS","SARS","V","VV","HO",7,7,1,1,2,0,"#5e60ce","#56cfe1",0.948744061792659
"132","NEUTROPHIL","1/1","85/884",0.0961538461538461,0.171380090497738,0.120266730173851,"XCL1",1,"ChAd (V2, D7)","ImmuneGO","ChAd","COVID","VIRUS","SARS","V","VV","HO",7,7,1,1,2,0,"#5e60ce","#56cfe1",0.919854496519278
"133","ANTIVIRAL & IFN","1/1","101/884",0.114253393665158,0.171380090497738,0.120266730173851,"XCL1",1,"ChAd (V2, D7)","ImmuneGO","ChAd","COVID","VIRUS","SARS","V","VV","HO",7,7,1,1,2,0,"#5e60ce","#56cfe1",0.919854496519278
"134","ARPP","1/1","131/884",0.148190045248869,0.190530058177117,0.133705303983942,"XCL1",1,"ChAd (V2, D7)","ImmuneGO","ChAd","COVID","VIRUS","SARS","V","VV","HO",7,7,1,1,2,0,"#5e60ce","#56cfe1",0.87385136427677
"135","GENERAL","63/76","538/884",1.39332191950751e-05,0.000250797945511352,0.00017599855825358,"CCL24/CLU/CCL2/IDO2/EIF2AK2/AXL/HAMP/CFB/MX1/CLEC4G/BST2/CCL7/CCL1/DEFB1/IFITM3/IFIT1/PIK3R1/IL27/CCL18/TNFRSF4/FCGR1A/GSDMD/CXCR2/CCL20/CXCR4/CXCL9/CXCL1/VCAM1/IFI27/IL1R2/IL1RL1/SELE/IFIT2/GBP1/SELP/RNF213/CLEC6A/FCGR2C/IFI35/CCL8/IL31RA/APOBEC3A/GCNT1/IL1R1/CXCL5/IL1RN/BMI1/BMP6/GBP7/OAS2/MX2/DDX60/CFD/IDO1/CXCL3/IFI6/CXCR1/PARP9/TRIM22/TAP1/GBP2/PI3/TNFSF10",63,"ChAd-BNT (V2, D3)","ImmuneGO","BNT","COVID","VIRUS","SARS","V","RNA","HE",3,3,1,1,2,0,"#56cfe1","#56cfe1",3.75449088982834
"136","ANTIVIRAL & IFN","20/76","101/884",0.000121121548401311,0.0010900939356118,0.000764978200429334,"CCL24/CCL2/EIF2AK2/MX1/CCL7/CCL1/IFITM3/IFIT1/CCL18/STAT1/CCL20/IFI27/IFIT2/GBP1/CCL8/GBP7/OAS2/RAB43/GBP2/STAT2",20,"ChAd-BNT (V2, D3)","ImmuneGO","BNT","COVID","VIRUS","SARS","V","RNA","HE",3,3,1,1,2,0,"#56cfe1","#56cfe1",3.11635094075245
"137","EOSINOPHIL","6/76","22/884",0.00811390282864148,0.0427363845429087,0.0299904452932692,"CCL24/CCL2/CCL7/CCL1/CCL18/CCL8",6,"ChAd-BNT (V2, D3)","ImmuneGO","BNT","COVID","VIRUS","SARS","V","RNA","HE",3,3,1,1,2,0,"#56cfe1","#56cfe1",1.52301708585855
"138","NEUTROPHIL","14/76","85/884",0.00949697434286859,0.0427363845429087,0.0299904452932692,"CCL24/CCL2/AXL/CCL7/CCL1/CCL18/CXCR2/CCL20/CXCL9/CXCL1/CCL8/CXCL5/CXCL3/CXCR1",14,"ChAd-BNT (V2, D3)","ImmuneGO","BNT","COVID","VIRUS","SARS","V","RNA","HE",3,3,1,1,2,0,"#56cfe1","#56cfe1",1.52301708585855
"139","MONOCYTE","7/76","32/884",0.0152471628524869,0.0548897862689527,0.0385191482589142,"CCL24/CCL2/CCL7/CCL1/CCL18/CCL20/CCL8",7,"ChAd-BNT (V2, D3)","ImmuneGO","BNT","COVID","VIRUS","SARS","V","RNA","HE",3,3,1,1,2,0,"#56cfe1","#56cfe1",1.41432332462495
"140","ANTIMICROBIAL","10/76","63/884",0.0359326778954159,0.107798033686248,0.0756477429377177,"HAMP/CCL1/DEFB1/CCL18/CCL20/CXCL9/CXCL1/CCL8/CXCL5/CXCL3",10,"ChAd-BNT (V2, D3)","ImmuneGO","BNT","COVID","VIRUS","SARS","V","RNA","HE",3,3,1,1,2,0,"#56cfe1","#56cfe1",1.12120402526561
"141","NEUTROPHIL","18/50","85/884",1.29218614715503e-07,2.32593506487906e-06,1.63223513324846e-06,"CCL2/CCL4/CCL7/MPL/CCL3/CCL20/CXCL3/CXCL6/CXCL8/CXCR2/SCNN1B/CXCL1/CXCL2/PF4V1/CXCR1/CXCL5/CCL8/CCL3L1",18,"ChAd-BNT (V2, D7)","ImmuneGO","BNT","COVID","VIRUS","SARS","V","RNA","HE",7,7,1,1,2,0,"#56cfe1","#56cfe1",5.7872172783538
"142","MONOCYTE","9/50","32/884",2.97248741886735e-05,0.000267523867698061,0.000187736047507411,"CCL2/CCL4/CCL7/MPL/CCL3/CCL20/CCL8/CCL3L1/SPACA3",9,"ChAd-BNT (V2, D7)","ImmuneGO","BNT","COVID","VIRUS","SARS","V","RNA","HE",7,7,1,1,2,0,"#56cfe1","#56cfe1",3.72645232977362
"143","EOSINOPHIL","7/50","22/884",0.000107832488519824,0.000646994931118942,0.000454031530609784,"CCL2/CCL4/CCL7/MPL/CCL3/CCL8/CCL3L1",7,"ChAd-BNT (V2, D7)","ImmuneGO","BNT","COVID","VIRUS","SARS","V","RNA","HE",7,7,1,1,2,0,"#56cfe1","#56cfe1",3.34291398614213
"144","ANTIMICROBIAL","10/50","63/884",0.00174156587327201,0.00783704642972406,0.00549968170506952,"CCL20/CXCL3/CXCL6/CXCL8/CXCL1/CXCL2/PF4V1/CXCL5/CCL8/ADM",10,"ChAd-BNT (V2, D7)","ImmuneGO","BNT","COVID","VIRUS","SARS","V","RNA","HE",7,7,1,1,2,0,"#56cfe1","#56cfe1",2.25966244463885
"145","ARPP","13/50","131/884",0.0238446455027578,0.085840723809928,0.0602391044280196,"CCL2/CCL4/CCL7/MPL/CCL3/CCL20/CXCR2/CXCR1/CCL8/CCL3L1/BATF2/CCR1/SPACA3",13,"ChAd-BNT (V2, D7)","ImmuneGO","BNT","COVID","VIRUS","SARS","V","RNA","HE",7,7,1,1,2,0,"#56cfe1","#56cfe1",1.22012149339534
"146","ANTIVIRAL & IFN","10/50","101/884",0.0487753693212303,0.139492537462975,0.0978894999740172,"CCL2/CCL4/CCL7/IFIT2/CCL3/CCL20/CCL8/CCL3L1/IFIT1/IL12B",10,"ChAd-BNT (V2, D7)","ImmuneGO","BNT","COVID","VIRUS","SARS","V","RNA","HE",7,7,1,1,2,0,"#56cfe1","#56cfe1",1.00926388989148
"147","HUMORAL ADAPTIVE IMMUNE SYSTEM","20/50","255/884",0.0542470979022679,0.139492537462975,0.0978894999740172,"PTX3/CCL2/MPL/CCL20/CXCL3/WFDC3/CXCL6/CXCL8/ADGRG3/CD38/CXCL1/CXCL2/PF4V1/CXCL5/CCL8/EPB42/ADM/PBX1/CD83/PI3",20,"ChAd-BNT (V2, D7)","ImmuneGO","BNT","COVID","VIRUS","SARS","V","RNA","HE",7,7,1,1,2,0,"#56cfe1","#56cfe1",1.00926388989148
"148","GENERAL","36/50","538/884",0.0631620532562624,0.14211461982659,0.0997295577730459,"CCL2/CCL4/CCL7/IFIT2/CCL3/CLU/CCL20/CXCL3/WFDC3/BTNL8/CXCL6/CXCL8/CXCR2/IL1RN/SCNN1B/CXCL1/CXCL2/TREML4/PF4V1/CXCR1/CXCL5/CCL8/CEBPB/TNFRSF17/CCL3L1/IFIT1/FCGR1A/TNFSF4/ADM/CD300LD/IL1R2/CD83/PI3/CCR1/SELP/BMP6",36,"ChAd-BNT (V2, D7)","ImmuneGO","BNT","COVID","VIRUS","SARS","V","RNA","HE",7,7,1,1,2,0,"#56cfe1","#56cfe1",1.00117610673081
"149","DENDRITIC CELL","4/50","29/884",0.0754469519782511,0.150893903956502,0.105890458916844,"CXCR2/CXCR1/BATF2/CCR1",4,"ChAd-BNT (V2, D7)","ImmuneGO","BNT","COVID","VIRUS","SARS","V","RNA","HE",7,7,1,1,2,0,"#56cfe1","#56cfe1",0.975143169509498
"150","GENERAL","75/93","538/884",1.43143033815115e-05,0.000257657460867207,0.000241083004320194,"IFI35/MX2/CCL3L1/FCGR2B/CCL3/CCL2/IFIT1/IFITM3/TAP2/IFIT2/APOBEC3A/BST2/HLA-DMA/CXCL9/CLEC6A/PRDX2/RIGI/FCGR1A/FASLG/TNFSF10/LILRB1/CD40/CCL8/TAP1/GBP2/FCGR2C/ADAR/CIITA/ACKR3/MX1/CD7/HLA-DMB/OAS2/KIR3DL1/GBP1/FAS/IL34/LILRB4/CD247/IRF1/HLA-DPA1/IL31RA/TRIM22/PRF1/FLT3/GNLY/NLRC5/CFB/IDO1/CD300LD/EIF2AK2/GBP6/IL15/CXCL2/CASP4/RGS1/PML/CTSW/IL1RN/IFI30/BCAR1/CXCL3/IFI6/CXCR3/IDO2/DDX60/IFITM1/PDE4B/IL27/CD83/PARP9/IRF9/LIF/PSMB9/RNF213",75,"ChAd-BNT (V3, D1)","ImmuneGO","BNT","COVID","VIRUS","SARS","V","RNA","HE",1,1,1,1,3,0,"#56cfe1","#56cfe1",3.61783340509382
"151","ANTIVIRAL & IFN","23/93","101/884",9.88551729604763e-05,0.000889696556644287,0.000832464614404011,"CASP1/CCL3L1/CCL3/CCL2/IFIT1/IFITM3/IFIT2/MRC1/RIGI/FASLG/CCL8/GBP2/SP100/MX1/OAS2/GBP1/IRF1/HLA-DPA1/EIF2AK2/GBP6/STAT1/STAT2/IFITM1",23,"ChAd-BNT (V3, D1)","ImmuneGO","BNT","COVID","VIRUS","SARS","V","RNA","HE",1,1,1,1,3,0,"#56cfe1","#56cfe1",3.07963421799665
"152","GENERAL","130/187","538/884",0.00373769655718041,0.0710162345864278,0.0708195137149972,"IFI27/MS4A2/IL18RAP/ITGB8/IL1R2/RNASE4/HMGB2/TRIM22/RNF135/LTB/IL10/CLEC10A/DDX60/OAS2/IFI6/CFB/EIF2AK2/FLT3/CD1C/CD81/GPR183/S100A7/MX1/S100A12/CD6/CD40LG/ZAP70/THBS1/FCER1G/PARP9/CD177/IL15/LILRA6/ITGB7/PRKCE/CD3G/IFIT1/IL1R1/IFITM1/LY86/GZMM/ETS1/CD8B/CD96/TCF7/BCL6/IL7R/C1R/CCR7/SFTPD/SPN/THEMIS/TNFRSF17/IL32/CXCL2/CXCL3/FCGR1A/GATA3/S1PR1/RNASE3/ITGA3/KLRC2/TARM1/CRTAM/IRGM/SKAP1/CTSK/RORC/TGFBR3/ADD2/LILRA4/CXCR3/IRAK1BP1/PIK3R1/CTSW/IFI30/FCAR/HLA-C/GBP6/SELP/IL34/GCNT1/IL1RN/CD247/CRIP1/SUSD4/SLC15A4/HP/LCN2/PKHD1L1/DBH/ZNF683/CCL5/BST1/CEACAM8/S1PR4/LILRB4/APOBEC3A/SPNS2/CLEC6A/BCL2/PML/BPI/CD28/IFIT2/ITK/CXCL8/IL23R/GBP1/DEFA4/CD7/IFI35/TNFSF10/CR1/CXCR5/CNR2/CD1E/CAMP/PRF1/TAP1/F2/KLRK1/LILRA5/EOMES/BCL3/TLR4/GNLY/VCAM1/ADM/GBP2",130,"I (D10, moderate)","ImmuneGO","I","COVID","VIRUS","SARS","I","I","I",10,10,1,2,0,1,"#f72585","#56cfe1",1.14984705966797
"153","CELLULAR ADAPTIVE IMMUNE SYSTEM","85/211","282/884",0.00200544973722801,0.0205704074657791,0.0170945214397056,"FCER1A/IFNGR1/CD40LG/JMJD6/CCND3/TESPA1/MEN1/TCF7/PRKDC/ADAM17/RORC/PKNOX1/SRC/RPL22/BCL6/GPR15/SLC11A1/DPP4/ITGB7/IL7R/CCNB2/RHOA/LCP1/S1PR1/SPN/CD6/CDH26/CR1/RC3H1/CCL20/ITGAM/CD81/MAP3K8/GATA3/CCR7/PPP2CA/CD3G/JAK3/DTX1/LFNG/CCL2/CD28/ZFP36L2/PRDX2/PLCG1/CEBPB/RASGRP1/CD1C/IL10/THEMIS2/CD86/FCER1G/RAB27A/STAT5B/GPR89B/HLA-E/GPR183/CD24/MAPK3/CX3CR1/STAT3/JAG1/BCL10/THEMIS/DEFA4/LILRB1/BCL3/CDK6/IL4R/CRTAM/IFNGR2/ZFPM1/APBB1IP/GZMM/CCR2/CTLA4/IDO1/ZAP70/EFNB1/ITK/FUT7/BTNL8/AZU1/IL12B/BTNL9",85,"I (D10, severe)","ImmuneGO","I","COVID","VIRUS","SARS","I","I","I",10,10,1,2,0,1,"#f72585","#56cfe1",1.76714305275006
"154","T CELL","71/211","228/884",0.00216530604902938,0.0205704074657791,0.0170945214397056,"FCER1A/CD40LG/JMJD6/CCND3/TESPA1/TCF7/PRKDC/ADAM17/PKNOX1/SRC/RPL22/BCL6/GPR15/SLC11A1/DPP4/ITGB7/IL7R/CCNB2/RHOA/LCP1/S1PR1/SPN/CD6/CDH26/CR1/RC3H1/CCL20/CD81/MAP3K8/GATA3/CCR7/PPP2CA/CD3G/JAK3/DTX1/LFNG/CCL2/CD28/ZFP36L2/PRDX2/PLCG1/RASGRP1/CD1C/IL10/THEMIS2/CD86/FCER1G/RAB27A/STAT5B/GPR89B/HLA-E/GPR183/CD24/JAG1/BCL10/THEMIS/DEFA4/LILRB1/CDK6/CRTAM/APBB1IP/GZMM/CTLA4/IDO1/ZAP70/EFNB1/ITK/FUT7/BTNL8/IL12B/BTNL9",71,"I (D10, severe)","ImmuneGO","I","COVID","VIRUS","SARS","I","I","I",10,10,1,2,0,1,"#f72585","#56cfe1",1.76714305275006
"155","T HELPER CELLS","14/211","31/884",0.00660271698276884,0.041817207557536,0.0347511420145728,"MEN1/RORC/BCL6/SPN/RC3H1/GATA3/CEBPB/GPR183/STAT3/BCL3/IL4R/ZFPM1/CCR2/IL12B",14,"I (D10, severe)","ImmuneGO","I","COVID","VIRUS","SARS","I","I","I",10,10,1,2,0,1,"#f72585","#56cfe1",1.45903091877235
"156","INFLAMMATION","9/211","21/884",0.0410234209714463,0.19486124961437,0.161934556466236,"HMGB2/RBPJ/CD6/NLRP6/PRDX2/RASGRP1/IL10/IL5RA/IL31RA",9,"I (D10, severe)","ImmuneGO","I","COVID","VIRUS","SARS","I","I","I",10,10,1,2,0,1,"#f72585","#56cfe1",0.790660463901453
"157","CELLULAR ADAPTIVE IMMUNE SYSTEM","55/126","282/884",0.0018716400730975,0.0253468840666749,0.0224681520812631,"CD24/DEFA4/CCNB2/AZU1/ITGB7/GPR89B/IFNGR1/CCND3/MYB/S1PR1/JAG1/CD40LG/ITGAM/FCER1A/NLRC3/TCF7/FCER1G/TESPA1/PLCG1/CCR7/IL10/ZAP70/CD6/CRTAM/GATA3/GPR15/CD3G/ZFPM1/EOMES/CD247/RORC/IL7R/CD8B/BCL6/GZMM/SLC11A1/RASGRP1/PRF1/CR1/SKAP1/CD28/PIK3R1/JMJD6/RAG1/TNFRSF4/THEMIS/TXK/RORA/SNCA/KLRK1/CLU/CD7/TOX/CR2/LAG3",55,"I (D26, moderate)","ImmuneGO","I","COVID","VIRUS","SARS","I","I","I",26,26,1,4,0,1,"#f72585","#56cfe1",1.64843264515597
"158","T CELL","46/126","228/884",0.00266809305964999,0.0253468840666749,0.0224681520812631,"CD24/DEFA4/CCNB2/ITGB7/GPR89B/CCND3/S1PR1/JAG1/CD40LG/FCER1A/NLRC3/TCF7/FCER1G/TESPA1/PLCG1/CCR7/IL10/ZAP70/CD6/CRTAM/GATA3/GPR15/CD3G/EOMES/CD247/IL7R/CD8B/BCL6/GZMM/SLC11A1/RASGRP1/PRF1/CR1/SKAP1/CD28/PIK3R1/JMJD6/RAG1/TNFRSF4/THEMIS/TXK/KLRK1/CD7/TOX/CR2/LAG3",46,"I (D26, moderate)","ImmuneGO","I","COVID","VIRUS","SARS","I","I","I",26,26,1,4,0,1,"#f72585","#56cfe1",1.64843264515597
"159","GENERAL","90/126","538/884",0.00519318296085102,0.0328901587520565,0.0291547113591636,"OLR1/BPI/RNASE3/CEACAM8/LCN2/DEFA4/TARM1/IL1R2/IL18RAP/CTSG/CAMP/S100A12/AZU1/ITGB7/RNASE4/HP/CD177/IL1R1/ELANE/S1PR1/HMGB2/CD40LG/ITGAM/CXCL2/CLEC6A/FLT3/TCF7/ITGA3/FCER1G/CCR7/IL10/ZAP70/LTB/CD6/CRTAM/GATA3/SELP/TBKBP1/LY86/CD3G/C1R/FCAR/DBH/MS4A2/THBS1/EOMES/CD247/BMI1/CTSK/RORC/LILRA6/PRTN3/IL7R/CD8B/KLRC2/TGFBR3/BCL6/GZMM/SLC11A1/ETS1/CD96/PRF1/IFITM2/CR1/ALOX5/SKAP1/CTSW/KIR3DL1/BST1/SFTPD/CD28/PIK3R1/VSTM1/IRAK1BP1/RAG1/LAX1/FASLG/CXCR5/TNFRSF4/THEMIS/TXK/CXCL3/HRH2/KLRK1/LILRA5/LILRA4/CLU/CD7/CR2/LAG3",90,"I (D26, moderate)","ImmuneGO","I","COVID","VIRUS","SARS","I","I","I",26,26,1,4,0,1,"#f72585","#56cfe1",1.53529125387398
"160","T CELL","66/195","228/884",0.002794727785529,0.053099827925051,0.0500109182673611,"MYO1G/CCNB2/SRC/PPP2R1A/LFNG/CD81/ZAP70/ITPKB/CD24/FCER1A/AKT1/GZMM/PRF1/SPN/CD247/CD7/CD1C/CD6/BCL6/PRDX2/CSK/JMJD6/CACNB3/ITGB7/CD40LG/CORO1A/S1PR1/IL7R/FCER1G/PPP2CA/EFNB1/RC3H1/DEFA4/LILRB1/CD3G/TCF7/MAP3K8/CRTAM/PLCG1/CCR7/CDH26/NLRC3/ADAM17/JAG1/CR1/TESPA1/ZFP36L2/PSMB10/IL10/ADA/BCL10/JAK3/CAV1/GATA3/DTX1/IL12B/SPNS2/ZNF683/CD160/EOMES/ITK/CCL20/GPR15/FAS/MDK/TXK",66,"I (D26, severe)","ImmuneGO","I","COVID","VIRUS","SARS","I","I","I",26,26,1,4,0,1,"#f72585","#56cfe1",1.30093517115146
"161","CELLULAR ADAPTIVE IMMUNE SYSTEM","75/195","282/884",0.0169379463196383,0.160910490036564,0.151550046017817,"MEN1/MYO1G/CCNB2/SRC/PPP2R1A/LFNG/CD81/ZAP70/ITPKB/CD24/FCER1A/AKT1/IFNGR1/GZMM/PRF1/SPN/CD247/CD7/CD1C/CD6/BCL6/PRDX2/CSK/JMJD6/CACNB3/ITGB7/CD40LG/RORC/CORO1A/S1PR1/IL7R/FCER1G/PPP2CA/EFNB1/RC3H1/DEFA4/LILRB1/CD3G/TCF7/MAP3K8/CRTAM/PLCG1/CCR7/CDH26/NLRC3/ADAM17/JAG1/CX3CR1/CR1/TESPA1/ZFP36L2/ZFPM1/GRN/PSMB10/IL10/ADA/BCL10/JAK3/CAV1/GATA3/DTX1/IL12B/SPNS2/ZNF683/CD160/EOMES/ITK/CCL20/EPHB3/CACNB4/GPR15/FAS/MDK/TXK/BCL3",75,"I (D26, severe)","ImmuneGO","I","COVID","VIRUS","SARS","I","I","I",26,26,1,4,0,1,"#f72585","#56cfe1",0.819443927423836
"162","B CELL","6/6","155/884",2.67994965020942e-05,5.35989930041884e-05,1.4104998158997e-05,"PAX5/MS4A1/CD19/CD22/CD79A/BANK1",6,"I-I (D1)","ImmuneGO","I","COVID","VIRUS","SARS","I","I","I-I",1,1,1,1,0,2,"#f72585","#56cfe1",4.8506269661933
"163","IMMUNOGLOBULIN MEDIATED RESPONSE","6/6","155/884",2.67994965020942e-05,5.35989930041884e-05,1.4104998158997e-05,"PAX5/MS4A1/CD19/CD22/CD79A/BANK1",6,"I-I (D1)","ImmuneGO","I","COVID","VIRUS","SARS","I","I","I-I",1,1,1,1,0,2,"#f72585","#56cfe1",4.8506269661933
"164","HUMORAL ADAPTIVE IMMUNE SYSTEM","6/6","255/884",0.00055230589645535,0.000736407861940466,0.000193791542615912,"PAX5/MS4A1/CD19/CD22/CD79A/BANK1",6,"I-I (D1)","ImmuneGO","I","COVID","VIRUS","SARS","I","I","I-I",1,1,1,1,0,2,"#f72585","#56cfe1",3.71266518020263
"165","NEUTROPHIL","18/72","85/884",5.21866414245884e-05,0.000991546187067179,0.00071413298791542,"CX3CL1/DPEP1/CXCL2/CCL8/CCL20/CCR2/CXADR/CXCL3/SCNN1B/GP2/CXCL8/F2/CSF1/PDE4B/CD177/EMP2/CCL3/CCL4",18,"ZF2001 (V3, D07)","ImmuneGO","ZF2001","COVID","VIRUS","SARS","V","SU","HE",7,7,1,1,3,0,"#b5e48c","#56cfe1",3.14622090511492
"166","ARPP","19/72","131/884",0.00538331597580759,0.0511415017701721,0.0368332145713151,"CX3CL1/ADGRF5/CDC42/NFKBIA/RELB/ITGB8/CCL8/CCL20/TNFAIP3/CCR2/CXCR4/TICAM1/IL33/IL13/GPR183/FOSL1/CSF1/CCL3/CCL4",19,"ZF2001 (V3, D07)","ImmuneGO","ZF2001","COVID","VIRUS","SARS","V","SU","HE",7,7,1,1,3,0,"#b5e48c","#56cfe1",1.43376037700004
"167","ANTIMICROBIAL","11/72","63/884",0.0094152454886052,0.054178711578458,0.0390206786991664,"BCL3/CXCL2/CCL8/CCL20/HTN1/CXCL14/ADM/CXCL3/CXCL8/F2/HTN3",11,"ZF2001 (V3, D07)","ImmuneGO","ZF2001","COVID","VIRUS","SARS","V","SU","HE",7,7,1,1,3,0,"#b5e48c","#56cfe1",1.40870518105274
"168","MONOCYTE","7/72","32/884",0.0114060445428333,0.054178711578458,0.0390206786991664,"CX3CL1/CCL8/CCL20/CCR2/CSF1/CCL3/CCL4",7,"ZF2001 (V3, D07)","ImmuneGO","ZF2001","COVID","VIRUS","SARS","V","SU","HE",7,7,1,1,3,0,"#b5e48c","#56cfe1",1.40870518105274
"169","MACROPHAGE","7/72","35/884",0.0186703898152341,0.0709474812978895,0.0510979089680091,"ADGRF5/CCR2/TICAM1/IL33/IL13/CSF1/CCL3",7,"ZF2001 (V3, D07)","ImmuneGO","ZF2001","COVID","VIRUS","SARS","V","SU","HE",7,7,1,1,3,0,"#b5e48c","#56cfe1",1.29159687172901
"170","T HELPER CELLS","6/72","31/884",0.0338500141824718,0.107191711577828,0.0772017867319533,"BCL3/RELB/BCL6/CCR2/GPR183/CEBPB",6,"ZF2001 (V3, D07)","ImmuneGO","ZF2001","COVID","VIRUS","SARS","V","SU","HE",7,7,1,1,3,0,"#b5e48c","#56cfe1",1.11237264838384
"171","HUMORAL ADAPTIVE IMMUNE SYSTEM","27/72","255/884",0.06220339441104,0.167100142210453,0.120349132893955,"BCAR1/BCL3/CXCL2/NFKBIA/CCL8/CD83/BCL6/CCL20/TNFAIP3/NKX2-3/CCR2/HTN1/TICAM1/CXCL14/ADM/WNT3A/PTX3/CXCL3/IRF2BP2/CXCL8/GPR183/WFDC11/F2/CACNB4/SPNS2/HTN3/C4B",27,"ZF2001 (V3, D07)","ImmuneGO","ZF2001","COVID","VIRUS","SARS","V","SU","HE",7,7,1,1,3,0,"#b5e48c","#56cfe1",0.919557034435293
"172","CELLULAR ADAPTIVE IMMUNE SYSTEM","29/72","282/884",0.0739662937474837,0.167100142210453,0.120349132893955,"CX3CL1/BCAR1/BCL3/CD276/RELB/MAP3K8/IL2/CD83/PPP2CA/BCL6/CCL20/CCR2/CHST3/IL33/CXADR/EPHB1/CX3CR1/IL13/GPR183/CEBPB/CACNB4/EPHB3/SPNS2/PDE4B/FYB2/NRARP/EMP2/FOXI3/CCL3",29,"ZF2001 (V3, D07)","ImmuneGO","ZF2001","COVID","VIRUS","SARS","V","SU","HE",7,7,1,1,3,0,"#b5e48c","#56cfe1",0.919557034435293
"173","DENDRITIC CELL","5/72","29/884",0.0791526989417933,0.167100142210453,0.120349132893955,"CDC42/RELB/CCR2/CXCR4/GPR183",5,"ZF2001 (V3, D07)","ImmuneGO","ZF2001","COVID","VIRUS","SARS","V","SU","HE",7,7,1,1,3,0,"#b5e48c","#56cfe1",0.919557034435293
"174","EOSINOPHIL","4/72","22/884",0.0964294875567701,0.183216026357863,0.131956140867159,"CX3CL1/CCL8/CCL3/CCL4",4,"ZF2001 (V3, D07)","ImmuneGO","ZF2001","COVID","VIRUS","SARS","V","SU","HE",7,7,1,1,3,0,"#b5e48c","#56cfe1",0.879570394131584
"175","NEUTROPHIL","5/9","85/884",0.000678250545636081,0.00949550763890514,0.00571158354219858,"CXCL2/CCL20/CXCL8/CSF1/CCL3",5,"ZF2001 (V3, D28)","ImmuneGO","ZF2001","COVID","VIRUS","SARS","V","SU","HE",28,28,1,4,3,0,"#b5e48c","#56cfe1",2.24324346648377
"176","MONOCYTE","3/9","32/884",0.00312626280440629,0.0218838396308441,0.0131632118080265,"CCL20/CSF1/CCL3",3,"ZF2001 (V3, D28)","ImmuneGO","ZF2001","COVID","VIRUS","SARS","V","SU","HE",28,28,1,4,3,0,"#b5e48c","#56cfe1",1.88063813045492
"177","ARPP","5/9","131/884",0.00508065010667894,0.023709700497835,0.0142614739836602,"NFKBIA/CCL20/TNFAIP3/CSF1/CCL3",5,"ZF2001 (V3, D28)","ImmuneGO","ZF2001","COVID","VIRUS","SARS","V","SU","HE",28,28,1,4,3,0,"#b5e48c","#56cfe1",1.8458355859927
"178","HUMORAL ADAPTIVE IMMUNE SYSTEM","6/9","255/884",0.0202328894065492,0.0595623261577248,0.0358269631023909,"CXCL2/NFKBIA/CCL20/TNFAIP3/PTX3/CXCL8",6,"ZF2001 (V3, D28)","ImmuneGO","ZF2001","COVID","VIRUS","SARS","V","SU","HE",28,28,1,4,3,0,"#b5e48c","#56cfe1",1.44579000354953
"179","ANTIMICROBIAL","3/9","63/884",0.0212722593420446,0.0595623261577248,0.0358269631023909,"CXCL2/CCL20/CXCL8",3,"ZF2001 (V3, D28)","ImmuneGO","ZF2001","COVID","VIRUS","SARS","V","SU","HE",28,28,1,4,3,0,"#b5e48c","#56cfe1",1.44579000354953
"180","MACROPHAGE","2/9","35/884",0.0460475079795312,0.107444185285573,0.0646280813747806,"CSF1/CCL3",2,"ZF2001 (V3, D28)","ImmuneGO","ZF2001","COVID","VIRUS","SARS","V","SU","HE",28,28,1,4,3,0,"#b5e48c","#56cfe1",1.18957873686263
