"process","gene_set_short","immune_system","immune_sub_system","immune_tissue","go_term","set_size","genes"
"ADAPTIVE IMMUNE SYSTEM","Adaptive immune system","Adaptive","General","General","Manual",860,"ABL1,STAT5B,IL2,FAS,RPS6,AKT1,TAP2,HLA-DOB,FBXO38,P0DOX7,MYO1G,BTN3A2,HLA-E,CD19,OTUD7B,HLA-C,CLEC6A,CD1B,LILRB2,RAG1,JAK3,EOMES,THEMIS,HLA-DMB,CD1C,NLRP10,P0DOX6,LAG3,HLA-DRB3,P0DOX8,SYK,CTSS,RAPGEF3,CSK,CD247,ITK,CX3CR1,LILRA6,BCL10,BTLA,LILRB4,VTCN1,KLRC1,TEC,KLRC2,RAP1GAP2,ZNF683,TAP1,C17orf99,CD3G,CD8B,LAIR1,RAP1GAP,CD7,ARG2,ZAP70,CD160,CTSH,ERAP2,BTK,MCOLN2,LILRA3,GPR183,RNF19B,CD1E,P0DOX5,BTNL8,CD6,HLA-DRB4,IFNA8,CTLA4,LILRB1,BMX,CD46,IL2,TXK,P0DOX2,HMGB1,LAX1,CD79B,CD8B2,CLEC10A,CD86,TFEB,C1QBP,HLA-DPA1,TARM1,P0DOX4,HMHB1,CD81,HLA-DMA,CRTAM,SKAP1,PIK3CG,KLRK1,P0DOX3,FGL1,TFE3,IFNE,CD79A,TNFRSF17,CD247,CD3G,RPL22,BRAF,GLI3,ADA,ABL1,ZAP70,RHOA,CLEC4G,PTPRC,TICAM1,BANK1,CXCR5,TBC1D10C,CD79A,CHRNA4,CD40,GAPT,PHB1,CHRNA7,MS4A1,LAX1,RASGRP1,HSPD1,BTK,ZAP70,CD86,CD22,CHRNB2,TXLNA,BST2,AKAP17A,EPHB2,HDAC4,GPR183,BTK,CH25H,PLCG2,PTPRC,PAX5,TOP2B,IFNA8,PIK3R1,RAG1,MSH2,RAG2,IL2RG,ADGRG3,FZD9,MS4A1,EP300,PTPRJ,YY1,STAT5B,PTPN2,LYL1,SYK,CEBPG,JAK3,CD79B,CD79A,CR2,BCL6,KIT,SP3,ZBTB7A,NFAM1,ITGA4,CD40LG,IL10,IL11,BCL2,HDAC4,TPD52,TCF3,RBPJ,FOSL2,IFNE,HHEX,FLT3,VCAM1,ADAM17,IL9,CDH17,SPNS2,BAX,BCL2,GAPT,CAMLG,MEF2C,IL7R,RC3H1,SOS2,SOS1,NCKAP1L,CASP3,BAX,RAG2,TCF3,BCL2,RAG2,PRKDC,CD40,MSH2,CD70,CD19,BAX,TICAM1,BCL2,MEF2C,CD70,TLR4,IL9,CD40,BCL6,RASGRP1,PTPRC,MS4A1,CD79A,HSPD1,CD40LG,IFNA8,IL10,ABL1,IL7,CR2,PRKCD,CTPS1,IL7R,CD38,IFNE,FOSL2,WNT3A,ABL1,CD19,TLR4,GAPT,BAX,CD79A,BTK,ABL1,BCAR1,BCL2,CTLA4,CD79B,SYK,GRB2,CD19,MEF2C,MNDA,PLCG2,PTPRC,NCKAP1L,SOS1,ITK,MAPK1,BMX,NFKBIA,PTPN6,MS4A1,TEC,CD38,NFAM1,NFKB1,BANK1,CD19,TNFAIP3,ABL1,ZAP70,SYK,RHOA,LRRC17,ASXL1,LIPA,HOXB4,PTPRC,BRAF,CDH26,CD81,CD83,BRAF,TOX,PRKCQ,CD28,FUT7,IL2RG,TOX,HLA-E,WDFY4,PSMB11,IRF1,TNFSF8,EOMES,TOX,BCL2,KLRC1,RAB27A,LIG4,PTPRC,RAG2,ABL1,CCR7,CRTAM,MYH9,IL15,FCER1G,LIMK1,VAV2,SRC,VAV1,SYK,ABL1,PRKCE,MYO1G,HCK,PTK2,PRKCD,FGR,PLPP4,FCGR2B,FCGR2B,IRF8,SPI1,PLCG2,ITK,CXADR,JAML,CD3G,CD247,SYK,STAT5B,TCF7,PTPRC,CDH17,SPI1,IRF8,MEF2C,UNC13D,BCL6,ADAM17,NFKB2,BCL3,CRKL,CRK,CCL2,BCL3,ZP3,CD81,SPI1,PRKDC,IRF2BP2,KIT,SYVN1,WNT4,CLEC4G,YY1,IL4R,IL9R,CD19,PRKCD,MPL,FCGR2B,IL9,BCL10,FCER1G,IL2RB,CD27,CSF2RB,TCF3,PRKDC,LIG4,CD6,DOCK8,MSN,CD81,PRF1,EPHB1,LIG4,MSH2,MLH1,ERCC1,CD40LG,UNG,RNF168,SANBR,MSH6,BCL6,STAT6,HSPD1,LAX1,AXL,TYRO3,MERTK,CCL3,CCL18,CCL4,CCL7,XCL1,CCL2,ADAM8,GPR15LG,CX3CL1,CCL4L1,CCL1,CCL3L1,SAA1,CCL8,CCL24,CCL5,CCL20,CCL23,IL2RG,STAT5B,PRKDC,RELB,TOX,SPI1,SPNS2,SOS1,BCL2,TNFRSF17,SKIL,PACS1,SOS2,GATA3,SPNS2,FUT4,CCR7,FUT7,CRTAM,ARTN,FUT7,IL2,IMPDH2,HPRT1,FLT3,TLR4,PURA,CDH17,BCL3,LFNG,NOTCH2,IL2RG,RAG2,GPR183,C17orf99,FCGR2B,ST3GAL1,TNFSF4,ITGAL,DOCK8,THEMIS,ZAP70,GLI3,CD28,CCR7,SPN,PTPRC,PTX3,SFTPA1,LBP,C4B,MBL2,HLA-G,BCL6,LGALS1,CCR7,THEMIS,BRAF,SRF,ZAP70,ITPKB,PTPRC,CD3G,RAG1,RAG2,LRRC8A,GATA3,SPI1,CD28,ADAR,SHLD3,SHLD1,SHLD2,UNG,MLH1,MSH2,MSH6,PMS2,MSH2,MSH6,MLH1,UNG,PMS2,MSH3,MLH1,MSH2,HOXB4,NKX2-5,BCL3,LIPA,EPB42,ADAM17,CDKN2B,PBX1,NKX3-2,RC3H1,NFKB2,NKX2-3,CDH17,ABL1,CACNB4,BCL2,KMT2A,CD86,PRKCQ,WAS,CHRNA7,CD28,CORO1A,HSPD1,RBX1,NCK1,SMAD3,PPP3CA,LAG3,NLRC3,PPP3CB,FKBP1A,MFAP3,PIK3CG,DPP4,TNFAIP8L2,CD7,CD276,VAV1,PTPRC,CD44,ITK,RASGRP1,CD80,DCAF12,CD3G,CD8B,ADA,ZAP70,DDOST,IFNE,MDK,F2RL1,LCP1,PSEN1,IFNA8,CD1C,APBB1IP,ITGAL,CXCL12,CCL3,DEFA4,GPR183,SLC12A2,PIK3CG,DEFA1,CD86,PTPN6,CAV1,SRC,PTPN11,DPP4,SPN,LGALS1,MAP3K8,KLRK1,CD160,CD24,AKT1,CD28,CD80,PIK3CA,EFNB1,EFNB2,VAV1,CSK,MTOR,CD40LG,KDELR1,DTX1,GATA3,ITPKB,KIT,CTNNB1,IL2,FOSL2,PTPRC,ZAP70,VAV1,PPP3CB,SOX4,PTPN2,LIPA,LMBR1L,LFNG,LEPR,BCL2,GPR89A,LEP,EGR1,PKNOX1,IL7R,PIK3R1,NRARP,SP3,RAG2,GPR89B,RAG2,NKAP,STAT5B,IL2RG,IL7R,CTNNB1,RAG1,GLI3,ZFP36L2,NCAPH2,ZFP36L1,BCL2,ADAM17,PRKDC,GATA3,WNT4,RPS6,LIG4,CDK6,BRAF,B2M,JMJD6,PSMB11,TESPA1,FCER1G,XG,CD99,PPP2CA,CHST3,BCL2,SPNS2,JAK3,STAT5B,ZC3H8,NCKAP1L,PPP2R1A,RC3H1,IL7R,CORO1A,RAG1,PPP3CB,IL20RB,GPR15LG,CASP3,CCNB2,PRDX2,BAX,IL7,BCL2,RAG2,PRKDC,MYO1G,GZMM,CTSH,TAP2,PPP3CB,PRF1,EMP2,CTSC,HPRT1,IL7R,B2M,CD46,CLEC4G,JAG1,MYO1G,CR2,BTN3A2,CD70,GNL1,CR1,GPR15,MYO1G,CORO1A,FUT7,ZAP70,S1PR1,MSN,CCL20,ITGB7,PIK3CG,CD28,PSMB10,EFNB1,IL12B,CORO1A,PTPRC,FKBP1B,LIPA,PTPN6,KITLG,PPP3CB,LMBR1L,RASGRP1,IL20RB,MSN,CTPS1,TNFRSF4,IL2,IDO1,RC3H1,CD151,SCGB1A1,SPN,CCND3,PRDX2,LILRB1,SLC11A1,RPS6,GATA3,SKAP1,THEMIS2,THEMIS,CD3G,KHDRBS1,PTPRC,CACNB3,ZAP70,BTK,PDE4B,PDE4D,RC3H1,CD247,ITK,UBE2N,ABL1,NFKBID,BRAF,CRKL,PLCG2,DENND1B,MAPK1,TXK,VTCN1,PSEN1,FYB2,CTLA4,BTNL8,CD8B,BTN3A2,BCL10,CSK,CD28,BTNL10P,TEC,ZNF683,CD276,PLCG1,EIF2B2,FOSL2,PTPN6,BCAR1,BTNL9,BTNL3,BTN2A1,HLA-DRB3,PTPRJ,PIK3CA,LIG4,PRKDC,CD1D,GPR183,RC3H1,HMGB1,CEBPB,RELB,HMGB1,IL4R,SPN,STAT6,MTOR,TLR4,IL18BP,RELB,IL12B,BCL3,CCR2,RORC,RORA,IL6R,STAT3,IL6ST,JAK1,STAT3,NOTCH1,PHB1,TNFSF4,BCL6,IL4R,GATA3,MYB,MEN1,BCL3,KMT2A,PTGER4,ATP7A,IL12B,ZFPM1,ZAP70,ITPKB,GATA3,CCL20,CORO1A,ABL1,ASXL1,MAP2K1,HAND2,BCL2,MAP2K2,FOXI3,SOD1,PSEN1,CACNB4,TGFBR1,CRKL,MAPK3,EPHB3,SRF,LMO4,GATA3,PBX1,CCNB2,MAPK1,CTNNB1,RAG1,PRDX2,BRAF,TYR,LILRB4,PSG9,TNFAIP3,ACOD1,ABL1,BCL6,FCER1A,IL10,IL33,FCER1A,HMGB1,RAG2,RAG1,LIG4,HMGB2,PRKDC"
"INNATE IMMUNE SYSTEM","Innate immune system","Innate","General","General","Manual",962,"STING1,MAVS,NLRP10,XRCC5,MNDA,CGAS,TLR4,CASP6,XRCC6,SFPQ,PYHIN1,MATR3,HEXIM1,GBP2,PRKDC,HMGB1,NLRP6,ELANE,IL31RA,CD6,CXCR2,TFEB,LGALS4,CX3CR1,CLEC6A,PLCG2,BCL10,DEFB119,DEFB106A,HLA-DRB4,RAB27A,HLA-DRB3,HLA-DMA,HLA-DOB,CTSH,RELB,AP3B1,CTSS,HLA-DMB,HLA-DPA1,RAB4A,HLA-E,PSMB8,RAB5B,HLA-C,WDFY4,RAB3B,RAB10,RAB6A,TAP2,TAP1,ERAP2,B2M,IDE,TAP2,HLA-E,RAET1L,RAET1G,HLA-C,HLA-G,HLA-F,HLA-C,HLA-F,RAET1G,HLA-G,RAET1L,HLA-E,TAP2,PSME1,FCGR1A,FCGR1A,FCER1G,IFI30,MFSD6,HLA-F,HLA-E,IFI30,HLA-DOB,DNM2,HLA-DMB,HLA-DPA1,CTSE,FCGR2B,CTSS,HLA-DMA,HLA-DRB3,FCER1G,HLA-DRB4,B2M,B2M,TAP2,SLC11A1,CTSS,HLA-G,HLA-E,B2M,HLA-F,HLA-C,ACE,ERAP2,HLA-DRB3,HLA-DMB,HLA-DRB4,HLA-DMA,HLA-DOB,HLA-DPA1,CD1D,CD1B,CD1E,CD1C,CD1B,AP3B1,CD1E,CD1D,CD1C,GP2,RNF135,PHB1,TRIM65,UBE2N,MAVS,NMB,RIGI,NMBR,IFIT1,EIF2AK2,STING1,MBL2,NCK1,IFIT2,NLRP6,MX1,PDE12,PSEN1,LRP1,GRN,VEGFA,MPL,MBL2,LBP,CD14,IFIT1,DAPK1,WAS,CCL5,CCL4,STXBP1,NOS2,AQP4,CCL8,STXBP4,CD47,STX4,STAT1,CLDN1,GBP6,CCL1,GBP2,CCL3,GBP1,CCL4L1,CCL3L1,ACTG1,RAB43,CCL18,CCL2,FCAR,IL12RB1,RPS6KB1,MRC1,CX3CL1,XCL1,TDGF1,TLR4,IRF8,CDC42,RPL13A,CCL20,LGALS9,STXBP3,MYO1C,ACTR2,CCL24,ACTR3,CASP1,FASLG,SIRPA,CCL7,CCL23,KIF5B,VIM,CD58,CALM1,GBP7,IL12B,WNT5A,HLA-DPA1,PDE12,ACOD1,ADAMTS13,AIF1,IL10,MAVS,RIGI,CGAS,STING1,CCR2,CXCR2,CCR1,CXCR4,CXCR1,CCR7,HMGB1,GPR183,PIK3CG,CCL5,GPR183,F2R,ALOX5,CDC42,EPS8,DOCK8,NLRP12,SCG2,CCL5,CCL4,CCL18,CCL3,LGALS3,CCL23,CCL1,CCL8,CCL4L1,CCL2,CCL7,CX3CL1,CCL3L1,XCL1,CCL24,VAMP2,VAMP7,CCL3,FCER1A,BTK,MPL,EPX,CCL3,IL17RC,UNC13D,CEBPB,BTK,SNAP23,SLC18A2,RAB44,RAB44,CLU,FCGR2B,NOTCH1,PNMA1,IL20RB,HMGB2,FOSL2,IL5RA,IL1RN,HMGB1,NOTCH2,RBPJ,RASGRP1,CD68,PPARG,IFNL4,PML,REL,RIGI,APOBEC3F,DEFB108B,CLEC6A,MST1R,OAS2,BPI,CAMP,NLRP10,ADARB1,BST2,TRIM27,MAVS,IRGM,TRIM21,PTX3,DEFB125,SSC5D,LGALS3,DAPK1,GBP1,GSDMD,STMP1,TRIM26,TARM1,TRIM51G,TAC1,RFPL4A,METTL3,MIF,TRIML2,CFD,NLRP2B,MBL2,IFI35,CLU,RNF135,SFPQ,IFI6,TAX1BP1,SFTPD,LILRA5,TTC4,HLA-C,LILRA4,IFNL2,CYBA,CSF1,FCGR1A,PARP1,CD46,SERINC5,DEFB131A,SARM1,LY86,CGAS,TRIM23,JAK3,STING1,CHGA,CX3CR1,KLRC2,PRKDC,CD160,KLRK1,FGR,BPIFB3,RFPL4AL1,MAP4K2,TRIM77,C1S,TRIM64C,DEFB128,PELI3,APOBEC3A,TMEM33,DEFB108A,IFIT2,GP2,VNN1,ADAR,DEFB1,APOBEC3H,IFITM3,GZMM,DEFB131B,XRCC5,FRK,NCF1,NLRC5,RNASE3,CD6,TRIM40,TNFAIP8L2,TRIM64B,C4B,TRIM22,TRIM48,F2RL1,CLEC10A,DEFB105A,HMGB2,BTK,ARG2,TLR4,KLRC1,PARP9,CD177,CR1,XRCC6,DEFB124,KRT16,NCF2,TICAM1,MASP2,S100A12,CFH,SYK,TRIM49D1,GATA3,C1QBP,HK1,BPIFC,IFNL3,CFP,HCK,TRIM65,NEDD4,DEFA5,CASP4,TREML1,SLC15A4,LBP,WFDC3,GARIN5A,LILRA2,WFDC10B,WFDC13,IFIT1,TRIM49C,CD55,GBP6,TRIM59,CD1D,NMB,NFKB2,MMP3,RELB,GBP2,TRIM64,PIK3CG,IFI27,ANKHD1,IRF1,SDHAF4,CD14,F12,ACOD1,UBA7,DEFB123,DEFB132,USP27X,B2M,LACC1,NLRX1,PLPP6,SPIRE1,NLRP9,HLA-E,ZC3HAV1,MX2,TBKBP1,PI3,ZNF683,IL27,TICAM2,C4A,OTUD4,DHX9,C1R,TRIM49B,TRIM43B,CORO1A,NFKB1,MATR3,DEFA4,HMGB1,GBP7,SIRT2,DEFB119,ITGAM,LCN2,SRC,C7,SRPK2,DEFA6,USP14,IL34,TRIM49,SLC15A3,FCER1G,MX1,IFITM2,BCL10,TIRAP,FOSL2,ENDOD1,SUSD4,DEFB106A,ZAP70,NQO1,IPO7,DDX60,MCOLN2,C6,EIF2AK2,IFITM1,HEXIM1,C4BPB,TREML4,CRISP3,ARID5A,WFDC9,DEFB107A,CFB,MASP1,TRIML1,CR2,RELA,TRIM58,IFNL1,AXL,WFDC11,NLRP6,DAB2IP,TRIM68,IL23R,LILRA2,NOS2,FAU,H2BC12L,DEFA3,DEFB1,H2BC10,DEFA1,RNASE3,RNASE2,DEFA6,DEFA5,DEFA4,CAMP,RPL39,HCK,TGFBR2,ITGB8,ITGB6,IL13,HAMP,CRTC3,JMJD6,FCGR3A,TMEM229B,SLC11A1,ADGRF5,TLR4,EDN2,TICAM1,IFI35,IL33,PRKCE,SYK,LBP,PLCG2,SFTPD,CCL2,LGALS3,AZU1,EDNRB,EDN2,RPL13A,CXCL17,CCL5,SAA1,CCL3,MMP2,LIPA,CSF1,ROR2,MCOLN2,BCR,CCR2,B4GALT1,S100A12,CHGA,KITLG,NF1,KIT,CHGA,CBL,RAB44,PIK3CG,CLNK,RASGRP1,GPR15LG,PTGDS,SYK,KIT,CHGA,FCER1A,MILR1,ADORA2B,CPLX2,SLC15A4,SERPINB9,NDST2,KITLG,STAT5B,XCL1,SNCA,ITGAM,AIF1,TRPV1,IL13,C5AR1,IFNGR1,IFNGR2,CX3CL1,CLU,MAPT,AZU1,NAGLU,CX3CR1,IL33,GRN,AZU1,HYAL2,MT1G,CSF1,SPACA3,P0DOX3,CCL3L1,CX3CL1,IL6R,CCL3,CCL18,CCL1,CCL7,LGALS3,CTSG,XCL1,CCL5,CCL2,CCL23,FLT1,CCL4,CCL4L1,CCL24,CCR2,CCL20,RPS19,CCL8,S100A12,CCR2,JAML,SIRPA,PECAM1,MPL,CSF1,LGALS3,TLR4,REG3G,HSPD1,TIRAP,BTK,TICAM1,FANCC,NCKAP1L,SOD1,BAX,HAMP,ITPKB,HMGB1,HLA-DRB3,CCR7,ARHGEF5,SPI1,BATF2,TGFBR2,NOTCH2,LTBR,PSEN1,RELB,RBPJ,IL12B,PRDX1,GATA3,KLRK1,BAG6,FCGR3A,IL2,RASGRP1,IFNA8,IFNE,IL12B,PIK3CG,FCGR3A,UNC13D,KLRF2,RAB27A,VAMP7,CORO1A,KAT7,SP3,PBX1,PTPRC,MERTK,AXL,STAT5B,TYRO3,IL15,FCGR3A,PTPN6,GZMB,RAET1G,LAG3,TUBB4B,PLEKHM2,CEBPG,RNF19B,KIF5B,KLRK1,STAT5B,KIR3DL1,PRDX1,CLEC2A,KLRC2,IL15,EMP2,STAT5B,LGALS9,HLA-E,CXCL8,F2RL1,IL15,KMT2E,CCL5,CXCR2,IL18RAP,FCAR,CXCL6,CTSG,PRKCD,CAMP,FCER1G,LILRA2,SYK,DNASE1,SCNN1B,CXCL9,JAML,CCL24,CCL18,SRP54,C5AR1,PIK3CG,SAA1,CCL8,CCL1,CCL3L1,CX3CL1,ITGA1,TGFB2,CXCR2,LBP,FCER1G,CCL3,EDN3,NCKAP1L,PPIB,XCL1,CXCR1,CXCL8,DPEP1,SYK,CD300H,PDE4B,CXCL6,VAV1,LGALS3,CXCL3,BSG,S100A12,CXCL5,PF4V1,EDN2,CCL4L1,CCL4,CCL7,CXADR,CCL23,CCL20,PPIA,CCL2,CXCL1,CCL5,CXCL2,HMGB1,CCR2,MERTK,AXL,STXBP3,VAMP7,BCR,ANXA3,PECAM1,PIK3CG,JAML,CD177,PRTN3,PDE4B,MTHFD1,BTK,CSF1,MPL,ADAM17,ACE,IL6R,KMT2E,JAGN1,FCAR,EMP2,GP2,JAGN1,CD177,MCOLN2,SCNN1B,AZU1,ELANE,F2,ELANE,NLRP6,CTSG,ATF2,ITK,FOSL2,TOX,IL15,SIRT2,NLRP6,NFKBIA,TLR4,XIAP,TLR4,LACC1,IRGM,XIAP,NFKBIA,RELA,MAP2K6,TNFAIP3,CASP1,LACC1,CGAS,STING1,CALR,PDIA3,HLA-DRB3,HLA-DMB,HLA-DMA,B2M,HLA-DRB4,HLA-DPA1,HLA-DOB,TAP2,LAG3,ZBTB46,IRF8,HCK,PIK3CG,PRDX2,LIPA,SP100,SHMT2,CH25H,SMPD1,MX1,GCH1,SLC30A8,CD40,IFITM2,C9JQL5,IFITM1,BST2,IFITM3,TRIM21,SLC11A1,IL23R,CIITA,SP100,SNCA,STAT1,ADAMTS13,IFNLR1,RNF135,PHB1,RIGI,LSM14A,SLC18A2,SYK,PLCG2,KLRC1,EP300,CLEC6A,KLRC2,KLRC3,SRC,KLRK1,TIRAP,PIK3AP1,TNIP2,TNIP2,SCIMP,TICAM1,TLR4,CD14,NAGLU,PIK3AP1,NFKBIA,SCIMP,TIRAP,RELA,PIK3AP1,SCIMP,TNIP2,PIK3AP1,AP3B1,TLR4,FOSL1,RPS6KA3,MAPKAPK2,PLCG2,BCL10,TICAM1,CTSS,SCIMP,PRKCE,TICAM2,RAB11FIP2,TICAM2,TICAM1,TLR4,CD40,IFNE,STAT2,HDAC4,STAT1,IFITM1,JAK1,OAS2,TYK2,IFNAR1,IFNAR2,IFI27,TRIM65,TBKBP1,IFITM3,SP100,C9JQL5,IFITM2,IFNA8,MAVS,STAT1,IRF1,JAK1,IFNGR1,TYK2,HCK,IFNGR2,SP100,IFNGR1,IFNLR1,IL10RB,IFNL1,TYK2,IFNL4,IFNGR2,IFNL3,JAK1,IFNL2"
"COMPLEMENT","Complement immune system","Complement","General","General","Manual",52,"C4B,CFHR2,C7,CFH,C4A,C6,CFD,CFHR3,MASP1,CFHR1,C1S,CLU,C1R,MASP2,CFP,CFB,CFD,CR1,CFP,CFB,CR2,CFH,C7,SUSD4,C1QBP,C6,CD46,MBL2,C4BPB,C1R,CD55,C1S,NCR3LG1,CR1,C4A,C7,C4B,CR2,CLU,MASP2,MASP1,MBL2,MASP2,C5AR1,C5AR1,FPR1,GPLD1,GPR32P1,CR1,FPR2,FPR3,CR2"
"INFLAMMATION","Inflammation","Innate","Inflammation","General","Manual",22,"NLRP6,ELANE,IL31RA,CD6,CXCR2,IL10,NOTCH1,PNMA1,IL20RB,HMGB2,FOSL2,IL5RA,IL1RN,HMGB1,NOTCH2,RBPJ,RASGRP1,CD68,SIRT2,NLRP6,PRDX2,LIPA"
"ANTIVIRAL & IFN","Antiviral and Interferon","Innate","Antiviral and Interferon","General","Manual",114,"RNF135,PHB1,TRIM65,UBE2N,MAVS,NMB,RIGI,NMBR,IFIT1,EIF2AK2,STING1,MBL2,NCK1,IFIT2,NLRP6,MX1,PDE12,IFIT1,DAPK1,WAS,CCL5,CCL4,STXBP1,NOS2,AQP4,CCL8,STXBP4,CD47,STX4,STAT1,CLDN1,GBP6,CCL1,GBP2,CCL3,GBP1,CCL4L1,CCL3L1,ACTG1,RAB43,CCL18,CCL2,FCAR,IL12RB1,RPS6KB1,MRC1,CX3CL1,XCL1,TDGF1,TLR4,IRF8,CDC42,RPL13A,CCL20,LGALS9,STXBP3,MYO1C,ACTR2,CCL24,ACTR3,CASP1,FASLG,SIRPA,CCL7,CCL23,KIF5B,VIM,CD58,CALM1,GBP7,IL12B,WNT5A,HLA-DPA1,PDE12,ACOD1,ADAMTS13,AIF1,IFNE,STAT2,HDAC4,STAT1,IFITM1,JAK1,OAS2,TYK2,IFNAR1,IFNAR2,IFI27,TRIM65,TBKBP1,IFITM3,SP100,C9JQL5,IFITM2,IFNA8,MAVS,STAT1,IRF1,JAK1,IFNGR1,TYK2,HCK,IFNGR2,SP100,IFNGR1,IFNLR1,IL10RB,IFNL1,TYK2,IFNL4,IFNGR2,IFNL3,JAK1,IFNL2"
"ARPP","Antigen receptors, processing and presentation","Innate","APC","APC","Manual",182,"MBL2,LBP,CD14,MAVS,RIGI,CGAS,STING1,CCR2,CXCR2,CCR1,CXCR4,CXCR1,CCR7,HMGB1,GPR183,PIK3CG,CCL5,GPR183,F2R,ALOX5,CDC42,EPS8,DOCK8,NLRP12,TGFBR2,ITGB8,ITGB6,IL13,HAMP,CRTC3,JMJD6,FCGR3A,TMEM229B,SLC11A1,ADGRF5,TLR4,EDN2,TICAM1,IFI35,IL33,PRKCE,SYK,LBP,PLCG2,SFTPD,CCL2,LGALS3,AZU1,EDNRB,EDN2,RPL13A,CXCL17,CCL5,SAA1,CCL3,MMP2,LIPA,CSF1,ROR2,MCOLN2,BCR,CCR2,B4GALT1,AZU1,HYAL2,MT1G,CSF1,SPACA3,P0DOX3,CCL3L1,CX3CL1,IL6R,CCL3,CCL18,CCL1,CCL7,LGALS3,CTSG,XCL1,CCL5,CCL2,CCL23,FLT1,CCL4,CCL4L1,CCL24,CCR2,CCL20,RPS19,CCL8,S100A12,CCR2,JAML,SIRPA,PECAM1,MPL,CSF1,TLR4,REG3G,HSPD1,TIRAP,BTK,TICAM1,HMGB1,HLA-DRB3,CCR7,ARHGEF5,SPI1,BATF2,TGFBR2,NOTCH2,LTBR,PSEN1,RELB,RBPJ,NFKBIA,TLR4,XIAP,TLR4,LACC1,IRGM,XIAP,NFKBIA,RELA,MAP2K6,TNFAIP3,CASP1,LACC1,CGAS,STING1,LAG3,ZBTB46,IRF8,HCK,RNF135,PHB1,RIGI,LSM14A,SYK,PLCG2,KLRC1,EP300,CLEC6A,KLRC2,KLRC3,SRC,KLRK1,TIRAP,PIK3AP1,TNIP2,TNIP2,SCIMP,TICAM1,TLR4,CD14,NAGLU,PIK3AP1,NFKBIA,SCIMP,TIRAP,RELA,PIK3AP1,SCIMP,TNIP2,PIK3AP1,AP3B1,TLR4,FOSL1,RPS6KA3,MAPKAPK2,PLCG2,BCL10,TICAM1,CTSS,SCIMP,PRKCE,TICAM2,RAB11FIP2,TICAM2,TICAM1,TLR4,CD40"
"MACROPHAGE","Macrophage","Innate","Cell","APC","Manual",36,"IL13,HAMP,CRTC3,JMJD6,FCGR3A,TMEM229B,SLC11A1,ADGRF5,TLR4,EDN2,TICAM1,IFI35,IL33,PRKCE,SYK,LBP,PLCG2,SFTPD,CCL2,LGALS3,AZU1,EDNRB,EDN2,RPL13A,CXCL17,CCL5,SAA1,CCL3,MMP2,LIPA,CSF1,ROR2,MCOLN2,BCR,CCR2,B4GALT1"
"MAST CELL","Mast cell","Innate","Cell","Mast cell","Manual",31,"BTK,SNAP23,SLC18A2,RAB44,RAB44,S100A12,CHGA,KITLG,NF1,KIT,CHGA,CBL,RAB44,PIK3CG,CLNK,RASGRP1,GPR15LG,PTGDS,SYK,KIT,CHGA,FCER1A,MILR1,ADORA2B,CPLX2,SLC15A4,SERPINB9,NDST2,KITLG,STAT5B,SLC18A2"
"NEUTROPHIL","Neutrophil","Innate","Cell","Neutrophil","Manual",101,"CXCL8,F2RL1,IL15,KMT2E,CCL5,CXCR2,IL18RAP,FCAR,CXCL6,CTSG,PRKCD,CAMP,FCER1G,LILRA2,SYK,DNASE1,SCNN1B,CXCL9,JAML,CCL24,CCL18,SRP54,C5AR1,PIK3CG,SAA1,CCL8,CCL1,CCL3L1,CX3CL1,ITGA1,TGFB2,CXCR2,LBP,FCER1G,CCL3,EDN3,NCKAP1L,PPIB,XCL1,CXCR1,CXCL8,DPEP1,SYK,CD300H,PDE4B,CXCL6,VAV1,LGALS3,CXCL3,BSG,S100A12,CXCL5,PF4V1,EDN2,CCL4L1,CCL4,CCL7,CXADR,CCL23,CCL20,PPIA,CCL2,CXCL1,CCL5,CXCL2,HMGB1,CCR2,MERTK,AXL,STXBP3,VAMP7,BCR,ANXA3,PECAM1,PIK3CG,JAML,CD177,PRTN3,PDE4B,MTHFD1,BTK,CSF1,MPL,ADAM17,ACE,IL6R,KMT2E,JAGN1,FCAR,EMP2,GP2,JAGN1,CD177,MCOLN2,SCNN1B,AZU1,ELANE,F2,ELANE,NLRP6,CTSG"
"EOSINOPHIL","Eosinophil","Innate","Cell","Eosinophil","Manual",23,"SCG2,CCL5,CCL4,CCL18,CCL3,LGALS3,CCL23,CCL1,CCL8,CCL4L1,CCL2,CCL7,CX3CL1,CCL3L1,XCL1,CCL24,VAMP2,VAMP7,CCL3,FCER1A,BTK,MPL,EPX"
"NK CELL","Natural Killer Cell","Innate","Cell","NK cell","Manual",49,"XCL1,IL12B,PRDX1,GATA3,KLRK1,BAG6,FCGR3A,IL2,RASGRP1,IFNA8,IFNE,IL12B,PIK3CG,FCGR3A,UNC13D,KLRF2,RAB27A,VAMP7,CORO1A,KAT7,SP3,PBX1,PTPRC,MERTK,AXL,STAT5B,TYRO3,IL15,FCGR3A,PTPN6,GZMB,RAET1G,LAG3,TUBB4B,PLEKHM2,CEBPG,RNF19B,KIF5B,KLRK1,STAT5B,KIR3DL1,PRDX1,CLEC2A,KLRC2,IL15,EMP2,STAT5B,LGALS9,HLA-E"
"MONOCYTE","Monocyte","Innate","Cell","APC","Manual",34,"AZU1,HYAL2,MT1G,CSF1,SPACA3,P0DOX3,CCL3L1,CX3CL1,IL6R,CCL3,CCL18,CCL1,CCL7,LGALS3,CTSG,XCL1,CCL5,CCL2,CCL23,FLT1,CCL4,CCL4L1,CCL24,CCR2,CCL20,RPS19,CCL8,S100A12,CCR2,JAML,SIRPA,PECAM1,MPL,CSF1"
"CELLULAR ADAPTIVE IMMUNE SYSTEM","Cellular adaptive immune system","Adaptive","Cellular","Cellular","Manual",445,"ABL1,STAT5B,IL2,FAS,RPS6,AKT1,CD247,CD3G,RPL22,BRAF,GLI3,ADA,ABL1,ZAP70,RHOA,CLEC4G,PTPRC,ZAP70,SYK,RHOA,BRAF,CDH26,CD81,CD83,BRAF,TOX,PRKCQ,CD28,FUT7,IL2RG,TOX,HLA-E,WDFY4,PSMB11,IRF1,TNFSF8,EOMES,TOX,BCL2,KLRC1,RAB27A,LIG4,PTPRC,RAG2,ABL1,CCR7,CRTAM,MYH9,IL15,ITK,CXADR,JAML,CD3G,CD247,SYK,STAT5B,TCF7,PTPRC,CRKL,CRK,CCL2,CD6,DOCK8,MSN,CD81,PRF1,EPHB1,TNFSF4,ITGAL,DOCK8,SNCA,ITGAM,AIF1,TRPV1,IL13,C5AR1,IFNGR1,IFNGR2,CX3CL1,CLU,MAPT,AZU1,NAGLU,CX3CR1,IL33,GRN,FANCC,NCKAP1L,SOD1,BAX,HAMP,ITPKB,THEMIS,ZAP70,GLI3,CD28,CCR7,SPN,PTPRC,ATF2,ITK,FOSL2,TOX,IL15,CCR7,THEMIS,BRAF,SRF,ZAP70,ITPKB,PTPRC,CD3G,CD28,CD86,PRKCQ,WAS,CHRNA7,CD28,CORO1A,HSPD1,RBX1,NCK1,SMAD3,PPP3CA,LAG3,NLRC3,PPP3CB,FKBP1A,MFAP3,PIK3CG,DPP4,TNFAIP8L2,CD7,CD276,VAV1,PTPRC,CD44,ITK,RASGRP1,CD80,DCAF12,CD3G,CD8B,ADA,ZAP70,DDOST,IFNE,MDK,F2RL1,LCP1,PSEN1,IFNA8,CD1C,APBB1IP,ITGAL,CXCL12,CCL3,DEFA4,GPR183,SLC12A2,PIK3CG,DEFA1,CD86,PTPN6,CAV1,SRC,PTPN11,DPP4,SPN,LGALS1,MAP3K8,KLRK1,CD160,CD24,AKT1,CD28,CD80,PIK3CA,EFNB1,EFNB2,VAV1,CSK,MTOR,CD40LG,KDELR1,DTX1,GATA3,ITPKB,KIT,CTNNB1,IL2,FOSL2,PTPRC,ZAP70,VAV1,PPP3CB,SOX4,PTPN2,LIPA,LMBR1L,LFNG,LEPR,BCL2,GPR89A,LEP,EGR1,PKNOX1,IL7R,PIK3R1,NRARP,SP3,RAG2,GPR89B,RAG2,NKAP,STAT5B,IL2RG,IL7R,CTNNB1,RAG1,GLI3,ZFP36L2,NCAPH2,ZFP36L1,BCL2,ADAM17,PRKDC,GATA3,WNT4,RPS6,LIG4,CDK6,BRAF,B2M,JMJD6,PSMB11,TESPA1,FCER1G,XG,CD99,PPP2CA,CHST3,BCL2,SPNS2,JAK3,STAT5B,ZC3H8,NCKAP1L,PPP2R1A,RC3H1,IL7R,CORO1A,RAG1,PPP3CB,IL20RB,GPR15LG,CASP3,CCNB2,PRDX2,BAX,IL7,BCL2,RAG2,PRKDC,MYO1G,GZMM,CTSH,TAP2,PPP3CB,PRF1,EMP2,CTSC,HPRT1,IL7R,B2M,CD46,CLEC4G,JAG1,MYO1G,CR2,BTN3A2,CD70,GNL1,CR1,GPR15,MYO1G,CORO1A,FUT7,ZAP70,S1PR1,MSN,CCL20,ITGB7,PIK3CG,CD28,PSMB10,EFNB1,IL12B,CORO1A,PTPRC,FKBP1B,LIPA,PTPN6,KITLG,PPP3CB,LMBR1L,RASGRP1,IL20RB,MSN,CTPS1,TNFRSF4,IL2,IDO1,RC3H1,CD151,SCGB1A1,SPN,CCND3,PRDX2,LILRB1,SLC11A1,RPS6,GATA3,SKAP1,THEMIS2,THEMIS,CD3G,KHDRBS1,PTPRC,CACNB3,ZAP70,BTK,PDE4B,PDE4D,RC3H1,CD247,ITK,UBE2N,ABL1,NFKBID,BRAF,CRKL,PLCG2,DENND1B,MAPK1,TXK,VTCN1,PSEN1,FYB2,CTLA4,BTNL8,CD8B,BTN3A2,BCL10,CSK,CD28,BTNL10P,TEC,ZNF683,CD276,PLCG1,EIF2B2,FOSL2,PTPN6,BCAR1,BTNL9,BTNL3,BTN2A1,HLA-DRB3,PTPRJ,PIK3CA,LIG4,PRKDC,CD1D,GPR183,RC3H1,HMGB1,CEBPB,RELB,HMGB1,IL4R,SPN,STAT6,MTOR,TLR4,IL18BP,RELB,IL12B,BCL3,CCR2,RORC,RORA,IL6R,STAT3,IL6ST,JAK1,STAT3,NOTCH1,PHB1,TNFSF4,BCL6,IL4R,GATA3,MYB,MEN1,BCL3,KMT2A,PTGER4,ATP7A,IL12B,ZFPM1,ZAP70,ITPKB,GATA3,CCL20,CORO1A,ABL1,ASXL1,MAP2K1,HAND2,BCL2,MAP2K2,FOXI3,SOD1,PSEN1,CACNB4,TGFBR1,CRKL,MAPK3,EPHB3,SRF,LMO4,GATA3,PBX1,CCNB2,MAPK1,CTNNB1,RAG1,PRDX2,BRAF,TYR,BCL6,FCER1A,IL10,IL33"
"T CELL","T cell","Adaptive","Cellular","Cellular","Manual",354,"ABL1,STAT5B,IL2,FAS,RPS6,AKT1,CD247,CD3G,RPL22,BRAF,GLI3,ADA,ABL1,ZAP70,RHOA,CLEC4G,PTPRC,ZAP70,SYK,RHOA,BRAF,CDH26,CD81,CD83,BRAF,TOX,PRKCQ,CD28,FUT7,IL2RG,TOX,HLA-E,WDFY4,PSMB11,IRF1,TNFSF8,EOMES,TOX,BCL2,KLRC1,RAB27A,LIG4,PTPRC,RAG2,ABL1,CCR7,CRTAM,MYH9,IL15,ITK,CXADR,JAML,CD3G,CD247,SYK,STAT5B,TCF7,PTPRC,CRKL,CRK,CCL2,CD6,DOCK8,MSN,CD81,PRF1,EPHB1,TNFSF4,ITGAL,DOCK8,THEMIS,ZAP70,GLI3,CD28,CCR7,SPN,PTPRC,CCR7,THEMIS,BRAF,SRF,ZAP70,ITPKB,PTPRC,CD3G,CD28,CD86,PRKCQ,WAS,CHRNA7,CD28,CORO1A,HSPD1,RBX1,NCK1,SMAD3,PPP3CA,LAG3,NLRC3,PPP3CB,FKBP1A,MFAP3,PIK3CG,DPP4,TNFAIP8L2,CD7,CD276,VAV1,PTPRC,CD44,ITK,RASGRP1,CD80,DCAF12,CD3G,CD8B,ADA,ZAP70,DDOST,IFNE,MDK,F2RL1,LCP1,PSEN1,IFNA8,CD1C,APBB1IP,ITGAL,CXCL12,CCL3,DEFA4,GPR183,SLC12A2,PIK3CG,DEFA1,CD86,PTPN6,CAV1,SRC,PTPN11,DPP4,SPN,LGALS1,MAP3K8,KLRK1,CD160,CD24,AKT1,CD28,CD80,PIK3CA,EFNB1,EFNB2,VAV1,CSK,MTOR,CD40LG,KDELR1,DTX1,GATA3,ITPKB,KIT,CTNNB1,IL2,FOSL2,PTPRC,ZAP70,VAV1,PPP3CB,SOX4,PTPN2,LIPA,LMBR1L,LFNG,LEPR,BCL2,GPR89A,LEP,EGR1,PKNOX1,IL7R,PIK3R1,NRARP,SP3,RAG2,GPR89B,RAG2,NKAP,STAT5B,IL2RG,IL7R,CTNNB1,RAG1,GLI3,ZFP36L2,NCAPH2,ZFP36L1,BCL2,ADAM17,PRKDC,GATA3,WNT4,RPS6,LIG4,CDK6,BRAF,B2M,JMJD6,PSMB11,TESPA1,FCER1G,XG,CD99,PPP2CA,CHST3,BCL2,SPNS2,JAK3,STAT5B,ZC3H8,NCKAP1L,PPP2R1A,RC3H1,IL7R,CORO1A,RAG1,PPP3CB,IL20RB,GPR15LG,CASP3,CCNB2,PRDX2,BAX,IL7,BCL2,RAG2,PRKDC,MYO1G,GZMM,CTSH,TAP2,PPP3CB,PRF1,EMP2,CTSC,HPRT1,IL7R,B2M,CD46,CLEC4G,JAG1,MYO1G,CR2,BTN3A2,CD70,GNL1,CR1,GPR15,MYO1G,CORO1A,FUT7,ZAP70,S1PR1,MSN,CCL20,ITGB7,PIK3CG,CD28,PSMB10,EFNB1,IL12B,CORO1A,PTPRC,FKBP1B,LIPA,PTPN6,KITLG,PPP3CB,LMBR1L,RASGRP1,IL20RB,MSN,CTPS1,TNFRSF4,IL2,IDO1,RC3H1,CD151,SCGB1A1,SPN,CCND3,PRDX2,LILRB1,SLC11A1,RPS6,GATA3,SKAP1,THEMIS2,THEMIS,CD3G,KHDRBS1,PTPRC,CACNB3,ZAP70,BTK,PDE4B,PDE4D,RC3H1,CD247,ITK,UBE2N,ABL1,NFKBID,BRAF,CRKL,PLCG2,DENND1B,MAPK1,TXK,VTCN1,PSEN1,FYB2,CTLA4,BTNL8,CD8B,BTN3A2,BCL10,CSK,CD28,BTNL10P,TEC,ZNF683,CD276,PLCG1,EIF2B2,FOSL2,PTPN6,BCAR1,BTNL9,BTNL3,BTN2A1,HLA-DRB3,PTPRJ,PIK3CA,LIG4,PRKDC,CD1D,ZAP70,ITPKB,GATA3,BCL6,FCER1A,IL10,IL33"
"T HELPER CELLS","T helper cell","Adaptive","Cellular","Cellular","Manual",37,"GPR183,RC3H1,HMGB1,CEBPB,RELB,HMGB1,IL4R,SPN,STAT6,MTOR,TLR4,IL18BP,RELB,IL12B,BCL3,CCR2,RORC,RORA,IL6R,STAT3,IL6ST,JAK1,STAT3,NOTCH1,PHB1,TNFSF4,BCL6,IL4R,GATA3,MYB,MEN1,BCL3,KMT2A,PTGER4,ATP7A,IL12B,ZFPM1"
"HUMORAL ADAPTIVE IMMUNE SYSTEM","Humoral adaptive immune system","Adaptive","Humoral","Humoral","Manual",394,"HLA-E,TAC1,DEFA4,B2M,DEFB1,SEMG2,CAMP,DEFA1,H2BC10,DEFA3,BPI,RNASE3,RNASE4,WFDC13,CTSG,DEFA6,WFDC11,H2BC12L,RPL39,WFDC3,PI3,FAU,DEFA5,ADM,WFDC9,SPRR2A,WFDC10B,NCR3LG1,FAM3A,TAC1,DEFA4,CAMP,CXCL14,CXCL12,CAMP,DEFA1,FAU,CCL20,DEFB130A,TOR2A,CXCL1,DEFA3,DEFB131A,REG1B,H2BC10,ROMO1,TAC1,NTS,CXCL2,HAMP,S100A12,DEFA4,CXCL8,CXCL9,REG3A,GNLY,RNASE3,RPS19,BPI,REG3G,RPL30,DEFB1,LGALS3,PF4V1,H2BC12L,SPAG11A,CCL1,HTN1,DEFB103A,DEFA5,DEFA6,B2M,SPAG11B,CXCL6,CXCL3,NPPB,CXCL5,XCL1,CCL8,RPL39,HTN3,S100A7,DCD,F2,FAM3A,ADM,CCL18,PRTN3,BCL3,DEFA4,LYZ,CST9LP1,CST9,SLC11A1,PRSS3,AZU1,TICAM1,BANK1,CXCR5,TBC1D10C,CD79A,CHRNA4,CD40,GAPT,PHB1,CHRNA7,MS4A1,LAX1,RASGRP1,HSPD1,BTK,ZAP70,CD86,CD22,CHRNB2,TXLNA,BST2,AKAP17A,EPHB2,HDAC4,GPR183,BTK,CH25H,PLCG2,PTPRC,PAX5,TOP2B,IFNA8,PIK3R1,RAG1,MSH2,RAG2,IL2RG,ADGRG3,FZD9,MS4A1,EP300,PTPRJ,YY1,STAT5B,PTPN2,LYL1,SYK,CEBPG,JAK3,CD79B,CD79A,CR2,BCL6,KIT,SP3,ZBTB7A,NFAM1,ITGA4,CD40LG,IL10,IL11,BCL2,HDAC4,TPD52,TCF3,RBPJ,FOSL2,IFNE,HHEX,FLT3,VCAM1,ADAM17,IL9,CDH17,SPNS2,BAX,BCL2,GAPT,CAMLG,MEF2C,IL7R,RC3H1,SOS2,SOS1,NCKAP1L,CASP3,BAX,RAG2,TCF3,BCL2,RAG2,PRKDC,CD40,MSH2,CD70,CD19,BAX,TICAM1,BCL2,MEF2C,CD70,TLR4,IL9,CD40,BCL6,RASGRP1,PTPRC,MS4A1,CD79A,HSPD1,CD40LG,IFNA8,IL10,ABL1,IL7,CR2,PRKCD,CTPS1,IL7R,CD38,IFNE,FOSL2,WNT3A,ABL1,CD19,TLR4,GAPT,BAX,CD79A,BTK,ABL1,BCAR1,BCL2,CTLA4,CD79B,SYK,GRB2,CD19,MEF2C,MNDA,PLCG2,PTPRC,NCKAP1L,SOS1,ITK,MAPK1,BMX,NFKBIA,PTPN6,MS4A1,TEC,CD38,NFAM1,NFKB1,BANK1,CD19,TNFAIP3,ABL1,LIMK1,VAV2,SRC,VAV1,SYK,ABL1,PRKCE,MYO1G,HCK,PTK2,PRKCD,FGR,PLPP4,FCGR2B,FCGR2B,IRF8,SPI1,PLCG2,CDH17,SPI1,IRF8,IFNA8,CCR2,IL7,NOTCH2,GATA3,IFNE,BMI1,CD83,CD28,ALOX5,MS4A1,BCL2,PSMB10,CCL2,TFEB,MEF2C,GPR183,BST1,TFE3,ST6GAL1,POU2F2,RBPJ,NOTCH1,BCL3,ZP3,CD81,SPI1,PRKDC,IRF2BP2,KIT,SYVN1,WNT4,CLEC4G,YY1,IL4R,IL9R,CD19,PRKCD,MPL,FCGR2B,IL9,BCL10,FCER1G,IL2RB,CD27,CSF2RB,TCF3,PRKDC,LIG4,LIG4,MSH2,MLH1,ERCC1,CD40LG,UNG,RNF168,SANBR,MSH6,BCL6,STAT6,HSPD1,CDH17,BCL3,LFNG,NOTCH2,IL2RG,RAG2,GPR183,C17orf99,FCGR2B,ST3GAL1,PTX3,SFTPA1,LBP,C4B,MBL2,HLA-G,BCL6,LGALS1,RAG1,RAG2,LRRC8A,GATA3,SPI1,SHLD3,SHLD1,SHLD2,UNG,MLH1,MSH2,MSH6,PMS2,MSH2,MSH6,MLH1,UNG,PMS2,MSH3,MLH1,MSH2,HOXB4,NKX2-5,BCL3,LIPA,EPB42,ADAM17,CDKN2B,PBX1,NKX3-2,RC3H1,NFKB2,NKX2-3,CDH17,ABL1,CACNB4,BCL2,KMT2A,ABL1,FCER1A"
"B CELL","B cell","Adaptive","Humoral","B cell","Manual",255,"TICAM1,BANK1,CXCR5,TBC1D10C,CD79A,CHRNA4,CD40,GAPT,PHB1,CHRNA7,MS4A1,LAX1,RASGRP1,HSPD1,BTK,ZAP70,CD86,CD22,CHRNB2,TXLNA,BST2,AKAP17A,EPHB2,HDAC4,GPR183,BTK,CH25H,PLCG2,PTPRC,PAX5,TOP2B,IFNA8,PIK3R1,RAG1,MSH2,RAG2,IL2RG,ADGRG3,FZD9,MS4A1,EP300,PTPRJ,YY1,STAT5B,PTPN2,LYL1,SYK,CEBPG,JAK3,CD79B,CD79A,CR2,BCL6,KIT,SP3,ZBTB7A,NFAM1,ITGA4,CD40LG,IL10,IL11,BCL2,HDAC4,TPD52,TCF3,RBPJ,FOSL2,IFNE,HHEX,FLT3,VCAM1,ADAM17,IL9,CDH17,SPNS2,BAX,BCL2,GAPT,CAMLG,MEF2C,IL7R,RC3H1,SOS2,SOS1,NCKAP1L,CASP3,BAX,RAG2,TCF3,BCL2,RAG2,PRKDC,CD40,MSH2,CD70,CD19,BAX,TICAM1,BCL2,MEF2C,CD70,TLR4,IL9,CD40,BCL6,RASGRP1,PTPRC,MS4A1,CD79A,HSPD1,CD40LG,IFNA8,IL10,ABL1,IL7,CR2,PRKCD,CTPS1,IL7R,CD38,IFNE,FOSL2,WNT3A,ABL1,CD19,TLR4,GAPT,BAX,CD79A,BTK,ABL1,BCAR1,BCL2,CTLA4,CD79B,SYK,GRB2,CD19,MEF2C,MNDA,PLCG2,PTPRC,NCKAP1L,SOS1,ITK,MAPK1,BMX,NFKBIA,PTPN6,MS4A1,TEC,CD38,NFAM1,NFKB1,BANK1,CD19,TNFAIP3,ABL1,LIMK1,VAV2,SRC,VAV1,SYK,ABL1,PRKCE,MYO1G,HCK,PTK2,PRKCD,FGR,PLPP4,FCGR2B,FCGR2B,IRF8,SPI1,PLCG2,CDH17,SPI1,IRF8,BCL3,ZP3,CD81,SPI1,PRKDC,IRF2BP2,KIT,SYVN1,WNT4,CLEC4G,YY1,IL4R,IL9R,CD19,PRKCD,MPL,FCGR2B,IL9,BCL10,FCER1G,IL2RB,CD27,CSF2RB,TCF3,PRKDC,LIG4,LIG4,MSH2,MLH1,ERCC1,CD40LG,UNG,RNF168,SANBR,MSH6,BCL6,STAT6,HSPD1,CDH17,BCL3,LFNG,NOTCH2,IL2RG,RAG2,GPR183,C17orf99,FCGR2B,ST3GAL1,PTX3,SFTPA1,LBP,C4B,MBL2,HLA-G,RAG1,RAG2,LRRC8A,GATA3,SPI1,SHLD3,SHLD1,SHLD2,UNG,MLH1,MSH2,MSH6,PMS2,MSH2,MSH6,MLH1,UNG,PMS2,MSH3,MLH1,MSH2,ABL1"
"IMMUNOGLOBULIN MEDIATED RESPONSE","Ig-mediated response","Adaptive","Humoral","B cell","Manual",255,"TICAM1,BANK1,CXCR5,TBC1D10C,CD79A,CHRNA4,CD40,GAPT,PHB1,CHRNA7,MS4A1,LAX1,RASGRP1,HSPD1,BTK,ZAP70,CD86,CD22,CHRNB2,TXLNA,BST2,AKAP17A,EPHB2,HDAC4,GPR183,BTK,CH25H,PLCG2,PTPRC,PAX5,TOP2B,IFNA8,PIK3R1,RAG1,MSH2,RAG2,IL2RG,ADGRG3,FZD9,MS4A1,EP300,PTPRJ,YY1,STAT5B,PTPN2,LYL1,SYK,CEBPG,JAK3,CD79B,CD79A,CR2,BCL6,KIT,SP3,ZBTB7A,NFAM1,ITGA4,CD40LG,IL10,IL11,BCL2,HDAC4,TPD52,TCF3,RBPJ,FOSL2,IFNE,HHEX,FLT3,VCAM1,ADAM17,IL9,CDH17,SPNS2,BAX,BCL2,GAPT,CAMLG,MEF2C,IL7R,RC3H1,SOS2,SOS1,NCKAP1L,CASP3,BAX,RAG2,TCF3,BCL2,RAG2,PRKDC,CD40,MSH2,CD70,CD19,BAX,TICAM1,BCL2,MEF2C,CD70,TLR4,IL9,CD40,BCL6,RASGRP1,PTPRC,MS4A1,CD79A,HSPD1,CD40LG,IFNA8,IL10,ABL1,IL7,CR2,PRKCD,CTPS1,IL7R,CD38,IFNE,FOSL2,WNT3A,ABL1,CD19,TLR4,GAPT,BAX,CD79A,BTK,ABL1,BCAR1,BCL2,CTLA4,CD79B,SYK,GRB2,CD19,MEF2C,MNDA,PLCG2,PTPRC,NCKAP1L,SOS1,ITK,MAPK1,BMX,NFKBIA,PTPN6,MS4A1,TEC,CD38,NFAM1,NFKB1,BANK1,CD19,TNFAIP3,ABL1,LIMK1,VAV2,SRC,VAV1,SYK,ABL1,PRKCE,MYO1G,HCK,PTK2,PRKCD,FGR,PLPP4,FCGR2B,FCGR2B,IRF8,SPI1,PLCG2,CDH17,SPI1,IRF8,BCL3,ZP3,CD81,SPI1,PRKDC,IRF2BP2,KIT,SYVN1,WNT4,CLEC4G,YY1,IL4R,IL9R,CD19,PRKCD,MPL,FCGR2B,IL9,BCL10,FCER1G,IL2RB,CD27,CSF2RB,TCF3,PRKDC,LIG4,LIG4,MSH2,MLH1,ERCC1,CD40LG,UNG,RNF168,SANBR,MSH6,BCL6,STAT6,HSPD1,CDH17,BCL3,LFNG,NOTCH2,IL2RG,RAG2,GPR183,C17orf99,FCGR2B,ST3GAL1,PTX3,SFTPA1,LBP,C4B,MBL2,HLA-G,RAG1,RAG2,LRRC8A,GATA3,SPI1,SHLD3,SHLD1,SHLD2,UNG,MLH1,MSH2,MSH6,PMS2,MSH2,MSH6,MLH1,UNG,PMS2,MSH3,MLH1,MSH2,ABL1"
"GENERAL","General","General","General","General","Manual",698,"HMSD,HLA-E,TAC1,DEFA4,B2M,DEFB1,SEMG2,CAMP,DEFA1,H2BC10,DEFA3,BPI,RNASE3,RNASE4,WFDC13,CTSG,DEFA6,WFDC11,H2BC12L,RPL39,WFDC3,PI3,FAU,DEFA5,ADM,WFDC9,SPRR2A,WFDC10B,NCR3LG1,FCGR3A,FCGR1A,FAM3A,TAC1,DEFA4,CAMP,CD19,BCAR1,LAX1,CXCL14,CXCL12,CAMP,DEFA1,FAU,CCL20,DEFB130A,TOR2A,CXCL1,DEFA3,DEFB131A,REG1B,H2BC10,ROMO1,TAC1,NTS,CXCL2,HAMP,S100A12,DEFA4,CXCL8,CXCL9,REG3A,GNLY,RNASE3,RPS19,BPI,REG3G,RPL30,DEFB1,LGALS3,PF4V1,H2BC12L,SPAG11A,CCL1,HTN1,DEFB103A,DEFA5,DEFA6,B2M,SPAG11B,CXCL6,CXCL3,NPPB,CXCL5,XCL1,CCL8,RPL39,HTN3,S100A7,DCD,F2,FAM3A,ADM,CCL18,PRTN3,BCL3,DEFA4,LYZ,CST9LP1,CST9,SLC11A1,PRSS3,AZU1,ITGA1,AZU1,JAM2,FER,ITGA4,PECAM1,ASXL1,LTBR,IL6R,IFNA8,CCR2,IL7,NOTCH2,GATA3,IFNE,BMI1,CD83,CD28,ALOX5,MS4A1,BCL2,PSMB10,CCL2,TFEB,MEF2C,GPR183,BST1,TFE3,ST6GAL1,POU2F2,RBPJ,NOTCH1,HLA-C,CCL1,RAG1,CXCL14,VAV1,IL2RG,CCL20,HLA-DOB,LILRB2,CD1C,ITGB8,HLA-DPA1,CCR7,TNFSF15,CCL2,PTAFR,CEACAM8,CD1E,SCAP,C7,CX3CR1,KIR3DL1,HLA-DMA,IL12A,ETS1,CXCL6,CCR1,IL10,HLA-E,CCR2,CCL4L1,C1R,PNP,GPR183,IL1RL1,FCGR1A,XCL1,CXCL12,LAX1,CXCL1,CD1D,DPP8,TNFSF8,ENPP1,CRHR1,GTPBP1,IL3,EXOSC9,NRROS,KIR2DL1,LY86,IL18RAP,LIF,IGSF6,HAMP,CCL24,TGFBR3,SERPINB9,CEBPG,CR2,ADGRE5,CIITA,CCL4,IGF1R,IFITM2,IL1RN,CRIP1,XBP1,GPR65,TCF7,TNFSF4,S1PR4,LTB,IL15,PKHD1L1,RGS1,CCL23,CD96,IL10RB,HLA-DMB,IL7,CTSK,WAS,ACKR3,CTSS,IL13,PIK3R1,CD28,IL32,VPREB1,THBS1,CNIH1,CXCL2,FASLG,CXCR5,DEFA1,ENDOU,OPRD1,CXCR1,ZAP70,RFX1,CTSG,CCR10,GEM,PIK3CG,SP2,HLA-DRB3,MAP4K2,CCL7,CHST4,IFI6,TNFRSF1B,TYK2,TNFSF10,IL27RA,FCGR3A,IL7R,CCL3L1,KIR2DL3,CXCL3,HRH2,TRIM22,SPN,CSF3,CCL5,CXCR4,PF4V1,LTBR,BMPR1A,CXCL5,CD79B,TLR4,FAS,C6,CTLA4,FCAR,CD70,SMAD3,PRG2,FCGR2B,RAET1L,FCGR2C,CCL3,IRF8,CD80,CTSW,GBP6,CNR2,CXCR2,IL1R1,XCR1,GBP2,HLA-F,RAET1G,C5AR1,NOTCH1,IL1R2,DEFB1,CCL8,CD8B,IL9,CTSH,IFITM3,CD7,PTGER4,CD1B,CX3CL1,ITGB6,B2M,CXCR3,OSM,BMP6,KIR2DS2,OPRK1,CEBPB,AZGP1,HLA-G,HLA-DRB4,CXCL8,IL2,CD40LG,CCL18,MS4A2,CLEC4G,GZMA,IRAK1BP1,TNFRSF4,FCGRT,CTSC,CD164,CXCL9,IL4R,CD86,CFP,C1QBP,TNFSF9,PIK3R6,CYP11B1,ITGA4,ITGB7,TTLL1,PRF1,BAG6,SMAD3,BCL2,RO60,GATA3,TXK,P0DOX8,STMP1,GZMM,EIF2AK2,LILRA5,FBXO38,LGALS9,P0DOX7,LILRA3,P0DOX3,CEACAM20,THEMIS,CD55,GBP2,FGR,CLEC6A,RNF135,HK1,JAGN1,TMEM33,C6,ADSS2,IFIT2,IFITM2,CD40,BTN3A2,BPI,LILRA6,MYO1G,CD1D,TRIM23,HLA-E,LGALS3,SPIRE1,ENDOD1,CAMP,PRKDC,CFD,HLA-G,PRKCE,CASP4,C1S,SLC15A4,IFI6,HLA-F,CD81,OLR1,TEC,CFB,XRCC6,XRCC5,CD19,GBP1,CFH,ADAR,TAP1,F2RL1,HLA-DMB,ACOD1,SFTPD,CTPS1,RIGI,SARM1,TRIM26,MBL2,PSMB8,KLRC2,LCN2,RNF213,C7,PRKCQ,NMB,P0DOX4,NLRC5,S100A12,BPIFC,LILRB2,TAP2,HLA-DPA1,TRIM65,HMGB1,LAIR1,CSK,ITGAM,TREML4,PTMS,PSMA1,CSF1,USP14,APOBEC3H,FCGR2A,TAX1BP1,CD160,CLU,BCL6,P0DOX5,PELI3,HP,HEXIM1,TNFAIP8L2,OTUD7B,CD79A,CD14,SFPQ,DEFA5,PLD3,HMGB2,APOBEC3F,BTK,PRG2,KLRC1,CD177,CR1,KLRK1,RNF19B,NLRP2B,MST1R,MASP2,IDO2,C4A,PIK3CG,MAVS,HLA-DOB,CLEC10A,TIRAP,LBP,SIRT2,DAB2IP,MIF,PARP9,STING1,PSMB9,PLPP6,IL4R,IL34,IRGM,ZAP70,ADARB1,SSC5D,NLRP10,IL27,C1R,DHX9,P0DOX6,C1QBP,CD300C,SYK,CD46,CD300LB,MASP1,SUSD4,ARID5A,FCGR1A,IL31RA,NLRP9,IRF2,CD1C,GBP6,MMP3,HLA-DRB4,C4B,IRF1,C17orf99,MATR3,JAML,IL23R,IFI30,PML,GPR183,HMHB1,CD7,ITK,SLFN11,LACC1,NLRX1,IL2,OAS2,IFIT1,SLC15A3,CD1E,P0DOX2,ZNF683,TICAM2,OTUD4,HLA-DRB3,IRF9,IFITM1,ETS1,MX2,CD8B,BTLA,B2M,APOBEC3A,ARG2,CD300LD,IRF8,JAK3,RAET1L,CD247,ZC3HAV1,IFITM3,TARM1,CD3G,CX3CR1,CD86,PARP1,THEMIS2,CFP,CD8B2,MAP4K2,HCK,MCOLN2,GBP7,USP27X,NLRP6,METTL3,GP2,CD1B,EOMES,LY86,SERINC5,BST2,IL31,MX1,IRAG2,GATA3,BAG6,HLA-C,MYSM1,CTLA4,VSTM1,CD300LG,SKAP1,FCER1G,VTCN1,SRC,C4BPB,TTC4,FCGR3A,DEFA6,FGL1,TLR4,CGAS,TBKBP1,IDO1,HLA-DMA,CRTAM,DDX60,CR2,TFE3,BCL10,GSDMD,LILRA4,TNFRSF17,TFEB,ERAP2,LILRB4,MAP3K8,RAET1G,TICAM1,AXL,LAG3,CD6,LILRA2,IFI27,DCAF15,ADSS1,LAX1,IFI35,LILRB1,CD79B,BTNL8,PRDX1,PRDX2,ZNF3,SYK,IL2,SCNN1B,CX3CL1,CXCR5,CX3CR1,S1PR1,PPIA,GPR183,IL10,CX3CL1,CNR2,MT-RNR2,CORO1A,ALOX5,MDK,PTN,LBP,HCK,BAX,BCL2,CXCL6,FLT3,PRF1,DBH,PDE4B,SELL,MYH9,MSN,AIMP1,ELANE,SRC,SELP,SELE,ADORA1,ITGA3,DBH,F2RL1,SOS1,ITGB7,ADD2,ITGA6,CD34,HCK,FUT7,ELANE,CX3CL1,ADAM8,ALOX5,SELE,FUT7,SELE,VCAM1,SELL,SELP,SPN,ADD2,JAM2,ITGB7,GCNT1,ITGA4,CX3CR1,LEP,CXCR5,NKX2-3,IL7R,IL15,PDPN,RORC,RC3H1,SPNS2,LTB,NKX2-3,OTUD7B,CD160,IFNL2,IFNLR1,CSF1,PAFAH1B1,PIK3R1,NF1"
"ANTIMICROBIAL","Antimicrobial immune response","General","General","General","Manual",68,"FAM3A,TAC1,DEFA4,CAMP,CXCL14,CXCL12,CAMP,DEFA1,FAU,CCL20,DEFB130A,TOR2A,CXCL1,DEFA3,DEFB131A,REG1B,H2BC10,ROMO1,TAC1,NTS,CXCL2,HAMP,S100A12,DEFA4,CXCL8,CXCL9,REG3A,GNLY,RNASE3,RPS19,BPI,REG3G,RPL30,DEFB1,LGALS3,PF4V1,H2BC12L,SPAG11A,CCL1,HTN1,DEFB103A,DEFA5,DEFA6,B2M,SPAG11B,CXCL6,CXCL3,NPPB,CXCL5,XCL1,CCL8,RPL39,HTN3,S100A7,DCD,F2,FAM3A,ADM,CCL18,PRTN3,BCL3,DEFA4,LYZ,CST9LP1,CST9,SLC11A1,PRSS3,AZU1"
"DENDRITIC CELL","Dendritic cell","Innate","Cell","APC","Manual",32,"CCR2,CXCR2,CCR1,CXCR4,CXCR1,CCR7,HMGB1,GPR183,PIK3CG,CCL5,GPR183,F2R,ALOX5,CDC42,EPS8,DOCK8,NLRP12,HMGB1,HLA-DRB3,CCR7,ARHGEF5,SPI1,BATF2,TGFBR2,NOTCH2,LTBR,PSEN1,RELB,RBPJ,LAG3,ZBTB46,IRF8"
"ACTIVATED T CELL PROLIFERATION","Proliferation, T cell, Activated","Adaptive","Cellular","T cell","GO:0050798",3,"ABL1,STAT5B,IL2"
"ACTIVATION OF IMMUNE RESPONSE","Activation, Immune response","General","Immune","Undefined","GO:0002253",1,"HMSD"
"ACTIVATION OF INNATE IMMUNE RESPONSE","Activation, Innate immune response","Innate","General","Undefined","GO:0002218",16,"STING1,MAVS,NLRP10,XRCC5,MNDA,CGAS,TLR4,CASP6,XRCC6,SFPQ,PYHIN1,MATR3,HEXIM1,GBP2,PRKDC,HMGB1"
"ACTIVATION-INDUCED CELL DEATH OF T CELLS","Cell death, Activation-induced, T cell","Adaptive","Cellular","T cell","GO:0006924",3,"FAS,RPS6,AKT1"
"ACUTE INFLAMMATORY RESPONSE TO ANTIGENIC STIMULUS","Acute inflammatory response to antigenic stimulus","Innate","Inflammation","Undefined","GO:0002438",5,"NLRP6,ELANE,IL31RA,CD6,CXCR2"
"ADAPTIVE IMMUNE RESPONSE","Adaptive Immune response","Adaptive","General","Lymphocyte","GO:0002250",330,"TAP2,HLA-DOB,FBXO38,P0DOX7,MYO1G,BTN3A2,HLA-E,CD19,OTUD7B,HLA-C,CLEC6A,CD1B,LILRB2,RAG1,JAK3,EOMES,THEMIS,HLA-DMB,CD1C,NLRP10,P0DOX6,LAG3,HLA-DRB3,P0DOX8,SYK,CTSS,RAPGEF3,CSK,CD247,ITK,CX3CR1,LILRA6,BCL10,BTLA,LILRB4,VTCN1,KLRC1,TEC,KLRC2,RAP1GAP2,ZNF683,TAP1,C17orf99,CD3G,CD8B,LAIR1,RAP1GAP,CD7,ARG2,ZAP70,CD160,CTSH,ERAP2,BTK,MCOLN2,LILRA3,GPR183,RNF19B,CD1E,P0DOX5,BTNL8,CD6,HLA-DRB4,IFNA8,CTLA4,LILRB1,BMX,CD46,IL2,TXK,P0DOX2,HMGB1,LAX1,CD79B,CD8B2,CLEC10A,CD86,TFEB,C1QBP,HLA-DPA1,TARM1,P0DOX4,HMHB1,CD81,HLA-DMA,CRTAM,SKAP1,PIK3CG,KLRK1,P0DOX3,FGL1,TFE3,IFNE,CD79A,TNFRSF17"
"ALPHA-BETA T CELL ACTIVATION","Activation, abT cell","Adaptive","Cellular","T cell","GO:0046631",3,"CD247,CD3G"
"ALPHA-BETA T CELL DIFFERENTIATION","Differentiation, abT cell","Adaptive","Cellular","T cell","GO:0046632",6,"RPL22,BRAF,GLI3,ADA,ABL1,ZAP70"
"ALPHA-BETA T CELL LINEAGE COMMITMENT","Lineage commitment, abT cell","Adaptive","Cellular","T cell","GO:0002363",1,"RHOA"
"ALPHA-BETA T CELL PROLIFERATION","Proliferation, abT cell","Adaptive","Cellular","T cell","GO:0046633",2,"CLEC4G,PTPRC"
"ANTIBACTERIAL HUMORAL RESPONSE","Antibacterial humoral response","General","Humoral","Undefined","GO:0019731",28,"HLA-E,TAC1,DEFA4,B2M,DEFB1,SEMG2,CAMP,DEFA1,H2BC10,DEFA3,BPI,RNASE3,RNASE4,WFDC13,CTSG,DEFA6,WFDC11,H2BC12L,RPL39,WFDC3,PI3,FAU,DEFA5,ADM,WFDC9,SPRR2A,WFDC10B,NCR3LG1"
"ANTIBACTERIAL INNATE IMMUNE RESPONSE","Antibacterial innate immune response","Innate","Innate","Undefined","GO:0140367",1,"TFEB"
"ANTIBACTERIAL PEPTIDE BIOSYNTHETIC PROCESS","Biosynthetic process, Antibacterial peptide","Innate","Innate","Undefined","GO:0002780",1,"LGALS4"
"ANTIBODY-DEPENDENT CELLULAR CYTOTOXICITY","ADCC","General","ADCC","Undefined","GO:0001788",2,"FCGR3A,FCGR1A"
"ANTIFUNGAL HUMORAL RESPONSE","Antifungal humoral response","General","Humoral","Antimicrobial","GO:0019732",4,"FAM3A,TAC1,DEFA4,CAMP"
"ANTIFUNGAL INNATE IMMUNE RESPONSE","Antifungal innate immune response","Innate","Antifungal","Undefined","GO:0061760",6,"CX3CR1,CLEC6A,PLCG2,BCL10,DEFB119,DEFB106A"
"ANTIGEN PROCESSING AND PRESENTATION","APP","Innate","APP","All","GO:0019882",20,"HLA-DRB4,RAB27A,HLA-DRB3,HLA-DMA,HLA-DOB,CTSH,RELB,AP3B1,CTSS,HLA-DMB,HLA-DPA1,RAB4A,HLA-E,PSMB8,RAB5B,HLA-C,WDFY4,RAB3B,RAB10,RAB6A"
"ANTIGEN PROCESSING AND PRESENTATION OF ENDOGENOUS PEPTIDE ANTIGEN VIA MHC CLASS I","APP, MHC I, endogenous peptide","Innate","APP","All","GO:0019885",5,"TAP2,TAP1,ERAP2,B2M,IDE"
"ANTIGEN PROCESSING AND PRESENTATION OF ENDOGENOUS PEPTIDE ANTIGEN VIA MHC CLASS I VIA ER PATHWAY, TAP-DEPENDENT","APP, MHC I, endogenous peptide, TAP-dependent","Innate","APP","All","GO:0002485",1,"TAP2"
"ANTIGEN PROCESSING AND PRESENTATION OF ENDOGENOUS PEPTIDE ANTIGEN VIA MHC CLASS I VIA ER PATHWAY, TAP-INDEPENDENT","APP, MHC I, endogenous peptide, TAP-independent","Innate","APP","All","GO:0002486",6,"HLA-E,RAET1L,RAET1G,HLA-C,HLA-G,HLA-F"
"ANTIGEN PROCESSING AND PRESENTATION OF ENDOGENOUS PEPTIDE ANTIGEN VIA MHC CLASS IB","APP, MHC IB, endogenous peptide","Innate","APP","All","GO:0002476",6,"HLA-C,HLA-F,RAET1G,HLA-G,RAET1L,HLA-E"
"ANTIGEN PROCESSING AND PRESENTATION OF ENDOGENOUS PEPTIDE ANTIGEN VIA MHC CLASS IB VIA ER PATHWAY, TAP-DEPENDENT","APP, MHC IB, endogenous peptide, TAP-dependent","Innate","APP","All","GO:0002489",1,"TAP2"
"ANTIGEN PROCESSING AND PRESENTATION OF EXOGENOUS ANTIGEN","APP, Exogenous antigen","Innate","APP","APC","GO:0019884",2,"PSME1,FCGR1A"
"ANTIGEN PROCESSING AND PRESENTATION OF EXOGENOUS PEPTIDE ANTIGEN VIA MHC CLASS I","APP, MHC I, exogenous peptide","Innate","APP","All","GO:0042590",4,"FCGR1A,FCER1G,IFI30,MFSD6"
"ANTIGEN PROCESSING AND PRESENTATION OF EXOGENOUS PEPTIDE ANTIGEN VIA MHC CLASS IB","APP, MHC IB, exogenous peptide","Innate","APP","All","GO:0002477",2,"HLA-F,HLA-E"
"ANTIGEN PROCESSING AND PRESENTATION OF EXOGENOUS PEPTIDE ANTIGEN VIA MHC CLASS II","APP, MHC II, exogenous peptide","Innate","APP","APC","GO:0019886",13,"IFI30,HLA-DOB,DNM2,HLA-DMB,HLA-DPA1,CTSE,FCGR2B,CTSS,HLA-DMA,HLA-DRB3,FCER1G,HLA-DRB4,B2M"
"ANTIGEN PROCESSING AND PRESENTATION OF EXOGENOUS PROTEIN ANTIGEN VIA MHC CLASS IB, TAP-DEPENDENT","APP, MHC IB, exogenous peptide, TAP-dependent","Innate","APP","All","GO:0002481",2,"B2M,TAP2"
"ANTIGEN PROCESSING AND PRESENTATION OF PEPTIDE ANTIGEN","APP, Peptide antigen","Innate","APP","All","GO:0048002",2,"SLC11A1,CTSS"
"ANTIGEN PROCESSING AND PRESENTATION OF PEPTIDE ANTIGEN VIA MHC CLASS I","APP, MHC I, Peptide antigen","Innate","APP","All","GO:0002474",7,"HLA-G,HLA-E,B2M,HLA-F,HLA-C,ACE,ERAP2"
"ANTIGEN PROCESSING AND PRESENTATION OF PEPTIDE OR POLYSACCHARIDE ANTIGEN VIA MHC CLASS II","APP, MHC II, polysacharide or peptide","Innate","APP","APC","GO:0002504",6,"HLA-DRB3,HLA-DMB,HLA-DRB4,HLA-DMA,HLA-DOB,HLA-DPA1"
"ANTIGEN PROCESSING AND PRESENTATION, ENDOGENOUS LIPID ANTIGEN VIA MHC CLASS IB","APP, MHC IB, Endogenous lipid antigen","Innate","APP","All","GO:0048006",4,"CD1D,CD1B,CD1E,CD1C"
"ANTIGEN PROCESSING AND PRESENTATION, EXOGENOUS LIPID ANTIGEN VIA MHC CLASS IB","APP, MHC IB, Exogenous lipid antigen","Innate","APP","All","GO:0048007",5,"CD1B,AP3B1,CD1E,CD1D,CD1C"
"ANTIGEN RECEPTOR-MEDIATED SIGNALING PATHWAY","Signaling, Antigen receptor, Pathway","General","Undefined","Undefined","GO:0050851",3,"CD19,BCAR1,LAX1"
"ANTIGEN TRANSCYTOSIS BY M CELLS IN MUCOSAL-ASSOCIATED LYMPHOID TISSUE","Antigen transcytosis, M cells, Mucosa, Lymphoid tissue","Innate","M cells","M cells","GO:0002412",1,"GP2"
"ANTIMICROBIAL HUMORAL IMMUNE RESPONSE MEDIATED BY ANTIMICROBIAL PEPTIDE","Antimicrobial peptide-mediated immune response","General","Humoral","Antimicrobial","GO:0061844",55,"CXCL14,CXCL12,CAMP,DEFA1,FAU,CCL20,DEFB130A,TOR2A,CXCL1,DEFA3,DEFB131A,REG1B,H2BC10,ROMO1,TAC1,NTS,CXCL2,HAMP,S100A12,DEFA4,CXCL8,CXCL9,REG3A,GNLY,RNASE3,RPS19,BPI,REG3G,RPL30,DEFB1,LGALS3,PF4V1,H2BC12L,SPAG11A,CCL1,HTN1,DEFB103A,DEFA5,DEFA6,B2M,SPAG11B,CXCL6,CXCL3,NPPB,CXCL5,XCL1,CCL8,RPL39,HTN3,S100A7,DCD,F2,FAM3A,ADM,CCL18"
"ANTIMICROBIAL HUMORAL RESPONSE","Antimicrobial humoral response","General","Humoral","Antimicrobial","GO:0019730",9,"PRTN3,BCL3,DEFA4,LYZ,CST9LP1,CST9,SLC11A1,PRSS3,AZU1"
"ANTIVIRAL INNATE IMMUNE RESPONSE","Antiviral innate immune response","Innate","Antiviral","Undefined","GO:0140374",17,"RNF135,PHB1,TRIM65,UBE2N,MAVS,NMB,RIGI,NMBR,IFIT1,EIF2AK2,STING1,MBL2,NCK1,IFIT2,NLRP6,MX1,PDE12"
"ASTROCYTE ACTIVATION INVOLVED IN IMMUNE RESPONSE","Activation, Astrocyte","Innate","Innate","Astrocyte","GO:0002265",3,"PSEN1,LRP1,GRN"
"B CELL ACTIVATION","Activation, B cell","Adaptive","Humoral","B cell","GO:0042113",25,"TICAM1,BANK1,CXCR5,TBC1D10C,CD79A,CHRNA4,CD40,GAPT,PHB1,CHRNA7,MS4A1,LAX1,RASGRP1,HSPD1,BTK,ZAP70,CD86,CD22,CHRNB2,TXLNA,BST2,AKAP17A,EPHB2,HDAC4"
"B CELL ACTIVATION INVOLVED IN IMMUNE RESPONSE","Activation, Immune response, B cell","Adaptive","Humoral","B cell","GO:0002312",1,"GPR183"
"B CELL AFFINITY MATURATION","Affinity maturation, B cell","Adaptive","Humoral","B cell","GO:0002344",1,"BTK"
"B CELL CHEMOTAXIS","Chemotaxis, B cell","Adaptive","Humoral","B cell","GO:0035754",1,"CH25H"
"B CELL DIFFERENTIATION","Differentiation, B cell","Adaptive","Humoral","B cell","GO:0030183",47,"PLCG2,PTPRC,PAX5,TOP2B,IFNA8,PIK3R1,RAG1,MSH2,RAG2,IL2RG,ADGRG3,FZD9,MS4A1,EP300,PTPRJ,YY1,STAT5B,PTPN2,LYL1,SYK,CEBPG,JAK3,CD79B,CD79A,CR2,BCL6,KIT,SP3,ZBTB7A,NFAM1,ITGA4,CD40LG,IL10,IL11,BCL2,HDAC4,TPD52,TCF3,RBPJ,FOSL2,IFNE,HHEX,FLT3,VCAM1,ADAM17,IL9,CDH17"
"B CELL HOMEOSTASIS","Homeostasis, B cell","Adaptive","Humoral","B cell","GO:0001782",12,"SPNS2,BAX,BCL2,GAPT,CAMLG,MEF2C,IL7R,RC3H1,SOS2,SOS1,NCKAP1L,CASP3"
"B CELL HOMEOSTATIC PROLIFERATION","Homeostatic proliferation, B cell","Adaptive","Humoral","B cell","GO:0002358",2,"BAX,RAG2"
"B CELL LINEAGE COMMITMENT","Lineage commitment, B cell","Adaptive","Humoral","B cell","GO:0002326",4,"TCF3,BCL2,RAG2,PRKDC"
"B CELL MEDIATED IMMUNITY","Immunity, B cell","Adaptive","Humoral","B cell","GO:0019724",4,"CD40,MSH2,CD70,CD19"
"B CELL NEGATIVE SELECTION","Negative selection, B cell","Adaptive","Humoral","B cell","GO:0002352",1,"BAX"
"B CELL PROLIFERATION","Proliferation, B cell","Adaptive","Humoral","B cell","GO:0042100",26,"TICAM1,BCL2,MEF2C,CD70,TLR4,IL9,CD40,BCL6,RASGRP1,PTPRC,MS4A1,CD79A,HSPD1,CD40LG,IFNA8,IL10,ABL1,IL7,CR2,PRKCD,CTPS1,IL7R,CD38,IFNE,FOSL2,WNT3A"
"B CELL PROLIFERATION INVOLVED IN IMMUNE RESPONSE","Proliferation, Immune response, B cell","Adaptive","Humoral","B cell","GO:0002322",4,"ABL1,CD19,TLR4,GAPT"
"B CELL RECEPTOR APOPTOTIC SIGNALING PATHWAY","Apoptotic signaling, BCR, B cell","Adaptive","Humoral","B cell","GO:1990117",1,"BAX"
"B CELL RECEPTOR SIGNALING PATHWAY","Signaling, BCR, B cell","Adaptive","Humoral","B cell","GO:0050853",31,"CD79A,BTK,ABL1,BCAR1,BCL2,CTLA4,CD79B,SYK,GRB2,CD19,MEF2C,MNDA,PLCG2,PTPRC,NCKAP1L,SOS1,ITK,MAPK1,BMX,NFKBIA,PTPN6,MS4A1,TEC,CD38,NFAM1,NFKB1,BANK1"
"B-1 B CELL DIFFERENTIATION","Differentiation, B-1 B cell","Adaptive","Humoral","B cell","GO:0001923",1,"CD19"
"B-1 B CELL HOMEOSTASIS","Homeostasis, B-1 B cell","Adaptive","Humoral","B cell","GO:0001922",2,"TNFAIP3,ABL1"
"BASOPHIL CHEMOTAXIS","Chemotaxis, Basophil","Innate","Innate","Basophil","GO:0002575",1,"VEGFA"
"BASOPHIL HOMEOSTASIS","Homeostasis, Basophil","Innate","Innate","Basophil","GO:1990960",1,"MPL"
"BETA SELECTION","Selection, Beta","Adaptive","Cellular","T cell","GO:0043366",3,"ZAP70,SYK,RHOA"
"BIOSYNTHETIC PROCESS OF ANTIBACTERIAL PEPTIDES ACTIVE AGAINST GRAM-NEGATIVE BACTERIA","Biosynthesis, Antibacterial peptides against Gram-","Undefined","Undefined","Undefined","GO:0002812",1,"ELANE"
"BONE MARROW DEVELOPMENT","Development, Bone marrow","Adaptive","Organ","Bone marrow","GO:0048539",5,"LRRC17,ASXL1,LIPA,HOXB4,PTPRC"
"CD4-POSITIVE OR CD8-POSITIVE, ALPHA-BETA T CELL LINEAGE COMMITMENT","Lineage commitment, CD4+ OR CD8+, abT cell","Adaptive","Cellular","T cell","GO:0043369",1,"BRAF"
"CD4-POSITIVE, ALPHA-BETA T CELL ACTIVATION","Activation, CD4+, abT cell","Adaptive","Cellular","T cell","GO:0035710",1,"CDH26"
"CD4-POSITIVE, ALPHA-BETA T CELL COSTIMULATION","Costimulation, CD4+, abT cell","Adaptive","Cellular","T cell","GO:0035783",1,"CD81"
"CD4-POSITIVE, ALPHA-BETA T CELL DIFFERENTIATION","Differentiation, CD4+ T cell","Adaptive","Cellular","T cell","GO:0043367",2,"CD83,BRAF"
"CD4-POSITIVE, ALPHA-BETA T CELL LINEAGE COMMITMENT","Lineage commitment, CD4+, abT cell","Adaptive","Cellular","T cell","GO:0043373",1,"TOX"
"CD4-POSITIVE, ALPHA-BETA T CELL PROLIFERATION","Proliferation, CD4+, abT cell","Adaptive","Cellular","T cell","GO:0035739",2,"PRKCQ,CD28"
"CD4-POSITIVE, CD25-POSITIVE, ALPHA-BETA REGULATORY T CELL DIFFERENTIATION","Differentiation, CD4+, CD25+, abTreg","Adaptive","Cellular","T cell","GO:0002361",2,"FUT7,IL2RG"
"CD4-POSITIVE, CD25-POSITIVE, ALPHA-BETA REGULATORY T CELL LINEAGE COMMITMENT","Lineage commitment, CD4+, CD25+, abTreg","Adaptive","Cellular","T cell","GO:0002362",1,"TOX"
"CD8-POSITIVE, ALPHA-BETA T CELL ACTIVATION","Activation, CD8+, abT cell","Adaptive","Cellular","T cell","GO:0036037",2,"HLA-E,WDFY4"
"CD8-POSITIVE, ALPHA-BETA T CELL DIFFERENTIATION","Differentiation, CD8+, abT cell","Adaptive","Cellular","T cell","GO:0043374",3,"PSMB11,IRF1,TNFSF8"
"CD8-POSITIVE, ALPHA-BETA T CELL DIFFERENTIATION INVOLVED IN IMMUNE RESPONSE","Differentiation, Immune response, CD8+, abT cell","Adaptive","Cellular","T cell","GO:0002302",1,"EOMES"
"CD8-POSITIVE, ALPHA-BETA T CELL LINEAGE COMMITMENT","Lineage commitment, CD8+, abT cell","Adaptive","Cellular","T cell","GO:0043375",2,"TOX,BCL2"
"CD8-POSITIVE, GAMMA-DELTA INTRAEPITHELIAL T CELL DIFFERENTIATION","Differentiation, CD8+, gdT cell, Intraepithelial","Adaptive","Cellular","T cell","GO:0002305",1,"KLRC1"
"CELL SURFACE PATTERN RECOGNITION RECEPTOR SIGNALING PATHWAY","PRR, Cell surface, Pathway","Innate","PRR","All","GO:0002752",3,"MBL2,LBP,CD14"
"CELLULAR EXTRAVASATION","Cellular extravasation","General","General","Leukocyte","GO:0045123",3,"ITGA1,AZU1,JAM2"
"CELLULAR RESPONSE TO TYPE I INTERFERON","Cellular response to Interferon I","Innate","Interferon","Undefined","GO:0071357",1,"IFIT1"
"CELLULAR RESPONSE TO TYPE II INTERFERON","Cellular response to Interferon II","Innate","Interferon","Undefined","GO:0071346",59,"DAPK1,WAS,CCL5,CCL4,STXBP1,NOS2,AQP4,CCL8,STXBP4,CD47,STX4,STAT1,CLDN1,GBP6,CCL1,GBP2,CCL3,GBP1,CCL4L1,CCL3L1,ACTG1,RAB43,CCL18,CCL2,FCAR,IL12RB1,RPS6KB1,MRC1,CX3CL1,XCL1,TDGF1,TLR4,IRF8,CDC42,RPL13A,CCL20,LGALS9,STXBP3,MYO1C,ACTR2,CCL24,ACTR3,CASP1,FASLG,SIRPA,CCL7,CCL23,KIF5B,VIM,CD58,CALM1,GBP7,IL12B,WNT5A,HLA-DPA1,PDE12,ACOD1,ADAMTS13,AIF1"
"CHRONIC INFLAMMATORY RESPONSE TO ANTIGENIC STIMULUS","Antigen, Chronic, Inflammatory response","Innate","Inflammation","Undefined","GO:0002439",1,"IL10"
"COMPLEMENT ACTIVATION","Activation, Complement","Complement","Complement","Undefined","GO:0006956",16,"C4B,CFHR2,C7,CFH,C4A,C6,CFD,CFHR3,MASP1,CFHR1,C1S,CLU,C1R,MASP2,CFP,CFB"
"COMPLEMENT ACTIVATION, ALTERNATIVE PATHWAY","Complement, Alternative pathway","Complement","Complement","Undefined","GO:0006957",7,"CFD,CR1,CFP,CFB,CR2,CFH,C7"
"COMPLEMENT ACTIVATION, CLASSICAL PATHWAY","Complement, Classical pathway","Complement","Complement","Undefined","GO:0006958",17,"SUSD4,C1QBP,C6,CD46,MBL2,C4BPB,C1R,CD55,C1S,NCR3LG1,CR1,C4A,C7,C4B,CR2,CLU,MASP2"
"COMPLEMENT ACTIVATION, LECTIN PATHWAY","Complement, Lectin pathway","Complement","Complement","Undefined","GO:0001867",3,"MASP1,MBL2,MASP2"
"COMPLEMENT COMPONENT C5A SIGNALING PATHWAY","Complement, C5a pathway","Complement","Complement","Undefined","GO:0038178",1,"C5AR1"
"COMPLEMENT RECEPTOR MEDIATED SIGNALING PATHWAY","Complement, Pathway","Complement","Complement","Undefined","GO:0002430",8,"C5AR1,FPR1,GPLD1,GPR32P1,CR1,FPR2,FPR3,CR2"
"CYTOSOLIC PATTERN RECOGNITION RECEPTOR SIGNALING PATHWAY","PRR, Cytosolic, Pathway","Innate","PRR","Undefined","GO:0002753",4,"MAVS,RIGI,CGAS,STING1"
"CYTOTOXIC T CELL DEGRANULATION","Degranulation, Cytotoxic T cell","Adaptive","Cellular","T cell","GO:0043316",1,"RAB27A"
"DENDRITIC CELL CHEMOTAXIS","Chemotaxis, Dendritic cell","Innate","APC","Dendritic cell","GO:0002407",10,"CCR2,CXCR2,CCR1,CXCR4,CXCR1,CCR7,HMGB1,GPR183,PIK3CG,CCL5"
"DENDRITIC CELL HOMEOSTASIS","Homeostasis, Dendritic cell","Innate","APC","Dendritic cell","GO:0036145",2,"GPR183,F2R"
"DENDRITIC CELL MIGRATION","Migration, Dendritic cell","Innate","APC","Dendritic cell","GO:0036336",5,"ALOX5,CDC42,EPS8,DOCK8,NLRP12"
"DIAPEDESIS","Diapedesis","General","General","Leukocyte","GO:0050904",3,"FER,ITGA4,PECAM1"
"DN2 THYMOCYTE DIFFERENTIATION","Differentiation , DN2 thymocyte","Adaptive","Cellular","T cell","GO:1904155",3,"LIG4,PTPRC,RAG2"
"DN4 THYMOCYTE DIFFERENTIATION","Differentiation , DN4 thymocyte","Adaptive","Cellular","T cell","GO:1904157",1,"ABL1"
"EOSINOPHIL CHEMOTAXIS","Chemotaxis, Eosinophil","Innate","Eosinophil","Eosinophil","GO:0048245",16,"SCG2,CCL5,CCL4,CCL18,CCL3,LGALS3,CCL23,CCL1,CCL8,CCL4L1,CCL2,CCL7,CX3CL1,CCL3L1,XCL1,CCL24"
"EOSINOPHIL DEGRANULATION","Degranulation, Eosinophil","Innate","Eosinophil","Eosinophil","GO:0043308",4,"VAMP2,VAMP7,CCL3,FCER1A"
"EOSINOPHIL HOMEOSTASIS","Homeostasis, Eosinophil","Innate","Eosinophil","Eosinophil","GO:1990959",2,"BTK,MPL"
"EOSINOPHIL MIGRATION","Migration, Eosinophil","Innate","Eosinophil","Eosinophil","GO:0072677",1,"EPX"
"ESTABLISHMENT OF T CELL POLARITY","Establishment of T cell polarity","Adaptive","Cellular","T cell","GO:0001768",3,"CCR7,CRTAM,MYH9"
"EXTRATHYMIC T CELL SELECTION","Selection, T cell, Extrathymic","Adaptive","Cellular","T cell","GO:0045062",1,"IL15"
"FC RECEPTOR MEDIATED STIMULATORY SIGNALING PATHWAY","Fc receptor, Pathway","Adaptive","Tolerance","Undefined","GO:0002431",1,"FCER1G"
"FC-GAMMA RECEPTOR SIGNALING PATHWAY INVOLVED IN PHAGOCYTOSIS","Fc-gR signaling, phagocytosis","Adaptive","Humoral","B cell","GO:0038096",14,"LIMK1,VAV2,SRC,VAV1,SYK,ABL1,PRKCE,MYO1G,HCK,PTK2,PRKCD,FGR,PLPP4,FCGR2B"
"FOLLICULAR B CELL DIFFERENTIATION","Differentiation, folicular B cell","Adaptive","Humoral","B cell","GO:0002316",4,"FCGR2B,IRF8,SPI1,PLCG2"
"GAMMA-DELTA T CELL ACTIVATION","Activation, gdT cell","Adaptive","Cellular","T cell","GO:0046629",7,"ITK,CXADR,JAML,CD3G,CD247"
"GAMMA-DELTA T CELL DIFFERENTIATION","Differentiation, gdT cell","Adaptive","Cellular","T cell","GO:0042492",4,"SYK,STAT5B,TCF7,PTPRC"
"GERMINAL CENTER B CELL DIFFERENTIATION","Differentiation, Germinal center, B cell","Adaptive","Humoral","B cell","GO:0002314",3,"CDH17,SPI1,IRF8"
"GERMINAL CENTER FORMATION","Formation, Germinal center","Adaptive","Germinal center","Germinal center","GO:0002467",6,"MEF2C,UNC13D,BCL6,ADAM17,NFKB2,BCL3"
"GRANULOCYTE CHEMOTAXIS","Chemotaxis, Granulocyte","Innate","Granulocyte","Granulocyte","GO:0071621",2,"CCL3,IL17RC"
"GRANULOMA FORMATION","Formation, Granuloma","Innate","Innate","Undefined","GO:0002432",2,"UNC13D,CEBPB"
"HELPER T CELL DIAPEDESIS","Diapedesis, Th cell","Adaptive","Cellular","T cell","GO:0035685",2,"CRKL,CRK"
"HELPER T CELL EXTRAVASATION","Extravasation, Th cell","Adaptive","Cellular","T cell","GO:0035684",1,"CCL2"
"HEMATOPOIETIC OR LYMPHOID ORGAN DEVELOPMENT","Organ development, Hematopoietic or lymphoid","General","Organ","Undefined","GO:0048534",2,"ASXL1,LTBR"
"HEPATIC IMMUNE RESPONSE","Immune response, Hepatic","General","Organ","Undefined","GO:0002384",1,"IL6R"
"HISTAMINE SECRETION BY MAST CELL","Secretion, Histamine, Mast cell","Innate","Cells","Mast cell","GO:0002553",4,"BTK,SNAP23,SLC18A2,RAB44"
"HISTAMINE SECRETION MEDIATED BY IGE IMMUNOGLOBULIN","Secretion, Histamine, IgE","Innate","Cells","Mast cell","GO:0097279",1,"RAB44"
"HUMORAL IMMUNE RESPONSE","Humoral immune response","General","Humoral","Undefined","GO:0006959",23,"IFNA8,CCR2,IL7,NOTCH2,GATA3,IFNE,BMI1,CD83,CD28,ALOX5,MS4A1,BCL2,PSMB10,CCL2,TFEB,MEF2C,GPR183,BST1,TFE3,ST6GAL1,POU2F2,RBPJ,NOTCH1"
"HUMORAL IMMUNE RESPONSE MEDIATED BY CIRCULATING IMMUNOGLOBULIN","Ig, Humoral immune response","Adaptive","Humoral","B cell","GO:0002455",3,"BCL3,ZP3,CD81"
"IMMATURE B CELL DIFFERENTIATION","Differentiation, B cell, Immature","Adaptive","Humoral","B cell","GO:0002327",5,"SPI1,PRKDC,IRF2BP2,KIT,SYVN1"
"IMMATURE T CELL PROLIFERATION IN THYMUS","Proliferation, thymus, T cell, immature","Adaptive","Humoral","B cell","GO:0033080",2,"WNT4,CLEC4G"
"IMMUNE COMPLEX CLEARANCE","Clearance, Immune complex","Innate","Innate","Undefined","GO:0002434",1,"CLU"
"IMMUNE COMPLEX CLEARANCE BY MONOCYTES AND MACROPHAGES","Clearance, Immune complex, Monocytes, Macrophages","Innate","Innate","APC","GO:0002436",1,"FCGR2B"
"IMMUNE RESPONSE","Immune response","General","General","Undefined","GO:0006955",262,"HLA-C,CCL1,RAG1,CXCL14,VAV1,IL2RG,CCL20,HLA-DOB,LILRB2,CD1C,ITGB8,HLA-DPA1,CCR7,TNFSF15,CCL2,PTAFR,CEACAM8,CD1E,SCAP,C7,CX3CR1,KIR3DL1,HLA-DMA,IL12A,ETS1,CXCL6,CCR1,IL10,HLA-E,CCR2,CCL4L1,C1R,PNP,GPR183,IL1RL1,FCGR1A,XCL1,CXCL12,LAX1,CXCL1,CD1D,DPP8,TNFSF8,ENPP1,CRHR1,GTPBP1,IL3,EXOSC9,NRROS,KIR2DL1,LY86,IL18RAP,LIF,IGSF6,HAMP,CCL24,TGFBR3,SERPINB9,CEBPG,CR2,ADGRE5,CIITA,CCL4,IGF1R,IFITM2,IL1RN,CRIP1,XBP1,GPR65,TCF7,TNFSF4,S1PR4,LTB,IL15,PKHD1L1,RGS1,CCL23,CD96,IL10RB,HLA-DMB,IL7,CTSK,WAS,ACKR3,CTSS,IL13,PIK3R1,CD28,IL32,VPREB1,THBS1,CNIH1,CXCL2,FASLG,CXCR5,DEFA1,ENDOU,OPRD1,CXCR1,ZAP70,RFX1,CTSG,CCR10,GEM,PIK3CG,SP2,HLA-DRB3,MAP4K2,CCL7,CHST4,IFI6,TNFRSF1B,TYK2,TNFSF10,IL27RA,FCGR3A,IL7R,CCL3L1,KIR2DL3,CXCL3,HRH2,TRIM22,SPN,CSF3,CCL5,CXCR4,PF4V1,LTBR,BMPR1A,CXCL5,CD79B,TLR4,FAS,C6,CTLA4,FCAR,CD70,SMAD3,PRG2,FCGR2B,RAET1L,FCGR2C,CCL3,IRF8,CD80,CTSW,GBP6,CNR2,CXCR2,IL1R1,XCR1,GBP2,HLA-F,RAET1G,C5AR1,NOTCH1,IL1R2,DEFB1,CCL8,CD8B,IL9,CTSH,IFITM3,CD7,PTGER4,CD1B,CX3CL1,ITGB6,B2M,CXCR3,OSM,BMP6,KIR2DS2,OPRK1,CEBPB,AZGP1,HLA-G,HLA-DRB4,CXCL8,IL2,CD40LG,CCL18,MS4A2,CLEC4G,GZMA,IRAK1BP1,TNFRSF4,FCGRT,CTSC,CD164,CXCL9,IL4R,CD86,CFP,C1QBP,TNFSF9,PIK3R6,CYP11B1"
"IMMUNE RESPONSE IN GUT-ASSOCIATED LYMPHOID TISSUE","Immune response, Gut","General","General","Undefined","GO:0002387",2,"ITGA4,ITGB7"
"IMMUNE RESPONSE IN NASOPHARYNGEAL-ASSOCIATED LYMPHOID TISSUE","Immune response, Nasopharyngeal","General","General","Undefined","GO:0002395",1,"TTLL1"
"IMMUNE RESPONSE TO TUMOR CELL","Immune response, Tumor cell","General","General","Undefined","GO:0002418",1,"PRF1"
"IMMUNE RESPONSE-ACTIVATING CELL SURFACE RECEPTOR SIGNALING PATHWAY","Immune response, Cell-surface receptor pathway","General","General","Undefined","GO:0002429",1,"BAG6"
"IMMUNE SYSTEM DEVELOPMENT","Immune system, Development","General","General","Undefined","GO:0002520",4,"SMAD3,BCL2,RO60,GATA3"
"IMMUNE SYSTEM PROCESS","Immune system, Process","General","General","Undefined","GO:0002376",509,"TXK,P0DOX8,STMP1,GZMM,EIF2AK2,LILRA5,FBXO38,LGALS9,P0DOX7,LILRA3,P0DOX3,CEACAM20,THEMIS,CD55,GBP2,FGR,CLEC6A,RNF135,HK1,JAGN1,TMEM33,C6,ADSS2,IFIT2,IFITM2,CD40,BTN3A2,BPI,LILRA6,MYO1G,CD1D,TRIM23,HLA-E,LGALS3,SPIRE1,ENDOD1,CAMP,PRKDC,CFD,HLA-G,PRKCE,CASP4,C1S,SLC15A4,IFI6,HLA-F,CD81,OLR1,TEC,CFB,XRCC6,XRCC5,CD19,GBP1,CFH,ADAR,TAP1,F2RL1,HLA-DMB,ACOD1,SFTPD,CTPS1,RIGI,SARM1,TRIM26,MBL2,PSMB8,KLRC2,LCN2,RNF213,C7,PRKCQ,NMB,P0DOX4,NLRC5,S100A12,BPIFC,LILRB2,TAP2,HLA-DPA1,TRIM65,HMGB1,LAIR1,CSK,ITGAM,TREML4,PTMS,PSMA1,CSF1,USP14,APOBEC3H,FCGR2A,TAX1BP1,CD160,CLU,BCL6,P0DOX5,PELI3,HP,HEXIM1,TNFAIP8L2,OTUD7B,CD79A,CD14,SFPQ,DEFA5,PLD3,HMGB2,APOBEC3F,BTK,PRG2,KLRC1,CD177,CR1,KLRK1,RNF19B,NLRP2B,MST1R,MASP2,IDO2,C4A,PIK3CG,MAVS,HLA-DOB,CLEC10A,TIRAP,LBP,SIRT2,DAB2IP,MIF,PARP9,STING1,PSMB9,PLPP6,IL4R,IL34,IRGM,ZAP70,ADARB1,SSC5D,NLRP10,IL27,C1R,DHX9,P0DOX6,C1QBP,CD300C,SYK,CD46,CD300LB,MASP1,SUSD4,ARID5A,FCGR1A,IL31RA,NLRP9,IRF2,CD1C,GBP6,MMP3,HLA-DRB4,C4B,IRF1,C17orf99,MATR3,JAML,IL23R,IFI30,PML,GPR183,HMHB1,CD7,ITK,SLFN11,LACC1,NLRX1,IL2,OAS2,IFIT1,SLC15A3,CD1E,P0DOX2,ZNF683,TICAM2,OTUD4,HLA-DRB3,IRF9,IFITM1,ETS1,MX2,CD8B,BTLA,B2M,APOBEC3A,ARG2,CD300LD,IRF8,JAK3,RAET1L,CD247,ZC3HAV1,IFITM3,TARM1,CD3G,CX3CR1,CD86,PARP1,THEMIS2,CFP,CD8B2,MAP4K2,HCK,MCOLN2,GBP7,USP27X,NLRP6,METTL3,GP2,CD1B,EOMES,LY86,SERINC5,BST2,IL31,MX1,IRAG2,GATA3,BAG6,HLA-C,MYSM1,CTLA4,VSTM1,CD300LG,SKAP1,FCER1G,VTCN1,SRC,C4BPB,TTC4,FCGR3A,DEFA6,FGL1,TLR4,CGAS,TBKBP1,IDO1,HLA-DMA,CRTAM,DDX60,CR2,TFE3,BCL10,GSDMD,LILRA4,TNFRSF17,TFEB,ERAP2,LILRB4,MAP3K8,RAET1G,TICAM1,AXL,LAG3,CD6,LILRA2,IFI27,DCAF15,ADSS1,LAX1,IFI35,LILRB1,CD79B,BTNL8"
"IMMUNOGLOBULIN HEAVY CHAIN V-D-J RECOMBINATION","V(D)J, Ig Heavy chain","Adaptive","Humoral","B cell","GO:0071707",1,"YY1"
"IMMUNOGLOBULIN MEDIATED IMMUNE RESPONSE","Ig, Immune response","Adaptive","Humoral","B cell","GO:0016064",62,"IL4R,IL9R,CD19,PRKCD,MPL,FCGR2B,IL9,BCL10,FCER1G,IL2RB,CD27,CSF2RB"
"IMMUNOGLOBULIN V(D)J RECOMBINATION","V(D)J, Ig","Adaptive","Humoral","B cell","GO:0033152",3,"TCF3,PRKDC,LIG4"
"IMMUNOLOGICAL SYNAPSE FORMATION","Formation, Immunological synapse","Adaptive","Cellular","T cell","GO:0001771",6,"CD6,DOCK8,MSN,CD81,PRF1,EPHB1"
"INDUCTION OF BACTERIAL AGGLUTINATION","Induction of Bacterial agglutination","Undefined","Undefined","Undefined","GO:0043152",1,"RNASE3"
"INFLAMMATORY RESPONSE TO ANTIGENIC STIMULUS","Inflammatory response, Antigenic stimulus","Innate","Inflammation","Undefined","GO:0002437",12,"NOTCH1,PNMA1,IL20RB,HMGB2,FOSL2,IL5RA,IL1RN,HMGB1,NOTCH2,RBPJ,RASGRP1,CD68"
"INNATE IMMUNE RESPONSE","Innate immune response","Innate","General","Innate","GO:0045087",250,"PPARG,IFNL4,PML,REL,RIGI,APOBEC3F,DEFB108B,CLEC6A,MST1R,OAS2,BPI,CAMP,NLRP10,ADARB1,BST2,TRIM27,MAVS,IRGM,TRIM21,PTX3,DEFB125,SSC5D,LGALS3,DAPK1,GBP1,GSDMD,STMP1,TRIM26,TARM1,TRIM51G,TAC1,RFPL4A,METTL3,MIF,TRIML2,CFD,NLRP2B,MBL2,IFI35,CLU,RNF135,SFPQ,IFI6,TAX1BP1,SFTPD,LILRA5,TTC4,HLA-C,LILRA4,IFNL2,CYBA,CSF1,FCGR1A,PARP1,CD46,SERINC5,DEFB131A,SARM1,LY86,CGAS,TRIM23,JAK3,STING1,CHGA,CX3CR1,KLRC2,PRKDC,CD160,KLRK1,FGR,BPIFB3,RFPL4AL1,MAP4K2,TRIM77,C1S,TRIM64C,DEFB128,PELI3,APOBEC3A,TMEM33,DEFB108A,IFIT2,GP2,VNN1,ADAR,DEFB1,APOBEC3H,IFITM3,GZMM,DEFB131B,XRCC5,FRK,NCF1,NLRC5,RNASE3,CD6,TRIM40,TNFAIP8L2,TRIM64B,C4B,TRIM22,TRIM48,F2RL1,CLEC10A,DEFB105A,HMGB2,BTK,ARG2,TLR4,KLRC1,PARP9,CD177,CR1,XRCC6,DEFB124,KRT16,NCF2,TICAM1,MASP2,S100A12,CFH,SYK,TRIM49D1,GATA3,C1QBP,HK1,BPIFC,IFNL3,CFP,HCK,TRIM65,NEDD4,DEFA5,CASP4,TREML1,SLC15A4,LBP,WFDC3,GARIN5A,LILRA2,WFDC10B,WFDC13,IFIT1,TRIM49C,CD55,GBP6,TRIM59,CD1D,NMB,NFKB2,MMP3,RELB,GBP2,TRIM64,PIK3CG,IFI27,ANKHD1,IRF1,SDHAF4,CD14,F12,ACOD1,UBA7,DEFB123,DEFB132,USP27X,B2M,LACC1,NLRX1,PLPP6,SPIRE1,NLRP9,HLA-E,ZC3HAV1,MX2,TBKBP1,PI3,ZNF683,IL27,TICAM2,C4A,OTUD4,DHX9,C1R,TRIM49B,TRIM43B,CORO1A,NFKB1,MATR3,DEFA4,HMGB1,GBP7,SIRT2,DEFB119,ITGAM,LCN2,SRC,C7,SRPK2,DEFA6,USP14,IL34,TRIM49,SLC15A3,FCER1G,MX1,IFITM2,BCL10,TIRAP,FOSL2,ENDOD1,SUSD4,DEFB106A,ZAP70,NQO1,IPO7,DDX60,MCOLN2,C6,EIF2AK2,IFITM1,HEXIM1,C4BPB,TREML4,CRISP3,ARID5A,WFDC9,DEFB107A,CFB,MASP1,TRIML1,CR2,RELA,TRIM58,IFNL1,AXL,WFDC11,NLRP6,DAB2IP,TRIM68,IL23R"
"INNATE IMMUNE RESPONSE ACTIVATING CELL SURFACE RECEPTOR SIGNALING PATHWAY","Cell surface receptor, Innate","Innate","Innate","Innate","GO:0002220",1,"LILRA2"
"INNATE IMMUNE RESPONSE IN MUCOSA","Innate immune response, mucosa","Innate","Innate","Innate","GO:0002227",14,"NOS2,FAU,H2BC12L,DEFA3,DEFB1,H2BC10,DEFA1,RNASE3,RNASE2,DEFA6,DEFA5,DEFA4,CAMP,RPL39"
"INNATE IMMUNE RESPONSE-ACTIVATING SIGNALING PATHWAY","Innate immune response, Pathway","Innate","Innate","Innate","GO:0002758",1,"HCK"
"ISOTYPE SWITCHING","Isotype switching","Adaptive","Humoral","B cell","GO:0045190",9,"LIG4,MSH2,MLH1,ERCC1,CD40LG,UNG,RNF168,SANBR,MSH6"
"ISOTYPE SWITCHING TO IGE ISOTYPES","Isotype switching, IgE","Adaptive","Humoral","B cell","GO:0048289",2,"BCL6,STAT6"
"ISOTYPE SWITCHING TO IGG ISOTYPES","Isotype switching, IgG","Adaptive","Humoral","B cell","GO:0048291",1,"HSPD1"
"LANGERHANS CELL DIFFERENTIATION","Differentiation, Langerhans","Innate","APC","APC","GO:0061520",3,"TGFBR2,ITGB8,ITGB6"
"LEUKOCYTE ACTIVATION","Activation, Leukocyte","General","Leukocyte","Leukocyte","GO:0045321",3,"PRDX1,PRDX2,ZNF3"
"LEUKOCYTE ACTIVATION INVOLVED IN IMMUNE RESPONSE","Activation, Immune response, Leukocyte","General","Leukocyte","Leukocyte","GO:0002366",2,"SYK,IL2"
"LEUKOCYTE ACTIVATION INVOLVED IN INFLAMMATORY RESPONSE","Activation, Inflammatory response, Leukocyte","General","Leukocyte","Leukocyte","GO:0002269",1,"SCNN1B"
"LEUKOCYTE ADHESIVE ACTIVATION","Activation, Adhesive, Leukocyte","General","Leukocyte","Leukocyte","GO:0050902",1,"CX3CL1"
"LEUKOCYTE CHEMOTAXIS","Chemotaxis, Leukocyte","General","Leukocyte","Leukocyte","GO:0030595",10,"CXCR5,CX3CR1,S1PR1,PPIA,GPR183,IL10,CX3CL1,CNR2,MT-RNR2,CORO1A"
"LEUKOCYTE CHEMOTAXIS INVOLVED IN INFLAMMATORY RESPONSE","Chemotaxis, Inflammatory response, Leukocyte","General","Leukocyte","Leukocyte","GO:0002232",4,"ALOX5,MDK,PTN,LBP"
"LEUKOCYTE DEGRANULATION","Degranulation, Leukocyte","General","Leukocyte","Leukocyte","GO:0043299",1,"HCK"
"LEUKOCYTE HOMEOSTASIS","Homeostasis, Leukocyte","General","Leukocyte","Leukocyte","GO:0001776",4,"BAX,BCL2,CXCL6,FLT3"
"LEUKOCYTE MEDIATED CYTOTOXICITY","Cytotoxicity, Leukocyte","General","Leukocyte","Leukocyte","GO:0001909",1,"PRF1"
"LEUKOCYTE MEDIATED IMMUNITY","Immunity, Leukocyte","General","Leukocyte","Leukocyte","GO:0002443",1,"DBH"
"LEUKOCYTE MIGRATION","Migration, Leukocyte","General","Leukocyte","Leukocyte","GO:0050900",18,"PDE4B,SELL,MYH9,MSN,AIMP1,ELANE,SRC,SELP,SELE,ADORA1,ITGA3,DBH,F2RL1,SOS1,ITGB7,ADD2,ITGA6,CD34"
"LEUKOCYTE MIGRATION INVOLVED IN IMMUNE RESPONSE","Migration, Immune response, Leukocyte","General","Leukocyte","Leukocyte","GO:0002522",2,"HCK,FUT7"
"LEUKOCYTE MIGRATION INVOLVED IN INFLAMMATORY RESPONSE","Migration, Inflammatory response, Leukocyte","General","Leukocyte","Leukocyte","GO:0002523",6,"ELANE,CX3CL1,ADAM8,ALOX5,SELE,FUT7"
"LEUKOCYTE TETHERING OR ROLLING","Tethering or roling, Leukocyte","General","Leukocyte","Leukocyte","GO:0050901",12,"SELE,VCAM1,SELL,SELP,SPN,ADD2,JAM2,ITGB7,GCNT1,ITGA4,CX3CR1,LEP"
"LYMPH NODE DEVELOPMENT","Development, Lymph node","General","Organ","Lymphocyte","GO:0048535",9,"CXCR5,NKX2-3,IL7R,IL15,PDPN,RORC,RC3H1,SPNS2,LTB"
"LYMPHOCYTE ACTIVATION","Activation, Lymphocyte","Adaptive","General","Lymphocyte","GO:0046649",4,"LAX1,AXL,TYRO3,MERTK"
"LYMPHOCYTE CHEMOTAXIS","Chemotaxis, Lymphocyte","Adaptive","General","Lymphocyte","GO:0048247",18,"CCL3,CCL18,CCL4,CCL7,XCL1,CCL2,ADAM8,GPR15LG,CX3CL1,CCL4L1,CCL1,CCL3L1,SAA1,CCL8,CCL24,CCL5,CCL20,CCL23"
"LYMPHOCYTE DIFFERENTIATION","Differentiation, Lymphocyte","Adaptive","General","Lymphocyte","GO:0030098",6,"IL2RG,STAT5B,PRKDC,RELB,TOX,SPI1"
"LYMPHOCYTE HOMEOSTASIS","Homeostasis, Lymphocyte","Adaptive","General","Lymphocyte","GO:0002260",7,"SPNS2,SOS1,BCL2,TNFRSF17,SKIL,PACS1,SOS2"
"LYMPHOCYTE MIGRATION","Migration, Lymphocyte","Adaptive","General","Lymphocyte","GO:0072676",2,"GATA3,SPNS2"
"LYMPHOCYTE MIGRATION INTO LYMPH NODE","Migration, Lymphonode, Lymphocyte","Adaptive","General","Lymphocyte","GO:0097022",3,"FUT4,CCR7,FUT7"
"LYMPHOCYTE MIGRATION INTO LYMPHOID ORGANS","Migration, Lymphoid organs, Lymphocyte","Adaptive","General","Lymphocyte","GO:0097021",3,"CRTAM,ARTN,FUT7"
"LYMPHOCYTE PROLIFERATION","Proliferation, Lymphocyte","Adaptive","General","Lymphocyte","GO:0046651",6,"IL2,IMPDH2,HPRT1,FLT3,TLR4,PURA"
"MACROPHAGE ACTIVATION","Activation, Macrophage","Innate","APC","Macrophage","GO:0042116",10,"IL13,HAMP,CRTC3,JMJD6,FCGR3A,TMEM229B,SLC11A1,ADGRF5,TLR4,EDN2"
"MACROPHAGE ACTIVATION INVOLVED IN IMMUNE RESPONSE","Activation, Immune response, Macrophage","Innate","APC","Macrophage","GO:0002281",7,"TICAM1,IFI35,IL33,PRKCE,SYK,LBP,PLCG2"
"MACROPHAGE CHEMOTAXIS","Chemotaxis, Macrophage","Innate","APC","Macrophage","GO:0048246",12,"SFTPD,CCL2,LGALS3,AZU1,EDNRB,EDN2,RPL13A,CXCL17,CCL5,SAA1,CCL3,MMP2"
"MACROPHAGE HOMEOSTASIS","Homeostasis, Macrophage","Innate","APC","Macrophage","GO:0061519",2,"LIPA,CSF1"
"MACROPHAGE MIGRATION","Migration, Macrophage","Innate","APC","Macrophage","GO:1905517",5,"ROR2,MCOLN2,BCR,CCR2,B4GALT1"
"MARGINAL ZONE B CELL DIFFERENTIATION","Differentiation, B cell, Marginal zone","Adaptive","Humoral","B cell","GO:0002315",4,"CDH17,BCL3,LFNG,NOTCH2"
"MAST CELL ACTIVATION","Activation, Mast cell","Innate","Cells","Mast cell","GO:0045576",2,"S100A12,CHGA"
"MAST CELL APOPTOTIC PROCESS","Apoptotic process, Mast cell","Innate","Cells","Mast cell","GO:0033024",2,"KITLG,NF1"
"MAST CELL CHEMOTAXIS","Chemotaxis, Mast cell","Innate","Cells","Mast cell","GO:0002551",2,"KIT,CHGA"
"MAST CELL DEGRANULATION","Degranulation, Mast cell","Innate","Cells","Mast cell","GO:0043303",14,"CBL,RAB44,PIK3CG,CLNK,RASGRP1,GPR15LG,PTGDS,SYK,KIT,CHGA,FCER1A,MILR1,ADORA2B,CPLX2"
"MAST CELL HOMEOSTASIS","Homeostasis, Mast cell","Innate","Cells","Mast cell","GO:0033023",1,"SLC15A4"
"MAST CELL MEDIATED IMMUNITY","Immunity, Mast cell","Innate","Cells","Mast cell","GO:0002448",2,"SERPINB9,NDST2"
"MAST CELL MIGRATION","Migration, Mast cell","Innate","Cells","Mast cell","GO:0097531",2,"KITLG,STAT5B"
"MATURE B CELL DIFFERENTIATION","Differentiation, B cell, Mature","Adaptive","Humoral","B cell","GO:0002335",1,"IL2RG"
"MATURE B CELL DIFFERENTIATION INVOLVED IN IMMUNE RESPONSE","Differentiation, Immune response, B cell, Mature","Adaptive","Humoral","B cell","GO:0002313",4,"RAG2,GPR183,C17orf99,FCGR2B"
"MATURE NATURAL KILLER CELL CHEMOTAXIS","Chemotaxis, NK cell, mature","Innate","Cells","NK cell","GO:0035782",1,"XCL1"
"MEMORY B CELL DIFFERENTIATION","Differentiation, B cell, Memory","Adaptive","Humoral","B cell","GO:0002319",1,"ST3GAL1"
"MEMORY T CELL ACTIVATION","Activation, T cell, Memory","Adaptive","Cellular","T cell","GO:0035709",1,"TNFSF4"
"MEMORY T CELL EXTRAVASATION","Extravasation, T cell, Memory","Adaptive","Cellular","T cell","GO:0035683",1,"ITGAL"
"MEMORY T CELL PROLIFERATION","Proliferation, T cell, Memory","Adaptive","Cellular","T cell","GO:0061485",1,"DOCK8"
"MICROGLIAL CELL ACTIVATION","Activation, Microglial cell","Innate","Cellular","Microglial cell","GO:0001774",13,"SNCA,ITGAM,AIF1,TRPV1,IL13,C5AR1,IFNGR1,IFNGR2,CX3CL1,CLU,MAPT,AZU1,NAGLU"
"MICROGLIAL CELL ACTIVATION INVOLVED IN IMMUNE RESPONSE","Activation, Immune response, Microglial cell","Innate","Cellular","Microglial cell","GO:0002282",3,"CX3CR1,IL33,GRN"
"MONOCYTE ACTIVATION","Activation, Monocyte","Innate","APC","Monocyte","GO:0042117",6,"AZU1,HYAL2,MT1G,CSF1,SPACA3,P0DOX3"
"MONOCYTE CHEMOTAXIS","Chemotaxis, Monocyte","Innate","APC","Monocyte","GO:0002548",22,"CCL3L1,CX3CL1,IL6R,CCL3,CCL18,CCL1,CCL7,LGALS3,CTSG,XCL1,CCL5,CCL2,CCL23,FLT1,CCL4,CCL4L1,CCL24,CCR2,CCL20,RPS19,CCL8,S100A12"
"MONOCYTE EXTRAVASATION","Extravasation, Monocyte","Innate","APC","Monocyte","GO:0035696",4,"CCR2,JAML,SIRPA,PECAM1"
"MONOCYTE HOMEOSTASIS","Homeostasis, Monocyte","Innate","APC","Monocyte","GO:0035702",2,"MPL,CSF1"
"MONONUCLEAR CELL MIGRATION","Migration, Mononuclear cell","Innate","Lymphocytes","Mononuclear cells","GO:0071674",1,"LGALS3"
"MUCOSA-ASSOCIATED LYMPHOID TISSUE DEVELOPMENT","Development, Lymphoid tissue, Mucosa","General","Mucosa","Undefined","GO:0048537",1,"NKX2-3"
"MUCOSAL IMMUNE RESPONSE","Immune response, Mucosa","General","Immune response","Mucosa","GO:0002385",4,"OTUD7B,CD160,IFNL2,IFNLR1"
"MYD88-DEPENDENT TOLL-LIKE RECEPTOR SIGNALING PATHWAY","PRR, TLR MyD88 dep","Innate","PRR","All","GO:0002755",5,"TLR4,REG3G,HSPD1,TIRAP,BTK"
"MYD88-INDEPENDENT TOLL-LIKE RECEPTOR SIGNALING PATHWAY","PRR, TLR MyD88 indep","Innate","PRR","All","GO:0002756",1,"TICAM1"
"MYELOID CELL HOMEOSTASIS","Homeostasis, Myeloid cell","Innate","Cellular","NK T cell","GO:0002262",6,"FANCC,NCKAP1L,SOD1,BAX,HAMP,ITPKB"
"MYELOID DENDRITIC CELL ACTIVATION","Activation, Dendritic cell, Myeloid","Innate","APC","Dendritic cell","GO:0001773",1,"HMGB1"
"MYELOID DENDRITIC CELL ANTIGEN PROCESSING AND PRESENTATION","APP, Dendritic cell, Myeloid","Innate","APC","Dendritic cell","GO:0002469",1,"HLA-DRB3"
"MYELOID DENDRITIC CELL CHEMOTAXIS","Chemotaxis, Dendritic cell, Myeloid","Innate","APC","Dendritic cell","GO:0002408",2,"CCR7,ARHGEF5"
"MYELOID DENDRITIC CELL DIFFERENTIATION","Differentiation, Myeloid Dendritic cell","Innate","APC","Dendritic cell","GO:0043011",8,"SPI1,BATF2,TGFBR2,NOTCH2,LTBR,PSEN1,RELB,RBPJ"
"MYELOID LEUKOCYTE MIGRATION","Migration, Myeloid leukocyte","General","Cells","Leukocyte","GO:0097529",4,"CSF1,PAFAH1B1,PIK3R1,NF1"
"NATURAL KILLER CELL ACTIVATION","Activation, NK cell","Innate","Cells","NK cell","GO:0030101",8,"IL12B,PRDX1,GATA3,KLRK1,BAG6,FCGR3A,IL2,RASGRP1"
"NATURAL KILLER CELL ACTIVATION INVOLVED IN IMMUNE RESPONSE","Activation, Immune response, NK cell","Innate","Cells","NK cell","GO:0002323",3,"IFNA8,IFNE,IL12B"
"NATURAL KILLER CELL CHEMOTAXIS","Chemotaxis, NK cell","Innate","Cells","NK cell","GO:0035747",1,"PIK3CG"
"NATURAL KILLER CELL DEGRANULATION","Degranulation, NK cell","Innate","Cells","NK cell","GO:0043320",6,"FCGR3A,UNC13D,KLRF2,RAB27A,VAMP7,CORO1A"
"NATURAL KILLER CELL DIFFERENTIATION","Differentiation, NK cell","Innate","Cells","NK cell","GO:0001779",9,"KAT7,SP3,PBX1,PTPRC,MERTK,AXL,STAT5B,TYRO3,IL15"
"NATURAL KILLER CELL MEDIATED CYTOTOXICITY","Cytotoxicity, NK cell","Innate","Cells","NK cell","GO:0042267",15,"FCGR3A,PTPN6,GZMB,RAET1G,LAG3,TUBB4B,PLEKHM2,CEBPG,RNF19B,KIF5B,KLRK1,STAT5B,KIR3DL1,PRDX1,CLEC2A"
"NATURAL KILLER CELL MEDIATED IMMUNITY","Immunity, NK cell","Innate","Cells","NK cell","GO:0002228",1,"KLRC2"
"NATURAL KILLER CELL PROLIFERATION","Proliferation, NK cell","Innate","Cells","NK cell","GO:0001787",3,"IL15,EMP2,STAT5B"
"NATURAL KILLER CELL TOLERANCE INDUCTION","Tolerance, NK cell","Innate","Cells","NK cell","GO:0002519",2,"LGALS9,HLA-E"
"NEGATIVE T CELL SELECTION","Selection-, T cell, Memory","Adaptive","Cellular","T cell","GO:0043383",1,"THEMIS"
"NEGATIVE THYMIC T CELL SELECTION","Selection-, T cell, Thymic","Adaptive","Cellular","T cell","GO:0045060",6,"ZAP70,GLI3,CD28,CCR7,SPN,PTPRC"
"NEUTROPHIL ACTIVATION","Activation, Neutrophil","Innate","Cells","Neutrophil","GO:0042119",12,"CXCL8,F2RL1,IL15,KMT2E,CCL5,CXCR2,IL18RAP,FCAR,CXCL6,CTSG,PRKCD,CAMP"
"NEUTROPHIL ACTIVATION INVOLVED IN IMMUNE RESPONSE","Activation, Immune response, Neutrophil","Innate","Cells","Neutrophil","GO:0002283",5,"FCER1G,LILRA2,SYK,DNASE1,SCNN1B"
"NEUTROPHIL CHEMOTAXIS","Chemotaxis, Neutrophil","Innate","Cells","Neutrophil","GO:0030593",48,"CXCL9,JAML,CCL24,CCL18,SRP54,C5AR1,PIK3CG,SAA1,CCL8,CCL1,CCL3L1,CX3CL1,ITGA1,TGFB2,CXCR2,LBP,FCER1G,CCL3,EDN3,NCKAP1L,PPIB,XCL1,CXCR1,CXCL8,DPEP1,SYK,CD300H,PDE4B,CXCL6,VAV1,LGALS3,CXCL3,BSG,S100A12,CXCL5,PF4V1,EDN2,CCL4L1,CCL4,CCL7,CXADR,CCL23,CCL20,PPIA,CCL2,CXCL1,CCL5,CXCL2"
"NEUTROPHIL CLEARANCE","Clearance, Neutrophil","Innate","Cells","Neutrophil","GO:0097350",4,"HMGB1,CCR2,MERTK,AXL"
"NEUTROPHIL DEGRANULATION","Degranulation, Neutrophil","Innate","Cells","Neutrophil","GO:0043312",4,"STXBP3,VAMP7,BCR,ANXA3"
"NEUTROPHIL EXTRAVASATION","Extravasation, Neutrophil","Innate","Cells","Neutrophil","GO:0072672",5,"PECAM1,PIK3CG,JAML,CD177,PRTN3"
"NEUTROPHIL HOMEOSTASIS","Homeostasis, Neutrophil","Innate","Cells","Neutrophil","GO:0001780",5,"PDE4B,MTHFD1,BTK,CSF1,MPL"
"NEUTROPHIL MEDIATED IMMUNITY","Immunity, Neutrophil","Innate","Cells","Neutrophil","GO:0002446",6,"ADAM17,ACE,IL6R,KMT2E,JAGN1,FCAR"
"NEUTROPHIL MIGRATION","Migration, Neutrophil","Innate","Cells","Neutrophil","GO:1990266",5,"EMP2,GP2,JAGN1,CD177,MCOLN2"
"NEUTROPHIL-MEDIATED KILLING OF BACTERIUM","Killing of bacterium, Neutrophil","Innate","Cells","Neutrophil","GO:0070944",2,"SCNN1B,AZU1"
"NEUTROPHIL-MEDIATED KILLING OF FUNGUS","Killing of fungus, Neutrophil","Innate","Cells","Neutrophil","GO:0070947",1,"ELANE"
"NEUTROPHIL-MEDIATED KILLING OF GRAM-NEGATIVE BACTERIUM","killing of Gram- bacterium, Neutrophil","Innate","Cells","Neutrophil","GO:0070945",2,"F2,ELANE"
"NEUTROPHIL-MEDIATED KILLING OF GRAM-POSITIVE BACTERIUM","killing of Gram+ bacterium, Neutrophil","Innate","Cells","Neutrophil","GO:0070946",2,"NLRP6,CTSG"
"NK T CELL DIFFERENTIATION","Differentiation, NK T cell","Innate","Cellular","NK T cell","GO:0001865",3,"ATF2,ITK,FOSL2"
"NK T CELL LINEAGE COMMITMENT","Lineage commitment, NK T cell","Innate","Cellular","NK T cell","GO:0002364",1,"TOX"
"NK T CELL PROLIFERATION","Proliferation, NK T cell","Innate","Cellular","NK T cell","GO:0001866",1,"IL15"
"NLRP3 INFLAMMASOME COMPLEX ASSEMBLY","NLRP3, Inflammasome complex","Innate","Inflammation","Undefined","GO:0044546",1,"SIRT2"
"NLRP6 INFLAMMASOME COMPLEX ASSEMBLY","NLRP6, Inflammasome complex","Innate","Inflammation","Undefined","GO:0140739",1,"NLRP6"
"NUCLEOTIDE-BINDING OLIGOMERIZATION DOMAIN CONTAINING 1 SIGNALING PATHWAY","PRR, NOD1","Innate","PRR","All","GO:0070427",3,"NFKBIA,TLR4,XIAP"
"NUCLEOTIDE-BINDING OLIGOMERIZATION DOMAIN CONTAINING 2 SIGNALING PATHWAY","PRR, NOD2","Innate","PRR","All","GO:0070431",6,"TLR4,LACC1,IRGM,XIAP,NFKBIA,RELA"
"NUCLEOTIDE-BINDING OLIGOMERIZATION DOMAIN CONTAINING SIGNALING PATHWAY","PRR, NOD","Innate","PRR","All","GO:0070423",2,"MAP2K6,TNFAIP3"
"OPSONIZATION","Opsonization","Adaptive","Humoral","B cell","GO:0008228",5,"PTX3,SFTPA1,LBP,C4B,MBL2"
"PATTERN RECOGNITION RECEPTOR SIGNALING PATHWAY","Signaling, PRR","Innate","PRR","All","GO:0002221",4,"CASP1,LACC1,CGAS,STING1"
"PEPTIDE ANTIGEN ASSEMBLY WITH MHC CLASS I PROTEIN COMPLEX","MHCII, Peptide complex","Innate","APP","APC","GO:0002502",2,"CALR,PDIA3"
"PEPTIDE ANTIGEN ASSEMBLY WITH MHC CLASS II PROTEIN COMPLEX","MHCII, Peptide complex","Innate","APP","APC","GO:0002503",7,"HLA-DRB3,HLA-DMB,HLA-DMA,B2M,HLA-DRB4,HLA-DPA1,HLA-DOB"
"PEPTIDE ANTIGEN TRANSPORT","Transport, Peptide antigen","Innate","APP","All","GO:0046968",1,"TAP2"
"PERIPHERAL B CELL TOLERANCE INDUCTION","Tolerance, B cell, Peripheral","Adaptive","Humoral","B cell","GO:0002451",1,"HLA-G"
"PLASMA CELL DIFFERENTIATION","Differentiation, Plasma cell","Adaptive","Humoral","Plasma cell","GO:0002317",2,"BCL6,LGALS1"
"PLASMACYTOID DENDRITIC CELL ACTIVATION","Activation, Dendritic cell, Plasmacytoid","Innate","APC","Dendritic cell","GO:0002270",1,"LAG3"
"PLASMACYTOID DENDRITIC CELL DIFFERENTIATION","Differentiation, Dendritic cell, Plasmacytoid","Innate","APC","Dendritic cell","GO:0002273",2,"ZBTB46,IRF8"
"POSITIVE REGULATION OF GLYCOPROTEIN BIOSYNTHETIC PROCESS INVOLVED IN IMMUNOLOGICAL SYNAPSE FORMATION","Regulation+, glyProtein, Immunological synapse","Adaptive","Cellular","T cell","GO:2000526",1,"CCR7"
"POSITIVE T CELL SELECTION","Selection+, T cell","Adaptive","Cellular","T cell","GO:0043368",2,"THEMIS,BRAF"
"POSITIVE THYMIC T CELL SELECTION","Selection+, Thymic, T cell","Adaptive","Cellular","T cell","GO:0045059",5,"SRF,ZAP70,ITPKB,PTPRC,CD3G"
"PRE-B CELL ALLELIC EXCLUSION","Allelic exclusion, pre-B cell","Adaptive","Humoral","B cell","GO:0002331",2,"RAG1,RAG2"
"PRE-B CELL DIFFERENTIATION","Differentiation, pre-B cell","Adaptive","Humoral","B cell","GO:0002329",1,"LRRC8A"
"PRO-T CELL DIFFERENTIATION","Differentiation, pro-T cell","Adaptive","Humoral","B cell","GO:0002572",2,"GATA3,SPI1"
"REGULATORY T CELL DIFFERENTIATION","Differentiation, Treg cell","Adaptive","Cellular","T cell","GO:0045066",1,"CD28"
"RESPIRATORY BURST AFTER PHAGOCYTOSIS","Respiratory burst, Phagocytosis","Innate","APC","APC","GO:0045728",1,"HCK"
"RESPIRATORY BURST INVOLVED IN DEFENSE RESPONSE","Respiratory burst, Defense","Innate","Undefined","Undefined","GO:0002679",1,"PIK3CG"
"RESPIRATORY BURST INVOLVED IN INFLAMMATORY RESPONSE","Respiratory burst, Inflammation","Innate","Inflammation","Undefined","GO:0002536",2,"PRDX2,LIPA"
"RESPONSE TO TYPE I INTERFERON","Response to Interferon I","Innate","Innate","Interferon 1","GO:0034340",5,"SP100,SHMT2,CH25H,SMPD1,MX1"
"RESPONSE TO TYPE II INTERFERON","Response to Interferon II","Innate","Innate","Interferon 2","GO:0034341",16,"GCH1,SLC30A8,CD40,IFITM2,C9JQL5,IFITM1,BST2,IFITM3,TRIM21,SLC11A1,IL23R,CIITA,SP100,SNCA,STAT1,ADAMTS13"
"RESPONSE TO TYPE III INTERFERON","Response to Interferon III","Innate","Innate","Interferon 3","GO:0034342",1,"IFNLR1"
"RIG-I SIGNALING PATHWAY","PRR, RIG-I, Pathway","Innate","PRR","All","GO:0039529",4,"RNF135,PHB1,RIGI,LSM14A"
"SEROTONIN SECRETION BY MAST CELL","Secretion, Serotonin, Mast cell","Innate","Innate","Mast cell","GO:0002552",1,"SLC18A2"
"SOMATIC DIVERSIFICATION OF IMMUNE RECEPTORS VIA SOMATIC MUTATION","Somatic mutation, Immune receptors","Adaptive","General","Lymphocyte","GO:0002566",1,"ADAR"
"SOMATIC DIVERSIFICATION OF IMMUNOGLOBULINS INVOLVED IN IMMUNE RESPONSE","Somatic mutation, Ig","Adaptive","Humoral","B cell","GO:0002208",3,"SHLD3,SHLD1,SHLD2"
"SOMATIC HYPERMUTATION OF IMMUNOGLOBULIN GENES","Somatic mutation, Ig genes","Adaptive","Humoral","B cell","GO:0016446",5,"UNG,MLH1,MSH2,MSH6,PMS2"
"SOMATIC RECOMBINATION OF IMMUNOGLOBULIN GENE SEGMENTS","Somatic mutation, Ig gene segments","Adaptive","Humoral","B cell","GO:0016447",6,"MSH2,MSH6,MLH1,UNG,PMS2,MSH3"
"SOMATIC RECOMBINATION OF IMMUNOGLOBULIN GENES INVOLVED IN IMMUNE RESPONSE","Somatic mutation, Ig genes involved in immune response","Adaptive","Humoral","B cell","GO:0002204",2,"MLH1,MSH2"
"SPLEEN DEVELOPMENT","Development, Spleen","Adaptive","Humoral","Spleen","GO:0048536",17,"HOXB4,NKX2-5,BCL3,LIPA,EPB42,ADAM17,CDKN2B,PBX1,NKX3-2,RC3H1,NFKB2,NKX2-3,CDH17,ABL1,CACNB4,BCL2,KMT2A"
"STIMULATORY C-TYPE LECTIN RECEPTOR SIGNALING PATHWAY","C-type lectin receptor, PRR","Innate","PRR","All","GO:0002223",9,"SYK,PLCG2,KLRC1,EP300,CLEC6A,KLRC2,KLRC3,SRC,KLRK1"
"STIMULATORY KILLER CELL IMMUNOGLOBULIN-LIKE RECEPTOR SIGNALING PATHWAY","Ig-like receptor, Pathway, Killer cell","Undefined","Undefined","Undefined","GO:0002222",1,"KIR2DS2"
"T CELL ACTIVATION","Activation, T cell","Adaptive","Cellular","T cell","GO:0042110",33,"CD86,PRKCQ,WAS,CHRNA7,CD28,CORO1A,HSPD1,RBX1,NCK1,SMAD3,PPP3CA,LAG3,NLRC3,PPP3CB,FKBP1A,MFAP3,PIK3CG,DPP4,TNFAIP8L2,CD7,CD276,VAV1,PTPRC,CD44,ITK,RASGRP1,CD80,DCAF12,CD3G,CD8B,ADA,ZAP70,DDOST"
"T CELL ACTIVATION INVOLVED IN IMMUNE RESPONSE","Activation, Immune response, T cell","Adaptive","Cellular","T cell","GO:0002286",9,"IFNE,MDK,F2RL1,LCP1,PSEN1,IFNA8,CD1C"
"T CELL ACTIVATION VIA T CELL RECEPTOR CONTACT WITH ANTIGEN BOUND TO MHC MOLECULE ON ANTIGEN PRESENTING CELL",NA,"Adaptive","Cellular","T cell","GO:0002291",2,"APBB1IP,ITGAL"
"T CELL CHEMOTAXIS","Chemotaxis, T cell","Adaptive","Cellular","T cell","GO:0010818",7,"CXCL12,CCL3,DEFA4,GPR183,SLC12A2,PIK3CG,DEFA1"
"T CELL COSTIMULATION","Costimulation, T cell","Adaptive","Cellular","T cell","GO:0031295",22,"CD86,PTPN6,CAV1,SRC,PTPN11,DPP4,SPN,LGALS1,MAP3K8,KLRK1,CD160,CD24,AKT1,CD28,CD80,PIK3CA,EFNB1,EFNB2,VAV1,CSK,MTOR,CD40LG"
"T CELL DIFFERENTIATION","Differentiation, T cell","Adaptive","Cellular","T cell","GO:0030217",29,"KDELR1,DTX1,GATA3,ITPKB,KIT,CTNNB1,IL2,FOSL2,PTPRC,ZAP70,VAV1,PPP3CB,SOX4,PTPN2,LIPA,LMBR1L,LFNG,LEPR,BCL2,GPR89A,LEP,EGR1,PKNOX1,IL7R,PIK3R1,NRARP,SP3,RAG2,GPR89B"
"T CELL DIFFERENTIATION IN THYMUS","Differentiation, T cell, Thymus","Adaptive","Cellular","T cell","GO:0033077",24,"RAG2,NKAP,STAT5B,IL2RG,IL7R,CTNNB1,RAG1,GLI3,ZFP36L2,NCAPH2,ZFP36L1,BCL2,ADAM17,PRKDC,GATA3,WNT4,RPS6,LIG4,CDK6,BRAF,B2M,JMJD6,PSMB11,TESPA1"
"T CELL DIFFERENTIATION INVOLVED IN IMMUNE RESPONSE","Differentiation, T cell, Immune response","Adaptive","Cellular","T cell","GO:0002292",1,"FCER1G"
"T CELL EXTRAVASATION","Extravasation, T cell","Adaptive","Cellular","T cell","GO:0072683",2,"XG,CD99"
"T CELL HOMEOSTASIS","Homeostasis, T cell","Adaptive","Cellular","T cell","GO:0043029",19,"PPP2CA,CHST3,BCL2,SPNS2,JAK3,STAT5B,ZC3H8,NCKAP1L,PPP2R1A,RC3H1,IL7R,CORO1A,RAG1,PPP3CB,IL20RB,GPR15LG,CASP3,CCNB2,PRDX2"
"T CELL HOMEOSTATIC PROLIFERATION","Homeostasis, Proliferation, T cell","Adaptive","Cellular","T cell","GO:0001777",1,"BAX"
"T CELL LINEAGE COMMITMENT","Lineage commitment, T cell","Adaptive","Cellular","T cell","GO:0002360",4,"IL7,BCL2,RAG2,PRKDC"
"T CELL MEANDERING MIGRATION","Migration, Meandering, T cell","Adaptive","Cellular","T cell","GO:0120117",1,"MYO1G"
"T CELL MEDIATED CYTOTOXICITY","T cell-mediated cytotoxicity","Adaptive","Cellular","T cell","GO:0001913",10,"GZMM,CTSH,TAP2,PPP3CB,PRF1,EMP2,CTSC,HPRT1,IL7R,B2M"
"T CELL MEDIATED IMMUNITY","T cell-mediated immunity","Adaptive","Cellular","T cell","GO:0002456",9,"CD46,CLEC4G,JAG1,MYO1G,CR2,BTN3A2,CD70,GNL1,CR1"
"T CELL MIGRATION","Migration, T cell","Adaptive","Cellular","T cell","GO:0072678",9,"GPR15,MYO1G,CORO1A,FUT7,ZAP70,S1PR1,MSN,CCL20,ITGB7"
"T CELL PROLIFERATION","Proliferation, T cell","Adaptive","Cellular","T cell","GO:0042098",26,"PIK3CG,CD28,PSMB10,EFNB1,IL12B,CORO1A,PTPRC,FKBP1B,LIPA,PTPN6,KITLG,PPP3CB,LMBR1L,RASGRP1,IL20RB,MSN,CTPS1,TNFRSF4,IL2,IDO1,RC3H1,CD151,SCGB1A1,SPN,CCND3,PRDX2"
"T CELL PROLIFERATION INVOLVED IN IMMUNE RESPONSE","Proliferation, Immune response, T cell","Adaptive","Cellular","T cell","GO:0002309",3,"LILRB1,SLC11A1,RPS6"
"T CELL RECEPTOR SIGNALING PATHWAY","Signaling, T cell","Adaptive","Cellular","T cell","GO:0050852",52,"GATA3,SKAP1,THEMIS2,THEMIS,CD3G,KHDRBS1,PTPRC,CACNB3,ZAP70,BTK,PDE4B,PDE4D,RC3H1,CD247,ITK,UBE2N,ABL1,NFKBID,BRAF,CRKL,PLCG2,DENND1B,MAPK1,TXK,VTCN1,PSEN1,FYB2,CTLA4,BTNL8,CD8B,BTN3A2,BCL10,CSK,CD28,BTNL10P,TEC,ZNF683,CD276,PLCG1,EIF2B2,FOSL2,PTPN6,BCAR1,BTNL9,BTNL3,BTN2A1,HLA-DRB3,PTPRJ,PIK3CA"
"T CELL RECEPTOR V(D)J RECOMBINATION","V(D)J, T cell, Receptor","Adaptive","Cellular","T cell","GO:0033153",2,"LIG4,PRKDC"
"T CELL SELECTION","Selection, T cell","Adaptive","Cellular","T cell","GO:0045058",1,"CD1D"
"T FOLLICULAR HELPER CELL DIFFERENTIATION","Differentiation, Th cell, Follicular","Adaptive","Cellular","T helper","GO:0061470",2,"GPR183,RC3H1"
"T-HELPER 1 CELL ACTIVATION","Activation, Th1 cell","Adaptive","Cellular","T helper","GO:0035711",2,"HMGB1,CEBPB"
"T-HELPER 1 CELL DIFFERENTIATION","Differentiation, Th1 cell","Adaptive","Cellular","T helper","GO:0045063",3,"RELB,HMGB1,IL4R"
"T-HELPER 1 CELL LINEAGE COMMITMENT","Lineage commitment, Th1 cell","Adaptive","Cellular","T helper","GO:0002296",3,"SPN,STAT6,MTOR"
"T-HELPER 1 TYPE IMMUNE RESPONSE","Immune response, Th1","Adaptive","Cellular","T helper","GO:0042088",5,"TLR4,IL18BP,RELB,IL12B,BCL3"
"T-HELPER 17 CELL CHEMOTAXIS","Chemotaxis, Th17 cell","Adaptive","Cellular","T helper","GO:0035705",1,"CCR2"
"T-HELPER 17 CELL DIFFERENTIATION","Differentiation, Th17 cell","Adaptive","Cellular","T helper","GO:0072539",2,"RORC,RORA"
"T-HELPER 17 CELL LINEAGE COMMITMENT","Lineage commitment, Th17 cell","Adaptive","Cellular","T helper","GO:0072540",4,"IL6R,STAT3,IL6ST,JAK1"
"T-HELPER 17 TYPE IMMUNE RESPONSE","Immune response, Th17","Adaptive","Cellular","T helper","GO:0072538",3,"STAT3,NOTCH1,PHB1"
"T-HELPER 2 CELL ACTIVATION","Activation, Th2 cell","Adaptive","Cellular","T helper","GO:0035712",1,"TNFSF4"
"T-HELPER 2 CELL DIFFERENTIATION","Differentiation, Th2 cell","Adaptive","Cellular","T helper","GO:0045064",7,"BCL6,IL4R,GATA3,MYB,MEN1,BCL3,KMT2A"
"T-HELPER CELL DIFFERENTIATION","Differentiation, Th cell","Adaptive","Cellular","T helper","GO:0042093",3,"PTGER4,ATP7A,IL12B"
"T-HELPER CELL LINEAGE COMMITMENT","Lineage commitment, Th cell","Adaptive","Cellular","T helper","GO:0002295",1,"ZFPM1"
"THYMIC T CELL SELECTION","Selection, T cell, Thymic","Adaptive","Cellular","T cell","GO:0045061",3,"ZAP70,ITPKB,GATA3"
"THYMOCYTE MIGRATION","Migration, Thymocyte","Adaptive","Cellular","Thymocyte","GO:0072679",2,"CCL20,CORO1A"
"THYMUS DEVELOPMENT","Development, Thymocyte","Adaptive","Cellular","Thymocyte","GO:0048538",25,"ABL1,ASXL1,MAP2K1,HAND2,BCL2,MAP2K2,FOXI3,SOD1,PSEN1,CACNB4,TGFBR1,CRKL,MAPK3,EPHB3,SRF,LMO4,GATA3,PBX1,CCNB2,MAPK1,CTNNB1,RAG1,PRDX2,BRAF,TYR"
"TIRAP-DEPENDENT TOLL-LIKE RECEPTOR 4 SIGNALING PATHWAY","PRR, TIRAP dep, TLR4","Innate","PRR","All","GO:0035665",1,"TIRAP"
"TOLERANCE INDUCTION","Tolerance, Induction","Adaptive","Tolerance","Undefined","GO:0002507",1,"LILRB4"
"TOLERANCE INDUCTION DEPENDENT UPON IMMUNE RESPONSE","Tolerance, Induction, immune response","Adaptive","Tolerance","Undefined","GO:0002461",1,"PSG9"
"TOLERANCE INDUCTION TO LIPOPOLYSACCHARIDE","Tolerance, Induction, LPS","Adaptive","Tolerance","Undefined","GO:0072573",2,"TNFAIP3,ACOD1"
"TOLL-LIKE RECEPTOR 2 SIGNALING PATHWAY","PRR, TLR2, Pathway","Innate","PRR","All","GO:0034134",2,"PIK3AP1,TNIP2"
"TOLL-LIKE RECEPTOR 3 SIGNALING PATHWAY","PRR, TLR3, Pathway","Innate","PRR","All","GO:0034138",3,"TNIP2,SCIMP,TICAM1"
"TOLL-LIKE RECEPTOR 4 SIGNALING PATHWAY","PRR, TLR4, Pathway","Innate","PRR","All","GO:0034142",9,"TLR4,CD14,NAGLU,PIK3AP1,NFKBIA,SCIMP,TIRAP,RELA"
"TOLL-LIKE RECEPTOR 7 SIGNALING PATHWAY","PRR, TLR7, Pathway","Innate","PRR","All","GO:0034154",2,"PIK3AP1,SCIMP"
"TOLL-LIKE RECEPTOR 9 SIGNALING PATHWAY","PRR, TLR9, Pathway","Innate","PRR","All","GO:0034162",2,"TNIP2,PIK3AP1"
"TOLL-LIKE RECEPTOR SIGNALING PATHWAY","PRR, TLR, Pathway","Innate","PRR","All","GO:0002224",9,"AP3B1,TLR4,FOSL1,RPS6KA3,MAPKAPK2,PLCG2,BCL10,TICAM1,CTSS"
"TOLL-LIKE RECEPTOR TLR1:TLR2 SIGNALING PATHWAY","PRR, TLR1:2, Pathway","Innate","PRR","All","GO:0038123",1,"SCIMP"
"TRAM-DEPENDENT TOLL-LIKE RECEPTOR 4 SIGNALING PATHWAY","PRR, TLR4 TRAM dep, Pathway","Innate","PRR","All","GO:0035669",3,"PRKCE,TICAM2,RAB11FIP2"
"TRANSITIONAL ONE STAGE B CELL DIFFERENTIATION","Differentiation, B cell, Transitional one stage","Adaptive","Humoral","B cell","GO:0002333",1,"ABL1"
"TRIF-DEPENDENT TOLL-LIKE RECEPTOR SIGNALING PATHWAY","PRR, TLR TRIF dep, Pathway","Innate","PRR","All","GO:0035666",4,"TICAM2,TICAM1,TLR4,CD40"
"TYPE 2 IMMUNE RESPONSE","Immune response, Th2","Adaptive","Cellular","T cell","GO:0042092",4,"BCL6,FCER1A,IL10,IL33"
"TYPE I HYPERSENSITIVITY","Hypersensitivity, Type I","Adaptive","Humoral","Allergy","GO:0016068",1,"FCER1A"
"TYPE I INTERFERON-MEDIATED SIGNALING PATHWAY","Signaling, Interferon I, Pathway","Innate","Interferon","Undefined","GO:0060337",19,"IFNE,STAT2,HDAC4,STAT1,IFITM1,JAK1,OAS2,TYK2,IFNAR1,IFNAR2,IFI27,TRIM65,TBKBP1,IFITM3,SP100,C9JQL5,IFITM2,IFNA8,MAVS"
"TYPE II INTERFERON-MEDIATED SIGNALING PATHWAY","Signaling, Interferon II, Pathway","Innate","Interferon","Undefined","GO:0060333",8,"STAT1,IRF1,JAK1,IFNGR1,TYK2,HCK,IFNGR2,SP100"
"TYPE III INTERFERON-MEDIATED SIGNALING PATHWAY","Signaling, Interferon III, Pathway","Innate","Interferon","Undefined","GO:0038196",10,"IFNGR1,IFNLR1,IL10RB,IFNL1,TYK2,IFNL4,IFNGR2,IFNL3,JAK1,IFNL2"
"V(D)J RECOMBINATION","V(D)J Recombination","Adaptive","General","Lymphocyte","GO:0033151",6,"HMGB1,RAG2,RAG1,LIG4,HMGB2,PRKDC"
