"","process","gene_ratio","bg_ratio","pvalue","p_adjust","qvalue","gene_id","count","condition","ora_enrichment","log_q"
"1","ARPP","25/90","90/638",0.000167784390639025,0.0026845502502244,0.00229599692453402,"SCIMP/CASP1/CD14/CLEC6A/CTSS/FCER1G/FCGR1A/IFI30/SRC/TAP1/TLR4/MAP2K6/CD40/TAP2/CD1E/FCGR2B/HLA-DOB/RIGI/ERAP2/HLA-DMA/HLA-DMB/CGAS/PIK3AP1/PSMB8/PSME1",25,"MONOV INFLUENZA A (D1)","ImmuneGO",2.63902869800699
"2","ANTIVIRAL AND INTERFERON","23/90","101/638",0.00693318981925622,0.0554655185540497,0.0474376145528057,"AIF1/CASP1/FCAR/GBP1/GBP2/HCK/IFIT1/IFIT2/IFITM3/IFNGR2/IRF1/MX1/OAS2/STAT1/STAT2/TLR4/IFITM1/CCL2/IL12RB1/RIGI/EIF2AK2/GBP6/IRF8",23,"MONOV INFLUENZA A (D1)","ImmuneGO",1.32387715802071
"3","B CELLS","14/30","155/638",0.00516201001788289,0.0722681402503605,0.0706380318236606,"BANK1/CD19/CD22/CD79A/CD79B/CXCR5/MS4A1/CD38/HDAC4/CD40/CD86/TLR4/RASGRP1/ZAP70",14,"PANDEMRIX (D1)","ImmuneGO",1.15096140994056
"4","ANTIVIRAL AND INTERFERON","12/23","101/638",3.99107330408829e-05,0.000478928796490595,0.000462124277315487,"RIGI/EIF2AK2/GBP1/IFI27/IFIT1/IFIT2/IFITM1/IFITM3/LGALS9/MX1/OAS2/STAT1",12,"HIV-1 GAG-POL NEF (D3)","ImmuneGO",3.33524121558171
"5","CELLULAR ADAPTIVE IMMUNE SYSTEM","51/100","262/638",0.0188749321363212,0.193662699601382,0.178373539106536,"CD28/CD3G/CTLA4/GPR183/HMGB1/IL6ST/ITK/ITPKB/JAK1/PDE4D/PIK3CA/PIK3R1/PRKCQ/PTPN2/RORA/THEMIS/JAML/APBB1IP/BTK/CORO1A/CR1/CSK/KDELR1/LILRB1/MAPK1/PSEN1/PTPN6/PTPRJ/RAB27A/SLC11A1/SYK/VAV1/ASXL1/BCL3/GATA3/GNL1/PDE4B/PPP2CA/ADA/CCR2/CD160/CD86/CTSC/FCER1G/FKBP1A/LFNG/LIPA/PPP3CA/PPP3CB/PRF1/TNFAIP8L2",51,"FLUARIX FLUVIRIN (D3)","ImmuneGO",0.74866957076906
"6","T CELLS","45/100","228/638",0.0242078374501727,0.193662699601382,0.178373539106536,"CD28/CD3G/CTLA4/GPR183/ITK/ITPKB/PDE4D/PIK3CA/PIK3R1/PRKCQ/PTPN2/THEMIS/JAML/APBB1IP/BTK/CORO1A/CR1/CSK/KDELR1/LILRB1/MAPK1/PSEN1/PTPN6/PTPRJ/RAB27A/SLC11A1/SYK/VAV1/CD6/GATA3/GNL1/PDE4B/PPP2CA/ADA/CD160/CD86/CTSC/FCER1G/FKBP1A/LFNG/LIPA/PPP3CA/PPP3CB/PRF1/TNFAIP8L2",45,"FLUARIX FLUVIRIN (D3)","ImmuneGO",0.74866957076906
"7","ARPP","15/45","90/638",0.000539852031159386,0.00602697082740125,0.00555115734102747,"HLA-DMA/RELB/CD1B/CD1C/CD1D/HLA-C/HLA-DMB/HLA-DPA1/HLA-DRB4/HLA-G/WDFY4/HLA-E/HLA-F/FCER1G/TLR4",15,"MENACTRA (D3)","ImmuneGO",2.25561646292726
"8","COMPLEMENT IMMUNE SYSTEM","8/45","31/638",0.000753371353425156,0.00602697082740125,0.00555115734102747,"C1R/C1S/C7/CFH/CFB/C5AR1/CFD/CR1",8,"MENACTRA (D3)","ImmuneGO",2.25561646292726
"9","ANTIVIRAL AND INTERFERON","16/29","101/638",6.01565158041216e-07,8.42191221257702e-06,6.96549130363513e-06,"CASP1/CCL2/CCL3/CCL3L1/CCL4/CCL7/CCL8/EIF2AK2/IFI27/IFIT1/IFIT2/IFITM2/IFITM3/LGALS9/MX1/STAT1",16,"MVA85A (D2)","ImmuneGO",5.15704824565314
"10","EOSINOPHIL","6/29","22/638",0.000232713687919003,0.00162899581543302,0.00134728977216265,"CCL2/CCL3/CCL3L1/CCL4/CCL7/CCL8",6,"MVA85A (D2)","ImmuneGO",2.87053898711526
"11","MONOCYTES","6/29","32/638",0.0020499043025389,0.00956622007851487,0.0079119113431326,"CCL2/CCL3/CCL3L1/CCL4/CCL7/CCL8",6,"MVA85A (D2)","ImmuneGO",2.1017185878674
"12","DENDRITIC CELLS","7/29","29/638",0.000148216920480073,0.00207503688672103,0.00202823154341153,"ALOX5/CCR2/CXCR2/CXCR4/SPI1/TGFBR2/CCL5",7,"ZOSTAVAX (D1)","ImmuneGO",2.6928824673437
"13","ANTIVIRAL AND INTERFERON","13/27","101/638",5.53837645041475e-05,0.000609221409545622,0.0005829869947805,"GBP1/GBP2/IFI27/IFIT1/IFIT2/IFITM1/IFITM2/IFNAR1/IFNAR2/IFNGR1/IFNGR2/MX1/OAS2",13,"PANDEMRIX (D7)","ImmuneGO",3.23434113333372
"14","ANTIVIRAL AND INTERFERON","8/19","101/638",0.00501752180983089,0.0551927399081397,0.0528160190508514,"IFI27/IFIT1/IFIT2/IFITM1/IFITM2/IFITM3/MX1/OAS2",8,"YF VAX (ANY)","ImmuneGO",1.27723433636278
"15","ARPP","14/31","90/638",1.64985658517092e-05,0.000247478487775638,0.000225769848497073,"B2M/CD1B/FCGR2B/TAP2/TICAM1/CD1C/CD1D/FCER1G/FCGR1A/HLA-DMA/HLA-DMB/TAP1/TIRAP/TLR4",14,"LVS F TULARENSIS (H336)","ImmuneGO",3.64633405845045
"16","ARPP","17/42","90/638",1.10524170395458e-05,0.000165786255593187,0.000139609478394262,"CD40/KLRC3/KLRK1/FCGR1A/TAP2/B2M/CD1B/CD1C/CD1D/FCER1G/FCGR2B/HLA-DMA/HLA-DMB/TAP1/TICAM1/TIRAP/TLR4",17,"LVS F TULARENSIS (H48)","ImmuneGO",3.85508509550522
"17","DENDRITIC CELLS","6/42","29/638",0.00859144929083855,0.0644358696812891,0.0542617849947698,"CCL5/F2R/CCR7/CCR1/CCR2/CDC42",6,"LVS F TULARENSIS (H48)","ImmuneGO",1.26550592379543
"18","IMMUNOGLOBULIN MEDIATED IMMUNE RESPONSE","3/42","12/638",0.0384910399197527,0.192455199598763,0.162067536504222,"CSF2RB/FCER1G/FCGR2B",3,"LVS F TULARENSIS (H48)","ImmuneGO",0.790303969291099
"19","ARPP","21/77","90/638",0.000863214464789815,0.013811431436637,0.0127210552705868,"CASP1/CD14/TICAM2/EP300/MAPKAPK2/PDIA3/RAB11FIP2/RELA/RELB/TNFAIP3/BTK/CTSS/FCER1G/HLA-DMB/IFI30/PIK3AP1/RAB10/RAB27A/RNF135/SYK/XIAP",21,"FLUMIST (D3)","ImmuneGO",1.89547686044993
"20","ARPP","14/30","90/638",1.02256409971824e-05,0.000153384614957736,0.00013992982417197,"B2M/TAP2/TICAM1/CD1B/CD1C/CD1D/FCER1G/FCGR1A/FCGR2B/HLA-DMA/HLA-DMB/TAP1/TIRAP/TLR4",14,"LVS F TULARENSIS (H18)","ImmuneGO",3.85408971157756
"21","ARPP","13/29","90/638",3.82935852813336e-05,0.000574403779220004,0.000524017482797196,"B2M/FCER1G/FCGR2B/TAP2/TICAM1/CD1B/CD1C/CD1D/FCGR1A/HLA-DMA/TAP1/TIRAP/TLR4",13,"LVS F TULARENSIS (H192)","ImmuneGO",3.28065422340617
"22","MONOCYTES","8/56","32/638",0.00422755984081583,0.0676409574530533,0.0623008818646543,"PECAM1/CCL18/CCL20/CCL23/CCL24/CCL4/CCL7/XCL1",8,"HPV-VLP (M2)","ImmuneGO",1.2055058058891
"23","EOSINOPHIL","6/56","22/638",0.00863105104331897,0.0690484083465518,0.0635972182139293,"CCL18/CCL23/CCL24/CCL4/CCL7/XCL1",6,"HPV-VLP (M2)","ImmuneGO",1.19656188027551
"24","MONOCYTES","4/20","32/638",0.0143477404777801,0.172172885733362,0.166131731847981,"AZU1/FLT1/CCL3/S100A12",4,"INFLUENZA (D1)","ImmuneGO",0.779547407583019
"25","ARPP","5/10","90/638",0.00707730280752161,0.0707730280752161,0.067048131860731,"CD1C/CTSH/HLA-DMB/HLA-DPA1/IFI30",5,"MONOV INFLUENZA A (D28)","ImmuneGO",1.17361331824309
"26","ANTIVIRAL AND INTERFERON","8/14","101/638",0.000401071977933393,0.00360964780140053,0.00337744823522857,"EIF2AK2/GBP1/GBP6/IFIT1/IFIT2/IFITM3/MX1/OAS2",8,"MONOV INFLUENZA A (D3)","ImmuneGO",2.4714112985093
"27","NEUTROPHIL","3/3","85/638",0.00229276253999742,0.0137565752399845,0.0120671712631443,"CCL5/CXCL8/CXCL9",3,"PANDEMRIX (D3)","ImmuneGO",1.91839452350551
"28","EOSINOPHIL","1/3","22/638",0.10007364138789,0.187133296111825,0.16415201413318,"CCL5",1,"PANDEMRIX (D3)","ImmuneGO",0.784753784140492
"29","DENDRITIC CELLS","1/3","29/638",0.130454451209168,0.187133296111825,0.16415201413318,"CCL5",1,"PANDEMRIX (D3)","ImmuneGO",0.784753784140492
"30","MONOCYTES","1/3","32/638",0.14326263011085,0.187133296111825,0.16415201413318,"CCL5",1,"PANDEMRIX (D3)","ImmuneGO",0.784753784140492
"31","MACROPHAGES","1/3","35/638",0.155944413426521,0.187133296111825,0.16415201413318,"CCL5",1,"PANDEMRIX (D3)","ImmuneGO",0.784753784140492
"32","NEUTROPHIL","3/3","85/638",0.00229276253999742,0.0137565752399845,0.0120671712631443,"CCL5/CXCL8/CXCL9",3,"PANDEMRIX (D30)","ImmuneGO",1.91839452350551
"33","EOSINOPHIL","1/3","22/638",0.10007364138789,0.187133296111825,0.16415201413318,"CCL5",1,"PANDEMRIX (D30)","ImmuneGO",0.784753784140492
"34","DENDRITIC CELLS","1/3","29/638",0.130454451209168,0.187133296111825,0.16415201413318,"CCL5",1,"PANDEMRIX (D30)","ImmuneGO",0.784753784140492
"35","MONOCYTES","1/3","32/638",0.14326263011085,0.187133296111825,0.16415201413318,"CCL5",1,"PANDEMRIX (D30)","ImmuneGO",0.784753784140492
"36","MACROPHAGES","1/3","35/638",0.155944413426521,0.187133296111825,0.16415201413318,"CCL5",1,"PANDEMRIX (D30)","ImmuneGO",0.784753784140492
"37","NEUTROPHIL","4/6","85/638",0.00358107145953214,0.0310574738988766,0.0181622654379395,"CCL2/CCL7/CXCL8/FCAR",4,"FLUZONE (D7)","ImmuneGO",1.74082998148491
"38","ANTIVIRAL AND INTERFERON","4/6","101/638",0.00690166086641702,0.0310574738988766,0.0181622654379395,"CCL2/CCL7/IL12B/FCAR",4,"FLUZONE (D7)","ImmuneGO",1.74082998148491
"39","EOSINOPHIL","2/6","22/638",0.0156693924505761,0.0470081773517283,0.0274901621939932,"CCL2/CCL7",2,"FLUZONE (D7)","ImmuneGO",1.56082269777936
"40","MONOCYTES","2/6","32/638",0.0322392409805016,0.0725382922061285,0.0424200539217126,"CCL2/CCL7",2,"FLUZONE (D7)","ImmuneGO",1.37242878377119
"41","NK CELL","2/4","41/638",0.0222770482556649,0.111385241278325,0.0937980979185892,"IL2/PTPRC",2,"FLUENZ (D6-7)","ImmuneGO",1.02780596835693
"42","ANTIVIRAL AND INTERFERON","7/17","101/638",0.0101023191919328,0.14143246868706,0.138242262626449,"CCL5/RPL13A/GBP2/IFIT1/IRF1/MX1/STAT1",7,"WETVAX (D2-4)","ImmuneGO",0.859359166661044
"43","ANTIVIRAL AND INTERFERON","22/80","101/638",0.0030717483831629,0.0460762257474435,0.0452678709097691,"CCL5/RPL13A/AIF1/CASP1/GBP1/GBP2/HCK/HLA-DPA1/IFI27/IFIT1/IFIT2/IFITM1/IFITM2/IFITM3/IFNGR2/IRF1/LGALS9/MX1/OAS2/SIRPA/STAT1/STAT2",22,"WETVAX (D5-7)","ImmuneGO",1.34420993125874
"44","ANTIVIRAL AND INTERFERON","8/10","101/638",1.05369198715944e-05,6.32215192295665e-05,5.54574730083917e-05,"RIGI/EIF2AK2/IFI27/IFIT1/IFIT2/MX1/OAS2/STAT1",8,"YF17D (D3)","ImmuneGO",4.25603992349805
"45","ANTIVIRAL AND INTERFERON","16/39","101/638",8.2404024862799e-05,0.00123606037294199,0.00121437510324125,"CASP1/RIGI/EIF2AK2/GBP1/GBP2/IFI27/IFIT1/IFIT2/IFITM1/IFITM3/LGALS9/MX1/OAS2/RNF135/STAT1/STAT2",16,"STAMARIL (D10)","ImmuneGO",2.91564714513418
"46","ANTIVIRAL AND INTERFERON","16/41","101/638",0.000169983251523026,0.00237976552132237,0.00214715686134349,"RPL13A/CASP1/RIGI/EIF2AK2/GBP1/IFI27/IFIT1/IFIT2/IFITM1/IFITM3/LGALS9/MX1/OAS2/RNF135/STAT1/STAT2",16,"STAMARIL (D3)","ImmuneGO",2.66813622685978
"47","ARPP","11/41","90/638",0.0198429005916288,0.138900304141402,0.125323582683972,"CASP1/RIGI/FCER1G/IFI30/PSME1/RNF135/SCIMP/SRC/TAP1/TAP2/TICAM1",11,"STAMARIL (D3)","ImmuneGO",0.901967198233048
"48","ANTIVIRAL AND INTERFERON","17/57","101/638",0.00387982362394964,0.0620771779831943,0.0612603730097312,"RPL13A/CCL8/RIGI/EIF2AK2/GBP1/GBP2/IFI27/IFIT1/IFIT2/IFITM1/IFITM3/LGALS9/MX1/OAS2/RNF135/STAT1/STAT2",17,"STAMARIL (D7)","ImmuneGO",1.21282036313547
"49","ANTIVIRAL AND INTERFERON","1/1","101/638",0.158307210031348,0.158307210031348,NA,"IFI27",1,"BNT (V1, D6)","ImmuneGO",NA
"50","ARPP","59/308","90/638",0.000289194730130911,0.00462711568209458,0.00395740157021247,"RELB/KLRK1/B2M/CLEC6A/TICAM1/HLA-C/DNM2/HLA-DMB/FCER1G/TLR4/HLA-DPA1/PRKCE/FCGR2B/NFKBIA/NAGLU/SRC/PSMB8/PDIA3/PSME1/BTK/TNFAIP3/HLA-DMA/IRGM/CTSE/CTSH/CTSS/HLA-E/AP3B1/HLA-F/EP300/RAB10/ERAP2/RAB6A/TAP1/RPS6KA3/LACC1/TAP2/CALR/HSPD1/WDFY4/IDE/CASP1/IFI30/RELA/CD1C/CD1E/TICAM2/CD40/RIGI/FCGR1A/SLC11A1/RNF135/CD1D/TNIP2/PIK3AP1/SCIMP/CGAS/XIAP/MAVS",59,"BNT (V2, D1)","ImmuneGO",2.40258987824582
"51","B CELLS","88/308","155/638",0.00959074285608796,0.0767259428487036,0.0656208721732334,"KIT/GPR183/MS4A1/ABL1/MSH2/GRB2/LRRC8A/CLEC4G/YY1/ZAP70/TICAM1/SOS1/ADAM17/FCER1G/TLR4/BCL2/PRKCD/PRKCE/PTPRC/FCGR2B/BCL3/PRKDC/BCL6/NFKBIA/SPNS2/MAPK1/HCK/HDAC4/CD19/IL2RG/SRC/IL4R/CXCR5/BMX/CR2/IL9R/NCKAP1L/BST2/CSF2RB/NOTCH2/CD38/BTK/MEF2C/TNFAIP3/CD40LG/STAT5B/STAT6/IRF8/RASGRP1/PTPN2/PTPN6/NFAM1/ITGA4/NFKB1/CD79A/CD79B/ITK/GATA3/CD86/EP300/TPD52/JAK3/EPHB2/SYVN1/CEBPG/HSPD1/MNDA/TBC1D10C/TEC/FGR/IL7R/HHEX/CD27/CD40/LAX1/LIG4/IL2RB/LIMK1/CD22/UNG/CD70/GAPT/CD81/VAV1/ZBTB7A/CAMLG/PAX5/PIK3R1",88,"BNT (V2, D1)","ImmuneGO",1.18295800166248
"52","CELLULAR ADAPTIVE IMMUNE SYSTEM","138/308","262/638",0.03798964778184,0.190320851316789,0.162774412310412,"KIT/S1PR1/GPR15/TESPA1/GPR183/RELB/ABL1/KLRK1/B2M/THEMIS/THEMIS2/CLEC4G/FAS/ZAP70/PPP2R1A/PPP3CA/SOX4/ADAM17/GZMM/DOCK8/PRF1/FCER1G/TLR4/BCL2/DPP4/PTPRC/PRKCQ/BCL3/PRKDC/BCL6/DTX1/IL15/SPN/ZFPM1/MAP3K8/SPNS2/MAPK1/CCR7/CD160/IL2RG/SRC/CR1/IL4R/CR2/TXK/AKT1/PSMB10/CD247/CRKL/NCKAP1L/CD28/MDK/BTK/RORA/RORC/IRF1/STAT3/MEN1/CD40LG/STAT5B/STAT6/BTN3A2/CTSC/BTNL9/RASGRP1/PTPN2/CTSH/PTPN6/MFAP3/ITGAL/HLA-E/ITK/GATA3/ITPKB/CD86/TOX/JAK1/JAK3/NLRC3/EPHB3/CDH26/HPRT1/RPS6/CACNB3/CACNB4/TAP2/MTOR/KDELR1/HSPD1/WDFY4/IDO1/ASXL1/DENND1B/RBX1/TEC/ATP7A/CD1C/IL7R/KMT2A/CD276/CCL2/CD3G/BTN2A1/FUT7/TNFAIP8L2/LCP1/SLC11A1/MYH9/LEP/LGALS1/CCR2/IL18BP/CD8B/CD99/LIG4/EOMES/LIPA/LILRB1/CD1D/FKBP1A/LMO4/NCAPH2/PDE4B/PLCG1/CD46/SKAP1/CD7/CD70/SLC12A2/CD81/NKAP/LMBR1L/VAV1/TCF7/WAS/PIK3R1/PKNOX1/PSEN1",138,"BNT (V2, D1)","ImmuneGO",0.788413863978646
"53","IMMUNOGLOBULIN MEDIATED IMMUNE RESPONSE","9/308","12/638",0.0560111619426824,0.190320851316789,0.162774412310412,"FCER1G/PRKCD/FCGR2B/CD19/IL4R/IL9R/CSF2RB/CD27/IL2RB",9,"BNT (V2, D1)","ImmuneGO",0.788413863978646
"54","T CELLS","120/308","228/638",0.0594752660364965,0.190320851316789,0.162774412310412,"KIT/S1PR1/GPR15/TESPA1/GPR183/ABL1/KLRK1/B2M/THEMIS/THEMIS2/CLEC4G/FAS/ZAP70/PPP2R1A/PPP3CA/SOX4/ADAM17/GZMM/DOCK8/PRF1/FCER1G/BCL2/DPP4/PTPRC/PRKCQ/PRKDC/BCL6/DTX1/IL15/SPN/MAP3K8/SPNS2/MAPK1/CCR7/CD160/IL2RG/SRC/CR1/CR2/TXK/AKT1/PSMB10/CD247/CRKL/NCKAP1L/CD28/MDK/BTK/IRF1/CD40LG/STAT5B/BTN3A2/CTSC/BTNL9/RASGRP1/PTPN2/CTSH/PTPN6/MFAP3/ITGAL/HLA-E/ITK/GATA3/ITPKB/CD86/TOX/JAK3/NLRC3/CDH26/HPRT1/RPS6/CACNB3/TAP2/MTOR/KDELR1/HSPD1/WDFY4/IDO1/DENND1B/RBX1/TEC/CD1C/IL7R/CD276/CCL2/CD3G/BTN2A1/FUT7/TNFAIP8L2/CD6/LCP1/SLC11A1/MYH9/LEP/LGALS1/CD8B/CD99/LIG4/EOMES/LIPA/LILRB1/CD1D/FKBP1A/NCAPH2/PDE4B/PLCG1/CD46/SKAP1/CD7/CD70/SLC12A2/CD81/NKAP/LMBR1L/VAV1/TCF7/WAS/PIK3R1/PKNOX1/PSEN1",120,"BNT (V2, D1)","ImmuneGO",0.788413863978646
"55","ARPP","52/252","90/638",0.000121024503581023,0.00193639205729637,0.0017835190001414,"HLA-F/RELB/HLA-G/HLA-DMB/FCER1G/HLA-DPA1/SRC/CD1C/CD14/HLA-E/FOSL1/TICAM1/LACC1/KLRC3/CTSS/PSME1/KLRC1/CGAS/CD1D/BCL10/TLR4/TAP2/PRKCE/RIGI/BTK/AP3B1/KLRK1/RELA/RPS6KA3/TNFAIP3/NFKBIA/HLA-DMA/B2M/CTSH/FCGR1A/PIK3AP1/CLEC6A/IFI30/MAPKAPK2/SCIMP/PDIA3/TAP1/TICAM2/HLA-C/CD40/RAB10/XIAP/RNF135/CALR/EP300/PSMB8/CASP1",52,"BNT (V3, D1)","ImmuneGO",2.74872225968553
"56","T CELLS","92/219","228/638",0.0108849421385229,0.134080560351275,0.123495252955122,"IL7R/FCER1A/NLRC3/THEMIS/ITGB7/ZAP70/IL15/CCR7/SKAP1/CD8B/PLCG1/TESPA1/RASGRP1/CD247/CD6/TCF7/ITK/CRTAM/CD3G/RPL22/EOMES/CD40LG/GATA3/S1PR1/BCL2/BCL6/ZC3H8/PRF1/SLC12A2/SPN/TXK/RPS6/KLRK1/CD28/PTPN2/FCER1G/GPR183/FKBP1B/DEFA4/B2M/FKBP1A/CD81/CD1C/ADA/TOX/BAX/CCNB2/SP3/GZMM/DPP4/GPR15/GPR89B/NCAPH2/CTSH/FAS/GPR89A/CR2/CD24/JAK3/HLA-E/ZNF683/PPP2CA/APBB1IP/DTX1/RHOA/HPRT1/PRKCQ/RC3H1/PIK3R1/CD160/RAG1/CCND3/JMJD6/ITPKB/CDK6/BTK/FUT7/JAG1/BCL10/KHDRBS1/GLI3/CTLA4/SMAD3/CTNNB1/MTOR/SPNS2/PIK3CG/HSPD1/LFNG/CR1/STAT5B/LCP1",92,"BNT-I (D10, mild)","ImmuneGO",0.908349735967221
"57","CELLULAR ADAPTIVE IMMUNE SYSTEM","103/219","262/638",0.0167600700439093,0.134080560351275,0.123495252955122,"IL7R/FCER1A/NLRC3/THEMIS/ITGB7/ZAP70/IL15/CCR7/SKAP1/CD8B/PLCG1/TESPA1/RASGRP1/CD247/TCF7/ITK/CRTAM/MEN1/LMO4/CD3G/RPL22/EOMES/CD40LG/GATA3/RORA/S1PR1/BCL2/BCL6/RORC/ZC3H8/PRF1/SLC12A2/SPN/TXK/RPS6/KLRK1/CD28/KMT2A/PTPN2/FCER1G/GPR183/FKBP1B/DEFA4/B2M/FKBP1A/CD81/CD1C/ADA/TOX/BAX/CCNB2/SP3/GZMM/DPP4/GPR15/GPR89B/NCAPH2/CTSH/FAS/GPR89A/CR2/RELB/CD24/JAK3/HLA-E/MAPK3/CEBPB/ZNF683/PPP2CA/APBB1IP/DTX1/RHOA/HPRT1/PRKCQ/RC3H1/PIK3R1/CD160/RAG1/CCND3/JMJD6/BCL3/ASXL1/ITPKB/CDK6/BTK/FUT7/JAG1/BCL10/KHDRBS1/GLI3/CTLA4/SMAD3/CACNB4/CTNNB1/MTOR/SPNS2/PIK3CG/MAP2K2/HSPD1/LFNG/CR1/STAT5B/LCP1",103,"BNT-I (D10, mild)","ImmuneGO",0.908349735967221
"58","CELLULAR ADAPTIVE IMMUNE SYSTEM","133/286","262/638",0.00744507766945457,0.10936520628309,0.100731111050214,"FCER1A/CCNB2/RORC/IL7R/CD40LG/CD24/THEMIS/CCND3/RPL22/PLCG1/TESPA1/NLRC3/CD3G/BCL6/DEFA4/RASGRP1/IL10/ITGB7/GPR183/SMAD3/TCF7/IL15/ADAM17/LFNG/CCR7/MEN1/CD28/CD1C/IL18BP/CRTAM/SPN/PRKCQ/LMO4/GATA3/CD8B/FCER1G/ITK/RPS6/ZAP70/RC3H1/JAG1/RORA/MAP3K8/HLA-E/KMT2A/EOMES/B2M/BCL2/ASXL1/CEBPB/JMJD6/PPP2CA/ZC3H8/SKAP1/CD247/ZNF683/FAS/RHOA/SLC12A2/CR1/DPP4/FKBP1A/GZMM/GPR89B/JAK3/CAV1/S1PR1/CD81/STAT3/BTK/MAPK3/CD160/SP3/BTN2A1/PIK3R1/KDELR1/PIK3CG/GPR15/BCL10/APBB1IP/RAG1/PKNOX1/LCP1/NCAPH2/BTNL8/CTLA4/ITPKB/ZFPM1/TOX/CTNNB1/TLR4/CDK6/RAB27A/IL2RG/CRKL/TXK/MYO1G/STAT5B/SLC11A1/CDH26/PTGER4/PLCG2/RBX1/BCL3/IL7/BTN3A2/PSEN1/HPRT1/FUT7/CASP3/SYK/MAP2K2/PTPN2/KLRK1/THEMIS2/NCK1/CR2/TGFBR1/CCL20/LGALS1/PRF1/PTPN6/FKBP1B/EFNB1/GPR89A/DENND1B/PRDX2/F2RL1/TAP2/MAP2K1/ZFP36L2/RELB/MTOR",133,"BNT-I (D10, severe)","ImmuneGO",0.996836375814689
"59","T CELLS","116/286","228/638",0.0136706507853862,0.10936520628309,0.100731111050214,"FCER1A/CCNB2/IL7R/CD40LG/CD24/THEMIS/CCND3/RPL22/PLCG1/TESPA1/NLRC3/CD3G/CD6/BCL6/DEFA4/RASGRP1/IL10/ITGB7/GPR183/SMAD3/TCF7/IL15/ADAM17/LFNG/CCR7/CD28/CD1C/CRTAM/SPN/PRKCQ/GATA3/CD8B/FCER1G/ITK/RPS6/ZAP70/RC3H1/JAG1/MAP3K8/HLA-E/EOMES/B2M/BCL2/JMJD6/PPP2CA/ZC3H8/SKAP1/CD247/ZNF683/FAS/RHOA/SLC12A2/CR1/DPP4/FKBP1A/GZMM/GPR89B/JAK3/CAV1/S1PR1/CD81/BTK/CD160/SP3/BTN2A1/PIK3R1/KDELR1/PIK3CG/GPR15/BCL10/APBB1IP/RAG1/PKNOX1/LCP1/NCAPH2/BTNL8/CTLA4/ITPKB/TOX/CTNNB1/CDK6/RAB27A/IL2RG/CRKL/TXK/MYO1G/STAT5B/SLC11A1/CDH26/PLCG2/RBX1/IL7/BTN3A2/PSEN1/HPRT1/FUT7/CASP3/SYK/PTPN2/KLRK1/THEMIS2/NCK1/CR2/CCL20/LGALS1/PRF1/PTPN6/FKBP1B/EFNB1/GPR89A/DENND1B/PRDX2/F2RL1/TAP2/ZFP36L2/MTOR",116,"BNT-I (D10, severe)","ImmuneGO",0.996836375814689
"60","T CELLS","59/130","228/638",0.00720760965453909,0.102350546017226,0.0875366511989429,"CD40LG/CR2/S1PR1/IL7R/HPRT1/ITGB7/CCR7/CTNNB1/CD24/FCER1G/DTX1/ZC3H8/CD1C/JAG1/DEFA4/GPR183/BCL6/FKBP1A/CD3G/TESPA1/CCNB2/TCF7/PPP2CA/KHDRBS1/JMJD6/LCP1/SRF/SP3/CR1/EOMES/RHOA/GPR89B/CD6/RPL22/SPN/NLRC3/STAT5B/PLCG1/JAK3/SLC12A2/CD247/CCL2/ZAP70/BCL10/CCND3/PRF1/RC3H1/RAG1/GATA3/IL10/SLC11A1/RASGRP1/MTOR/BCL2/ITK/FUT7/THEMIS/SMAD3/MAPK1",59,"BNT-I (D26, mild)","ImmuneGO",1.0578100717695
"61","B CELLS","42/130","155/638",0.0127938182521532,0.102350546017226,0.0875366511989429,"CD40LG/CR2/CD22/IL7R/NFKBIA/MSH2/CD40/CAMLG/BANK1/CD79A/SOS2/CXCR5/FCER1G/PAX5/MS4A1/GPR183/BCL6/PTK2/CD79B/CD19/SP3/RBPJ/LAX1/STAT5B/BCL3/JAK3/ADGRG3/HHEX/ST3GAL1/ZAP70/IL4R/BCL10/RC3H1/RAG1/GATA3/IL10/RASGRP1/BCL2/ITK/PRKCD/GRB2/MAPK1",42,"BNT-I (D26, mild)","ImmuneGO",1.0578100717695
"62","CELLULAR ADAPTIVE IMMUNE SYSTEM","64/130","262/638",0.0220733468517667,0.117724516542756,0.100685441779989,"CD40LG/CR2/S1PR1/IL7R/HPRT1/ITGB7/CCR7/RORC/CTNNB1/CD24/MEN1/FCER1G/DTX1/ZC3H8/CD1C/JAG1/DEFA4/GPR183/BCL6/FKBP1A/CD3G/TESPA1/CCNB2/TCF7/PPP2CA/KHDRBS1/JMJD6/LCP1/SRF/MAPK3/SP3/CR1/EOMES/RHOA/GPR89B/RPL22/SPN/NLRC3/STAT5B/BCL3/PLCG1/JAK3/SLC12A2/CD247/CCL2/ZAP70/IL4R/BCL10/CCND3/PRF1/RC3H1/RAG1/KMT2A/GATA3/IL10/SLC11A1/RASGRP1/MTOR/BCL2/ITK/FUT7/THEMIS/SMAD3/MAPK1",64,"BNT-I (D26, mild)","ImmuneGO",0.997033320029181
"63","B CELLS","14/27","155/638",0.00144827483524872,0.0159310231877359,0.015244998265776,"CR2/CD22/PTK2/ST3GAL1/MSH2/CD40/BANK1/IL7R/CD40LG/CXCR5/CEBPG/BAX/MS4A1/CD79A",14,"BNT-I-BNT (D51, mild)","ImmuneGO",1.8168726207026
"64","ANTIVIRAL AND INTERFERON","56/272","101/638",0.00331212662822454,0.0434394910193016,0.0371521962665079,"HDAC4/MAVS/GBP7/CCL2/OAS2/FCAR/IFNGR2/IFITM2/TLR4/NCK1/FASLG/XCL1/IRF1/EIF2AK2/IL10RB/GBP6/GBP2/IFITM1/IFNGR1/HCK/CCL8/ACTR3/CCL3/IFIT2/CCL3L1/ACOD1/IFIT1/RNF135/IFNAR1/LGALS9/RPL13A/GBP1/IFITM3/STXBP1/SP100/STING1/MX1/HLA-DPA1/KIF5B/STAT2/AIF1/IFNLR1/STAT1/TRIM65/RIGI/WAS/CD58/STXBP3/RAB43/CASP1/CDC42/IFNAR2/STX4/DAPK1/IL12RB1/ACTR2",56,"BNT-MO (V3, D1)","ImmuneGO",1.4300155076576
"65","ARPP","50/272","90/638",0.0054299363774127,0.0434394910193016,0.0371521962665079,"CLEC6A/HLA-F/MAVS/EP300/B2M/RELB/CTSS/PIK3AP1/TICAM1/ERAP2/TLR4/KLRK1/BCL10/BTK/TICAM2/HLA-DMA/FCER1G/SRC/FCGR2B/XIAP/FCGR1A/AP3B1/NFKBIA/PDIA3/SYK/PRKCE/SCIMP/HLA-C/IFI30/HLA-DMB/TAP2/RNF135/CD1C/RELA/HLA-E/CD40/STING1/FOSL1/HLA-DPA1/TAP1/CGAS/MAPKAPK2/KLRC3/TNFAIP3/PSME1/RAB10/RIGI/CASP1/RAB5B/PSMB8",50,"BNT-MO (V3, D1)","ImmuneGO",1.4300155076576
"66","T CELLS","110/272","228/638",0.0201061269920501,0.107232677290934,0.0917121582093512,"CD86/ZAP70/LEPR/CD6/B2M/CCL2/CRK/CD28/PTPN6/MDK/CD160/PRKCQ/IL7R/IDO1/RHOA/JAK3/RC3H1/SPN/LIPA/KLRK1/CTNNB1/DEFA1/BCL10/PSEN1/CD247/BTK/NCK1/BTN2A1/EOMES/SLC12A2/PSMB10/APBB1IP/PTPRC/CD40LG/CD83/FCER1G/SRC/BCL2/CCR7/THEMIS/ITK/KIT/GATA3/IRF1/CD3G/GZMM/DOCK8/TCF7/BCL6/S1PR1/GPR183/SYK/RASGRP1/CR2/EGR1/NLRC3/JMJD6/TXK/BRAF/DENND1B/CD8B/CLEC4G/LIG4/PPP2CA/EPHB1/CCL3/GNL1/ADAM17/BTN3A2/THEMIS2/SP3/CD7/IL10/TAP2/DTX1/PTPN2/CD44/ZC3H8/TESPA1/CD1C/PIK3CA/LILRB1/PIK3CG/HLA-E/ITPKB/CXADR/VAV1/CSK/TOX/CD46/SKAP1/DPP4/F2RL1/RPL22/IL15/NFKBID/NCKAP1L/PDE4B/PLCG1/SOX4/WAS/CTSC/FKBP1A/MAP3K8/JAG1/NKAP/FAS/LCP1/PTPRJ/RPS6",110,"BNT-MO (V3, D1)","ImmuneGO",1.0375730864323
"67","DENDRITIC CELLS","20/280","29/638",0.00476556116216483,0.0479018379350756,0.0441201138875697,"CXCR2/CDC42/CCR2/PIK3CG/DOCK8/LAG3/SPI1/RELB/HMGB1/ALOX5/NOTCH2/PSEN1/TGFBR2/BATF2/ZBTB46/CXCR1/ARHGEF5/LTBR/CCR1/CXCR4",20,"ChAd (V1, D3)","ImmuneGO",1.35536337518291
"68","ARPP","51/280","90/638",0.00598772974188445,0.0479018379350756,0.0441201138875697,"RNF135/IFI30/CTSH/CD1D/CD1E/B2M/HLA-DPA1/HLA-DOB/SLC11A1/RELA/TAP2/PSMB8/CLEC6A/TNIP2/CD1C/RELB/EP300/HLA-DMB/BTK/HLA-DMA/ERAP2/CASP1/CD40/CD14/MFSD6/TNFAIP3/AP3B1/FCER1G/IRGM/MAVS/CTSS/KLRK1/LACC1/NAGLU/WDFY4/TAP1/HLA-C/HLA-E/TLR4/FOSL1/RAB10/FCGR1A/NFKBIA/PIK3AP1/SRC/RAB11FIP2/SCIMP/PSME1/CALR/RPS6KA3/PDIA3",51,"ChAd (V1, D3)","ImmuneGO",1.35536337518291
"69","ARPP","31/140","90/638",0.00222268100562448,0.0346781108186355,0.0319403652276906,"FCGR1A/AP3B1/HLA-DMA/B2M/HLA-DMB/SCIMP/HLA-F/CLEC6A/PRKCE/IFI30/PIK3AP1/RIGI/TAP2/LACC1/BTK/CD1D/TAP1/RAB11FIP2/CASP1/CTSS/PDIA3/XIAP/HLA-DPA1/PSME1/TNFAIP3/TICAM2/CGAS/STING1/PSMB8/MAPKAPK2/NFKBIA",31,"ChAd (V2, D1)","ImmuneGO",1.49566012215296
"70","ANTIVIRAL AND INTERFERON","33/140","101/638",0.00433476385232944,0.0346781108186355,0.0319403652276906,"CCL8/SP100/STAT1/IFIT2/IFITM3/RPS6KB1/OAS2/TRIM65/ACTG1/CCL2/CALM1/RIGI/RPL13A/IFI27/CASP1/KIF5B/IFIT1/MX1/GBP1/HLA-DPA1/EIF2AK2/IFITM1/CCL4/STAT2/GBP2/GBP6/IRF1/LGALS9/STING1/CD47/UBE2N/CD58/STX4",33,"ChAd (V2, D1)","ImmuneGO",1.49566012215296
"71","MAST CELL","3/12","24/638",0.00824879612352625,0.0824879612352625,0.0781464895913014,"KIT/CHGA/SYK",3,"ChAd (V2, D3)","ImmuneGO",1.10709052609481
"72","EOSINOPHIL","1/1","22/638",0.0344827586206896,0.107105538140021,0.0901941373810703,"XCL1",1,"ChAd (V2, D7)","ImmuneGO",1.04482169068197
"73","MONOCYTES","1/1","32/638",0.0501567398119124,0.107105538140021,0.0901941373810703,"XCL1",1,"ChAd (V2, D7)","ImmuneGO",1.04482169068197
"74","NK CELL","1/1","41/638",0.0642633228840126,0.107105538140021,0.0901941373810703,"XCL1",1,"ChAd (V2, D7)","ImmuneGO",1.04482169068197
"75","NEUTROPHIL","1/1","85/638",0.133228840125392,0.158307210031348,0.13331133476324,"XCL1",1,"ChAd (V2, D7)","ImmuneGO",0.875132923235424
"76","ANTIVIRAL AND INTERFERON","1/1","101/638",0.158307210031348,0.158307210031348,0.13331133476324,"XCL1",1,"ChAd (V2, D7)","ImmuneGO",0.875132923235424
"77","ANTIVIRAL AND INTERFERON","44/195","101/638",0.00180192402247388,0.0288307843595821,0.0246579076759584,"FASLG/XCL1/CCL24/AIF1/CCL2/HCK/EIF2AK2/CCL5/RPL13A/CASP1/MX1/CCL7/CCL1/ACTR3/IFITM3/ACTR2/IFIT1/IFITM1/CCL18/IFNGR2/STAT1/HLA-DPA1/IRF1/CCL20/IRF8/IFI27/IFNGR1/TRIM65/IFIT2/GBP1/DAPK1/SIRPA/CCL8/SP100/LGALS9/RNF135/GBP7/OAS2/RAB43/RPS6KB1/CD58/GBP2/IFNAR2/STAT2",44,"ChAd-BNT (V2, D3)","ImmuneGO",1.60804377783507
"78","DENDRITIC CELLS","16/195","29/638",0.00416752726811431,0.0333402181449145,0.028514660255519,"CCL5/CCR7/ALOX5/BATF2/SPI1/CCR2/LTBR/CXCR2/NOTCH2/CXCR4/DOCK8/IRF8/F2R/RELB/CCR1/CXCR1",16,"ChAd-BNT (V2, D3)","ImmuneGO",1.54493179854959
"79","EOSINOPHIL","11/195","22/638",0.0413042076527693,0.220289107481436,0.188405157714386,"XCL1/BTK/CCL24/CCL2/CCL5/CCL7/CCL1/CCL18/VAMP2/MPL/CCL8",11,"ChAd-BNT (V2, D3)","ImmuneGO",0.724907212284985
"80","NEUTROPHIL","36/190","85/638",0.00555923374734622,0.0889477399575395,0.0877773749580982,"PIK3CG/LGALS3/CCL2/CCL4/CCL7/MPL/FCAR/CCL3/CCL20/CXCL3/FCER1G/C5AR1/MTHFD1/CXCL6/CXCL8/CXCR2/SCNN1B/CXCL1/CXCL2/PF4V1/CSF1/CXCR1/DNASE1/CXCL5/PDE4B/CCL8/S100A12/LILRA2/CCL3L1/NLRP6/JAGN1/IL15/SRP54/NCKAP1L/PECAM1/MCOLN2",36,"ChAd-BNT (V2, D7)","ImmuneGO",1.05661741116773
"81","ARPP","30/126","90/638",0.000705063771348421,0.0112810203415747,0.0103904134725031,"PRKCE/CTSH/BTK/CASP1/FOSL1/FCGR2B/CGAS/TAP2/HLA-DMA/B2M/CLEC6A/RIGI/AP3B1/FCGR1A/SCIMP/RELB/CD40/TAP1/CD1D/HLA-DMB/CTSS/HLA-DPA1/PIK3AP1/PDIA3/XIAP/PSME1/IFI30/TNFAIP3/PSMB8/NFKBIA",30,"ChAd-BNT (V3, D1)","ImmuneGO",1.98336716993526
"82","ANTIVIRAL AND INTERFERON","31/126","101/638",0.00281306865174666,0.0225045492139733,0.0207278742760281,"CASP1/CCL3L1/CCL3/CCL2/IFIT1/IFITM3/IFIT2/MRC1/RIGI/FASLG/CCL8/GBP2/IL10RB/HDAC4/SP100/MX1/IFNAR2/OAS2/GBP1/IRF1/HLA-DPA1/KIF5B/AIF1/EIF2AK2/GBP6/STAT1/STAT2/IFITM1/TRIM65/LGALS9/CALM1",31,"ChAd-BNT (V3, D1)","ImmuneGO",1.68344523420753
"83","T CELLS","92/217","228/638",0.00770234794815877,0.0930033156270141,0.0856609486038288,"FCER1A/CCNB2/IL10/ITPKB/JAG1/RPL22/CD1C/RPS6/CD81/GPR183/CD6/CD40LG/ZAP70/FCER1G/PLCG1/LFNG/IL15/ITGB7/NLRC3/CD3G/ADAM17/CCND3/GZMM/PIK3CG/PTPN2/CD8B/TCF7/BCL6/TESPA1/IL7R/CCR7/SPN/RASGRP1/THEMIS/BTK/GPR89B/RBX1/GATA3/GPR15/S1PR1/CRTAM/SKAP1/FKBP1A/PIK3R1/CD24/RC3H1/CAV1/CD247/SMAD3/SLC12A2/B2M/ITGAL/AKT1/DPP4/CDH26/NCAPH2/JAK3/PPP2CA/ZNF683/PRKCQ/NCKAP1L/HPRT1/TOX/MAP3K8/RAB27A/SPNS2/MYO1G/PPP2R1A/BCL2/RHOA/CTNNB1/BCL10/CD28/FKBP1B/ITK/BTN2A1/SP3/JMJD6/DEFA4/CD7/NCK1/CR1/CASP3/PRF1/LCP1/PSEN1/SOX4/KLRK1/EOMES/PRDX2/TEC/ZC3H8",92,"I (D10, moderate)","ImmuneGO",1.06721712056369
"84","CELLULAR ADAPTIVE IMMUNE SYSTEM","103/217","262/638",0.0116254144533768,0.0930033156270141,0.0856609486038288,"FCER1A/CCNB2/IL10/ITPKB/JAG1/MEN1/RPL22/LMO4/CD1C/RPS6/CD81/GPR183/CD40LG/ZAP70/FCER1G/PLCG1/LFNG/IL15/ITGB7/NLRC3/CD3G/ADAM17/CCND3/GZMM/PIK3CG/PTPN2/ZFPM1/CD8B/TCF7/BCL6/TESPA1/IL7R/CCR7/IL18BP/SPN/RASGRP1/THEMIS/BTK/GPR89B/RBX1/GATA3/GPR15/S1PR1/CRTAM/SKAP1/RORC/FKBP1A/PIK3R1/CD24/RC3H1/CAV1/CD247/SMAD3/SLC12A2/B2M/ITGAL/AKT1/DPP4/CDH26/NCAPH2/MAP2K1/JAK3/PPP2CA/ZNF683/PRKCQ/NCKAP1L/KMT2A/HPRT1/TOX/MAP3K8/RAB27A/SPNS2/MYO1G/PPP2R1A/BCL2/RHOA/CTNNB1/BCL10/CD28/FKBP1B/ITK/BTN2A1/SP3/JMJD6/RORA/DEFA4/CD7/NCK1/CR1/ASXL1/CASP3/PRF1/LCP1/PSEN1/SOX4/STAT3/KLRK1/EOMES/PRDX2/TEC/BCL3/TLR4/ZC3H8",103,"I (D10, moderate)","ImmuneGO",1.06721712056369
"85","CELLULAR ADAPTIVE IMMUNE SYSTEM","119/230","262/638",2.89716230849398e-05,0.000463545969359037,0.000396453789583387,"FCER1A/CD40LG/JMJD6/CCND3/TESPA1/MEN1/TCF7/PRKDC/ADAM17/RORC/PKNOX1/SRC/RPL22/BCL6/GPR15/SLC11A1/DPP4/ITGB7/IL7R/CCNB2/RHOA/LCP1/S1PR1/SPN/SP3/CDH26/CR1/RC3H1/CCL20/CD81/MAP3K8/ITPKB/GATA3/CCR7/PPP2CA/CD3G/JAK3/DTX1/LFNG/CCL2/CD28/ZFP36L2/PRDX2/PLCG1/RPS6/CEBPB/PSEN1/CASP3/RASGRP1/CD1C/IL10/MAPK1/THEMIS2/B2M/CD86/FCER1G/RAB27A/STAT5B/MAP2K1/LMBR1L/GPR89B/IL20RB/SMAD3/HLA-E/GPR183/CD24/MAPK3/KMT2A/PLCG2/STAT3/JAG1/BCL10/THEMIS/PIK3CA/DEFA4/ZC3H8/CRK/LILRB1/PTPRC/BCL3/CDK6/IL4R/CTNNB1/TNFSF8/CRTAM/PRKCQ/FOSL2/FKBP1A/ZFPM1/APBB1IP/GZMM/IL18BP/PPP3CA/CD46/CCR2/CTLA4/IDO1/ZAP70/EFNB1/MYO1G/CTPS1/ITK/DDOST/HMGB1/FUT7/ASXL1/ADA/SLC12A2/LIG4/HSPD1/PPP2R1A/BTNL8/SYK/IL12B/MSN/BTNL9/BRAF/LMO4/GPR89A",119,"I (D10, severe)","ImmuneGO",3.4018074265015
"86","T CELLS","105/230","228/638",6.72584298943472e-05,0.000538067439154777,0.000460189257171849,"FCER1A/CD40LG/JMJD6/CCND3/TESPA1/TCF7/PRKDC/ADAM17/PKNOX1/SRC/RPL22/BCL6/GPR15/SLC11A1/DPP4/ITGB7/IL7R/CCNB2/RHOA/LCP1/S1PR1/SPN/SP3/CD6/CDH26/CR1/RC3H1/CCL20/CD81/MAP3K8/ITPKB/GATA3/CCR7/PPP2CA/CD3G/JAK3/DTX1/LFNG/CCL2/CD28/ZFP36L2/PRDX2/PLCG1/RPS6/PSEN1/CASP3/RASGRP1/CD1C/IL10/MAPK1/THEMIS2/B2M/CD86/FCER1G/RAB27A/STAT5B/LMBR1L/GPR89B/IL20RB/SMAD3/HLA-E/GPR183/CD24/PLCG2/JAG1/BCL10/THEMIS/PIK3CA/DEFA4/ZC3H8/CRK/LILRB1/PTPRC/CDK6/CTNNB1/TNFSF8/CRTAM/PRKCQ/FOSL2/FKBP1A/APBB1IP/GZMM/PPP3CA/CD46/CTLA4/IDO1/ZAP70/EFNB1/MYO1G/CTPS1/ITK/DDOST/FUT7/ADA/SLC12A2/LIG4/HSPD1/PPP2R1A/BTNL8/SYK/IL12B/MSN/BTNL9/BRAF/GPR89A",105,"I (D10, severe)","ImmuneGO",3.33706352387998
"87","INFLAMMATION","12/230","21/638",0.0369464343281536,0.197047649750153,0.168527595181052,"HMGB2/RBPJ/CD6/NLRP6/PRDX2/RASGRP1/IL10/IL5RA/IL20RB/FOSL2/IL31RA/HMGB1",12,"I (D10, severe)","ImmuneGO",0.773328976373522
"88","CELLULAR ADAPTIVE IMMUNE SYSTEM","84/160","262/638",0.000506568724160357,0.00810509958656572,0.00746522330341579,"CD24/DEFA4/CCNB2/ITGB7/GPR89B/HPRT1/CCND3/MYB/ITPKB/S1PR1/JAG1/CD40LG/FKBP1A/MEN1/FCER1A/NLRC3/TCF7/FCER1G/TESPA1/PLCG1/CCR7/IL10/ZAP70/RHOA/CRTAM/GATA3/ZC3H8/GPR15/CD3G/CD81/ZFPM1/RPL22/PPP2CA/LCP1/EOMES/CD247/IL18BP/RORC/JAK3/IL7R/CD8B/SMAD3/BCL6/GZMM/SLC11A1/RPS6/RASGRP1/KMT2A/ADAM17/RAB27A/PRF1/GPR183/CDH26/ASXL1/CR1/SKAP1/LMO4/BTK/CD160/PRKCQ/CD28/ADA/PIK3R1/MAPK1/JMJD6/CEBPB/MAP2K1/RC3H1/RAG1/SYK/TNFRSF4/MTOR/THEMIS/TXK/RORA/KLRK1/CD7/PSEN1/TOX/CTNNB1/CR2/KDELR1/LGALS1/LAG3",84,"I (D26, moderate)","ImmuneGO",2.1269571969154
"89","T CELLS","74/160","228/638",0.0010303667710935,0.008242934168748,0.00759217620805737,"CD24/DEFA4/CCNB2/ITGB7/GPR89B/HPRT1/CCND3/ITPKB/S1PR1/JAG1/CD40LG/FKBP1A/FCER1A/NLRC3/TCF7/FCER1G/TESPA1/PLCG1/CCR7/IL10/ZAP70/CD6/RHOA/CRTAM/GATA3/ZC3H8/GPR15/CD3G/CD81/RPL22/PPP2CA/LCP1/EOMES/CD247/JAK3/IL7R/CD8B/SMAD3/BCL6/GZMM/SLC11A1/RPS6/RASGRP1/ADAM17/RAB27A/PRF1/GPR183/CDH26/CR1/SKAP1/BTK/CD160/PRKCQ/CD28/ADA/PIK3R1/MAPK1/JMJD6/RC3H1/RAG1/SYK/TNFRSF4/MTOR/THEMIS/TXK/KLRK1/CD7/PSEN1/TOX/CTNNB1/CR2/KDELR1/LGALS1/LAG3",74,"I (D26, moderate)","ImmuneGO",2.11963372085224
"90","T CELLS","95/213","228/638",0.000683827530853193,0.0109412404936511,0.0100774583494155,"MYO1G/CCNB2/SRC/PPP2R1A/LFNG/CD81/ZAP70/ITPKB/CD24/FCER1A/AKT1/GZMM/PRF1/SPN/CD247/CD7/CD1C/CD6/BCL6/PRDX2/CSK/JMJD6/CACNB3/ITGB7/CD40LG/CORO1A/S1PR1/IL7R/SP3/FCER1G/PPP2CA/EFNB1/RC3H1/DEFA4/LILRB1/PTPN2/LCP1/CD3G/TCF7/MAP3K8/CRTAM/PLCG1/CCR7/CDH26/NLRC3/ADAM17/CASP3/JAG1/CR1/TESPA1/ZFP36L2/FKBP1A/PKNOX1/ITGAL/PSMB10/ABL1/RHOA/IL10/ADA/BCL10/JAK3/PLCG2/PIK3CG/CAV1/GATA3/HPRT1/DTX1/SMAD3/IL12B/PSEN1/B2M/BRAF/SPNS2/ZNF683/CD160/PTPRC/EOMES/RPL22/ITK/CCL20/RAB27A/CRK/RBX1/GPR15/FAS/MDK/BTN3A2/CD86/PIK3CA/KHDRBS1/STAT5B/APBB1IP/CTNNB1/TXK/IL20RB",95,"I (D26, severe)","ImmuneGO",1.99664898812965
"91","CELLULAR ADAPTIVE IMMUNE SYSTEM","104/213","262/638",0.00318348673996576,0.025467893919726,0.0234572707155372,"MEN1/MYO1G/CCNB2/SRC/PPP2R1A/LFNG/CD81/ZAP70/ITPKB/CD24/FCER1A/AKT1/GZMM/PRF1/SPN/CD247/CD7/CD1C/BCL6/PRDX2/CSK/JMJD6/CACNB3/ITGB7/CD40LG/RORC/CORO1A/S1PR1/IL7R/SP3/FCER1G/PPP2CA/EFNB1/RC3H1/DEFA4/LILRB1/PTPN2/LCP1/CD3G/TCF7/MAP3K8/CRTAM/PLCG1/CCR7/CDH26/NLRC3/ADAM17/CASP3/JAG1/CR1/TESPA1/ZFP36L2/FKBP1A/PKNOX1/ZFPM1/ITGAL/PSMB10/ABL1/RHOA/IL10/ADA/HMGB1/BCL10/JAK3/PLCG2/PIK3CG/CAV1/GATA3/HPRT1/DTX1/SMAD3/IL12B/PSEN1/B2M/BRAF/SPNS2/IL18BP/ZNF683/CD160/LMO4/PTPRC/EOMES/RPL22/ITK/CCL20/RAB27A/EPHB3/CRK/RBX1/CACNB4/GPR15/FAS/MDK/BTN3A2/CD86/PIK3CA/KHDRBS1/MAP2K2/STAT5B/APBB1IP/CTNNB1/TXK/BCL3/IL20RB",104,"I (D26, severe)","ImmuneGO",1.62972252001825
"92","B CELLS","6/6","155/638",0.000190884965686823,0.000572654897060468,0.000401863085656469,"PAX5/MS4A1/CD19/CD22/CD79A/BANK1",6,"I-I (D1)","ImmuneGO",3.39592188540288
"93","IMMUNOGLOBULIN MEDIATED IMMUNE RESPONSE","1/6","12/638",0.108081746861346,0.162122620292018,0.113770259854048,"CD19",1,"I-I (D1)","ImmuneGO",0.943971249973318
"94","B CELLS","8/16","155/638",0.0215031723786522,0.155394724575696,0.122680045717655,"NFKBIA/GATA3/TNFAIP3/TICAM1/LRRC8A/PTX3/IRF2BP2/SHLD3",8,"ZF2001 (V3, D28)","ImmuneGO",0.911226070846371
"95","MONOCYTES","3/16","32/638",0.0411255604277268,0.155394724575696,0.122680045717655,"CCL20/CSF1/CCL3",3,"ZF2001 (V3, D28)","ImmuneGO",0.911226070846371
"96","NEUTROPHIL","5/16","85/638",0.0493206622247531,0.155394724575696,0.122680045717655,"CXCL2/CCL20/CXCL8/CSF1/CCL3",5,"ZF2001 (V3, D28)","ImmuneGO",0.911226070846371
"97","MACROPHAGES","3/16","35/638",0.051798241525232,0.155394724575696,0.122680045717655,"TICAM1/CSF1/CCL3",3,"ZF2001 (V3, D28)","ImmuneGO",0.911226070846371
"98","HUMORAL ADAPTIVE IMMUNE SYSTEM","5/16","93/638",0.0689418339944608,0.165460401586706,0.13062663283161,"GATA3/LRRC8A/PTX3/IRF2BP2/SHLD3",5,"ZF2001 (V3, D28)","ImmuneGO",0.883968267834241
