"","BBIBP (V3 D14)","BBIBP (V3 D28)","BNT (V1 D6)","BNT (V2 D1)","BNT (V3 D1)","BNT-I (D1)","BNT-I (D10 mild)","BNT-I (D10 severe)","BNT-I (D26 mild)","BNT-I (D26 severe)","BNT-I (D3)","BNT-I (D4)","BNT-I-BNT (D51 mild)","BNT-I-BNT (D51 severe)","BNT-MO (V3 D1)","ChAd (V1 D3)","ChAd (V1 D6)","ChAd (V1 D7)","ChAd (V2 D1)","ChAd (V2 D3)","ChAd (V2 D7)","ChAd-BNT (V2 D3)","ChAd-BNT (V2 D7)","ChAd-BNT (V3 D1)","I (D10 moderate)","I (D10 severe)","I (D26 moderate)","I (D26 severe)","I (D51 moderate)","I (D51 severe)","I-I (D1)","ZF2001 (V3 D07)","ZF2001 (V3 D14)","ZF2001 (V3 D28)"
"ACE",NA,NA,NA,NA,NA,NA,"-3.02930594821387","-1.70107782709433","-2.35675263821159",NA,NA,NA,NA,NA,NA,NA,NA,NA,NA,NA,NA,NA,NA,NA,"-1.6459556451233","-3.27977309683265","-1.35578112355819","-1.41650636280541",NA,NA,NA,NA,NA,NA
"ACOD1",NA,NA,NA,"3.7511856783858","3.32570406323056",NA,NA,NA,NA,NA,NA,NA,NA,NA,"3.28848661024731",NA,NA,NA,NA,NA,NA,NA,NA,NA,NA,NA,NA,NA,NA,NA,NA,NA,NA,NA
"ACTG1",NA,NA,NA,NA,NA,NA,NA,NA,"1.12794765084786",NA,NA,NA,NA,NA,NA,NA,NA,NA,NA,NA,NA,NA,NA,NA,NA,NA,NA,NA,NA,"1.09387128660283",NA,NA,NA,NA
"ACTR3",NA,NA,NA,NA,NA,NA,NA,NA,"1.07990108333317",NA,NA,NA,NA,NA,NA,NA,NA,NA,NA,NA,NA,NA,NA,NA,NA,"1.07400766269443",NA,"1.03438358046635",NA,"1.27198274771368",NA,NA,NA,NA
"ADA",NA,NA,NA,NA,NA,NA,"-1.87347383444735",NA,NA,NA,NA,NA,NA,NA,NA,NA,NA,NA,NA,NA,NA,NA,NA,NA,NA,NA,NA,"-1.20451997768542",NA,NA,NA,NA,NA,NA
"ADAM17",NA,NA,NA,NA,NA,NA,NA,"1.42822668672088",NA,NA,NA,NA,NA,NA,NA,NA,NA,NA,NA,NA,NA,NA,NA,NA,"1.14099678470839","1.65039838297536",NA,"1.08253655868712",NA,"1.40602423219182",NA,NA,NA,NA
"ADAM8",NA,NA,NA,NA,NA,NA,NA,NA,NA,NA,NA,NA,NA,NA,NA,NA,NA,NA,NA,NA,NA,NA,NA,NA,NA,NA,NA,NA,NA,"1.19518522005203",NA,NA,NA,NA
"ADAMTS13",NA,NA,NA,NA,NA,NA,NA,NA,NA,NA,NA,NA,NA,NA,NA,NA,NA,NA,NA,NA,NA,NA,NA,NA,"-1.40633144117287","-1.4506223175494",NA,"-1.58517466254405",NA,NA,NA,NA,NA,NA
"ADAR",NA,NA,NA,NA,NA,NA,"1.16527339785057","1.12824384015257",NA,NA,NA,NA,NA,NA,NA,NA,NA,NA,NA,NA,NA,NA,NA,"1.01725379161947",NA,NA,NA,NA,NA,NA,NA,NA,NA,NA
"ADARB1",NA,NA,NA,NA,NA,NA,"-1.36693428582407","-1.30374019065959","-1.11732977527429",NA,NA,NA,NA,NA,NA,NA,NA,NA,NA,NA,NA,NA,NA,NA,NA,"-1.32889184071627",NA,"-1.03375304183689",NA,NA,NA,NA,NA,NA
"ADGRF5",NA,NA,NA,NA,NA,NA,NA,NA,NA,NA,NA,NA,NA,NA,NA,NA,NA,NA,NA,NA,NA,NA,NA,NA,NA,NA,NA,NA,NA,NA,NA,"5.76308359107852",NA,NA
"ADGRG3",NA,NA,NA,NA,NA,"1.4893662201853","1.3024878569334",NA,"1.47814372880295",NA,"1.86399169594418",NA,NA,NA,NA,"-1.44534668566554",NA,NA,NA,NA,NA,"-1.42419944090513","-2.03913355857959",NA,NA,"1.54081503790983",NA,NA,NA,"1.45735071952261",NA,NA,NA,NA
"AIF1",NA,NA,NA,NA,NA,NA,NA,NA,"1.6832242988443",NA,NA,NA,NA,NA,NA,"1.03412704647921",NA,NA,NA,NA,NA,NA,NA,NA,NA,NA,NA,NA,NA,NA,NA,NA,NA,NA
"AKT1",NA,NA,NA,NA,NA,NA,NA,NA,NA,NA,NA,NA,NA,NA,NA,NA,NA,NA,NA,NA,NA,NA,NA,NA,NA,NA,NA,"-1.46115478265658",NA,NA,NA,NA,NA,NA
"ALOX5",NA,NA,NA,NA,NA,NA,"1.7546133503953","1.47126870868378","1.6315298580507",NA,NA,NA,NA,NA,NA,NA,NA,NA,NA,NA,NA,NA,NA,NA,NA,"1.73532370531405","1.03261680075004",NA,NA,"1.10117333108022",NA,NA,NA,NA
"ANKHD1",NA,NA,NA,NA,NA,NA,"1.64061890879552","1.50141535896375","1.83528669803155","1.65505712084212",NA,NA,"1.36635116554375","1.27110364468867",NA,NA,NA,NA,NA,NA,NA,NA,NA,NA,"1.43390961251675","1.76432354787468","1.25002165144187","1.74435291100956","1.05974274233331","1.3622716792718",NA,NA,NA,NA
"ANXA3",NA,NA,NA,NA,"1.18587848429364",NA,"3.66516991111225","3.00141036221166","3.36433987426735",NA,"2.45141688758212",NA,NA,NA,NA,NA,NA,NA,NA,NA,NA,NA,NA,NA,"2.53307942179103","3.08861815406518","2.39265741430073","3.12902788077812",NA,"2.45995227763929",NA,NA,NA,NA
"APBB1IP",NA,NA,NA,NA,NA,NA,"1.59463477358086","1.18500303884965",NA,NA,NA,NA,NA,NA,NA,NA,NA,NA,NA,NA,NA,NA,NA,NA,NA,"1.11957158987813",NA,NA,NA,NA,NA,NA,NA,NA
"APOBEC3A",NA,NA,NA,NA,NA,NA,"3.02823039276993","2.37671904764434","1.80001656252216",NA,NA,NA,NA,NA,"1.00863016056488","1.83739724430079",NA,NA,"1.31976099724831",NA,NA,"2.36678058603441",NA,"1.18884736715911","1.28813006304209","2.07302422688272",NA,"1.25525165124629",NA,"1.9176433529097",NA,NA,NA,NA
"APOBEC3F",NA,NA,NA,NA,NA,NA,NA,NA,"-1.05616835095153",NA,NA,NA,NA,NA,NA,NA,NA,NA,NA,NA,NA,NA,NA,NA,NA,NA,NA,NA,NA,NA,NA,NA,NA,NA
"ARHGEF5",NA,NA,NA,NA,NA,NA,"-1.55805636125082",NA,"-2.22604618630238",NA,NA,NA,"-2.19822977654795",NA,NA,NA,NA,NA,NA,NA,NA,NA,NA,NA,NA,NA,NA,NA,NA,NA,NA,NA,NA,NA
"ARID5A",NA,NA,NA,NA,NA,NA,NA,NA,NA,NA,NA,NA,NA,NA,NA,NA,NA,NA,NA,NA,NA,NA,NA,NA,NA,"1.09688184890077",NA,NA,NA,NA,NA,NA,NA,NA
"AXL",NA,NA,NA,NA,NA,NA,NA,NA,NA,NA,NA,NA,NA,NA,NA,"1.52606493185392",NA,NA,"1.02593344533977",NA,NA,"1.86310785312848",NA,NA,NA,NA,NA,"-2.76486375802137",NA,NA,NA,NA,NA,NA
"AZU1",NA,NA,NA,NA,NA,NA,"3.30851569304825","3.84312488742692",NA,NA,NA,NA,"4.42821472670945",NA,NA,NA,NA,"1.71273932056095",NA,NA,NA,NA,NA,NA,NA,"2.34207610442217","4.4536757018893",NA,NA,"3.05712123852026",NA,NA,NA,NA
"B2M",NA,NA,NA,NA,NA,NA,"1.26266191271428","1.00135800091162",NA,NA,NA,NA,NA,NA,NA,NA,NA,NA,NA,NA,NA,NA,NA,NA,NA,NA,NA,NA,NA,NA,NA,NA,NA,NA
"B4GALT1",NA,NA,NA,NA,NA,NA,NA,NA,NA,NA,NA,NA,NA,NA,NA,NA,NA,NA,NA,NA,NA,NA,NA,NA,NA,NA,NA,NA,NA,"1.75575255875016",NA,NA,NA,NA
"BANK1",NA,NA,NA,NA,NA,NA,"-2.56605907078223",NA,"-3.1042636510889",NA,NA,NA,"-3.03674087006184",NA,NA,NA,NA,NA,NA,NA,NA,NA,NA,NA,NA,NA,NA,NA,NA,NA,"-3.05376836020584",NA,NA,NA
"BATF2",NA,NA,NA,"3.63513082473623","3.61273997753565",NA,"3.78167537961996","3.40169334787679",NA,NA,NA,NA,NA,NA,"3.85661911322858","2.85603497316128",NA,NA,"2.86050464376537",NA,NA,"2.44729764465969","-1.29791010037843","4.13389810292167","2.77278008727171",NA,NA,NA,NA,"2.56932144567191",NA,NA,NA,NA
"BCAR1",NA,NA,NA,NA,NA,NA,NA,NA,NA,NA,NA,NA,NA,NA,NA,NA,NA,NA,NA,NA,NA,NA,NA,"4.31714371567453",NA,NA,NA,NA,NA,NA,NA,"3.11683362074158",NA,NA
"BCL10",NA,NA,NA,NA,NA,NA,"1.21386728628462","1.04046839963499","1.295665803775",NA,NA,NA,NA,NA,NA,NA,NA,NA,NA,NA,NA,NA,NA,NA,NA,"1.10226498279107",NA,"1.06040299504149",NA,"1.40730863790467",NA,NA,NA,NA
"BCL2",NA,NA,NA,NA,NA,NA,"-2.53111960685389","-1.68222590681406","-1.5091287031777",NA,NA,NA,NA,NA,NA,NA,NA,NA,NA,NA,NA,NA,NA,NA,"-1.05391843632182",NA,NA,NA,NA,NA,NA,NA,NA,NA
"BCL3",NA,NA,NA,NA,NA,"1.49036807933722","1.98526175570483","1.20365189612976","2.12549338859005",NA,"1.38603433379553",NA,NA,NA,NA,NA,NA,NA,NA,NA,NA,NA,NA,NA,"1.10403065291689","1.65223688276777",NA,"1.24709754208668",NA,"2.44640949124867",NA,"-1.97976589306848",NA,NA
"BCL6",NA,NA,NA,NA,NA,NA,"2.59559626871128","2.23586658975912","2.02910828065387",NA,"1.32860423298513",NA,NA,NA,NA,NA,NA,NA,NA,NA,NA,NA,NA,NA,"1.56609428045226","2.26200855155127","1.23067129647583","2.05828247688852",NA,"1.63250848613501",NA,"-1.46967670247537",NA,NA
"BCR",NA,NA,NA,NA,NA,NA,"-1.12703862467007",NA,NA,NA,NA,NA,NA,NA,NA,NA,NA,NA,NA,NA,NA,NA,NA,NA,"-1.05038529266373",NA,NA,"-1.01497255049163",NA,NA,NA,NA,NA,NA
"BMX",NA,NA,NA,NA,"1.1467282075715",NA,"2.16330604678448","2.35351069453298",NA,NA,"2.50994022482988",NA,NA,NA,NA,NA,NA,NA,NA,NA,NA,NA,NA,NA,"1.90455936559819","2.66803426477772","1.39865896220221","2.12282325464114",NA,"1.62695105152828",NA,NA,NA,NA
"BPI",NA,NA,NA,NA,NA,NA,"3.09450415947166","4.70918300509114","3.56040302534266","2.43167595459252",NA,NA,"3.71825807980163",NA,NA,NA,NA,NA,NA,NA,NA,NA,NA,NA,"1.88892012756236","3.12174895073519","4.83676560084799","4.3664737010428","3.12072382693839","3.05995617607111",NA,NA,NA,NA
"BPIFB3",NA,NA,NA,NA,NA,NA,NA,NA,NA,NA,NA,NA,NA,NA,NA,NA,NA,NA,NA,NA,NA,NA,"-2.63200716504843",NA,NA,NA,NA,NA,NA,NA,NA,NA,NA,NA
"BSG",NA,NA,NA,NA,NA,NA,NA,NA,NA,NA,NA,NA,NA,NA,NA,NA,NA,NA,NA,NA,NA,NA,NA,NA,NA,NA,NA,NA,NA,"1.12763281898614",NA,NA,NA,NA
"BST2",NA,NA,NA,"1.12335232590805",NA,NA,NA,NA,NA,NA,NA,NA,NA,NA,"1.16431332303003",NA,NA,NA,"1.30578534503735",NA,NA,"1.01366876906669",NA,"1.15964092232829",NA,NA,NA,NA,NA,NA,NA,NA,NA,NA
"BTLA",NA,NA,NA,NA,NA,NA,NA,NA,"-1.85262687546531",NA,NA,NA,NA,NA,NA,NA,NA,NA,NA,NA,NA,NA,NA,NA,NA,NA,NA,NA,NA,NA,NA,NA,NA,NA
"BTN2A1",NA,NA,NA,NA,NA,NA,NA,"1.00394819640046",NA,NA,NA,NA,NA,NA,NA,NA,NA,NA,NA,NA,NA,NA,NA,NA,NA,NA,NA,NA,NA,NA,NA,NA,NA,NA
"BTNL8",NA,NA,NA,NA,NA,NA,NA,"1.70996813363189",NA,NA,NA,NA,NA,NA,NA,"-1.60705562098305",NA,NA,NA,NA,NA,NA,"-2.26443180869529",NA,NA,"1.46950179406396",NA,NA,NA,NA,NA,NA,NA,NA
"BTNL9",NA,NA,NA,NA,NA,NA,NA,NA,NA,NA,NA,NA,NA,NA,NA,"-1.49747017222296",NA,NA,NA,NA,NA,NA,NA,NA,NA,"-2.24266108793476",NA,NA,NA,NA,NA,NA,NA,NA
"C1R",NA,NA,NA,NA,NA,"1.26735759683564","1.90014509706467","1.20295193293771","1.88488097435375",NA,"1.18713459913893",NA,NA,NA,NA,NA,NA,NA,NA,NA,NA,NA,NA,NA,"1.1562538042048","1.58341371478304","1.04838406785519",NA,NA,"1.37630462076411",NA,NA,NA,NA
"C4B",NA,NA,NA,NA,NA,NA,NA,NA,NA,NA,NA,NA,NA,NA,NA,NA,NA,NA,NA,NA,NA,NA,NA,NA,NA,NA,NA,NA,NA,NA,NA,"2.38058131742857",NA,NA
"C4BPB",NA,NA,NA,NA,NA,NA,NA,NA,NA,NA,NA,NA,NA,NA,"1.31140345257775",NA,NA,NA,NA,NA,NA,NA,NA,NA,NA,NA,NA,NA,NA,NA,NA,"1.72668260149314",NA,NA
"C5AR1",NA,NA,NA,NA,NA,"1.16506516070052",NA,NA,NA,NA,NA,NA,NA,NA,NA,NA,NA,NA,NA,NA,NA,NA,NA,NA,NA,NA,NA,NA,NA,NA,NA,NA,NA,NA
"CACNB3",NA,NA,NA,NA,NA,NA,NA,NA,NA,NA,NA,NA,NA,NA,NA,NA,NA,NA,NA,NA,NA,NA,NA,NA,NA,NA,NA,"-1.51506342213143",NA,NA,NA,NA,NA,NA
"CACNB4",NA,NA,NA,NA,NA,NA,"-2.56998294536691",NA,NA,NA,NA,NA,NA,NA,NA,"-1.51511947731317",NA,NA,NA,NA,NA,NA,NA,NA,NA,NA,NA,"-1.92702975541314",NA,"-2.09076801208365",NA,"1.1595727526813",NA,NA
"CAMLG",NA,NA,NA,NA,NA,NA,NA,NA,"1.05145814226916",NA,NA,NA,NA,NA,NA,NA,NA,NA,NA,NA,NA,NA,NA,NA,NA,NA,NA,NA,NA,NA,NA,NA,NA,NA
"CAMP",NA,NA,NA,NA,NA,"1.7011891248694","2.56356279987325","3.38080688732958","3.16043923233378",NA,NA,NA,"3.32104561039756",NA,NA,NA,NA,NA,NA,NA,NA,NA,NA,NA,"1.61134267189947","2.74539179857039","3.64702017659455","2.54945068848907",NA,"2.97754733577487",NA,NA,NA,NA
"CASP1",NA,NA,NA,NA,NA,NA,"2.13950745200671","1.74610873650465",NA,NA,NA,NA,NA,NA,"1.16115074483966",NA,NA,NA,"1.07158809265316",NA,NA,NA,NA,"1.28156175291672","1.20954186977586",NA,NA,NA,NA,NA,NA,NA,NA,NA
"CASP4",NA,NA,NA,NA,NA,NA,"1.54916864435657","1.05410376213177",NA,NA,NA,NA,NA,NA,NA,NA,NA,NA,NA,NA,NA,NA,NA,"1.05118636528825",NA,NA,NA,NA,NA,NA,NA,NA,NA,NA
"CASP6",NA,NA,NA,NA,NA,NA,NA,NA,"-1.12325200836581",NA,NA,NA,"-1.38119376442601",NA,NA,NA,NA,NA,NA,NA,NA,NA,NA,NA,NA,"-1.31183062104019",NA,NA,NA,NA,NA,NA,NA,NA
"CAV1",NA,NA,NA,NA,NA,NA,NA,"3.5867900172308",NA,NA,NA,NA,NA,NA,NA,NA,"2.60529254012581","3.4810757718473",NA,NA,NA,NA,"2.3995731654005",NA,"3.01762048796617",NA,NA,"3.26276355711626",NA,NA,NA,NA,NA,NA
"CCL1",NA,NA,NA,NA,NA,NA,NA,NA,NA,NA,NA,NA,NA,NA,NA,"1.51613664984679",NA,NA,NA,NA,NA,"2.15713445943832",NA,NA,NA,NA,NA,NA,NA,NA,NA,NA,NA,NA
"CCL18",NA,NA,NA,NA,NA,NA,NA,NA,NA,NA,NA,NA,NA,NA,NA,NA,NA,NA,NA,NA,NA,"-2.22345061016637",NA,NA,NA,NA,NA,NA,NA,NA,NA,NA,NA,NA
"CCL2",NA,NA,NA,"2.66681954022736","2.57587458779614",NA,NA,NA,"-7.3508253246454",NA,NA,NA,NA,NA,"2.36142599179105","2.1764736091274",NA,NA,"3.08163187813957",NA,NA,"5.35977929253193","-2.00781169899083","3.90627307690352",NA,"-7.45019902491316",NA,NA,NA,NA,NA,NA,NA,NA
"CCL20",NA,NA,NA,NA,NA,NA,NA,"2.27243365039279",NA,NA,NA,NA,NA,NA,NA,NA,NA,NA,NA,NA,NA,"1.95701694869423","-1.67312752957781",NA,NA,"4.62170398728008",NA,"2.92001582432815",NA,"6.83853125322798",NA,"-4.39146105666551",NA,"-2.38334277643108"
"CCL24",NA,NA,NA,NA,NA,"3.8579604394502",NA,NA,NA,NA,NA,NA,NA,NA,NA,NA,NA,NA,NA,NA,NA,"-1.47114830625447",NA,NA,NA,NA,NA,NA,NA,NA,NA,NA,NA,NA
"CCL3","-1.9696283770647",NA,NA,NA,"1.05529634310568",NA,NA,NA,NA,NA,NA,NA,NA,NA,"1.01908575505593",NA,NA,"-1.34901868257804",NA,NA,NA,NA,"-1.55340875478635","1.42257935438524",NA,NA,NA,NA,NA,NA,NA,"-3.14342638105626",NA,"-1.56002800501409"
"CCL3L1",NA,NA,NA,NA,"1.04538579707391",NA,"-6.80350803589791",NA,NA,NA,NA,NA,NA,NA,"2.14992210708787","-1.5205333586369",NA,NA,NA,NA,NA,NA,"-1.40538976404172","2.21137069855099",NA,NA,NA,NA,NA,NA,NA,NA,NA,NA
"CCL4",NA,NA,NA,NA,NA,NA,"-2.80171167313385",NA,NA,NA,NA,NA,NA,NA,NA,NA,NA,NA,NA,NA,NA,NA,"-1.13670766475044",NA,NA,NA,NA,NA,NA,NA,NA,"-1.65010433338287",NA,NA
"CCL5",NA,NA,NA,NA,NA,NA,"-2.21485232574912","-1.08575852223929",NA,NA,NA,NA,NA,NA,NA,NA,NA,NA,NA,NA,NA,NA,NA,NA,"-1.36874687059727",NA,NA,NA,NA,NA,NA,NA,NA,NA
"CCL7",NA,NA,NA,NA,NA,NA,NA,NA,NA,NA,NA,NA,NA,NA,NA,NA,NA,NA,NA,NA,NA,"2.77648779291754","-2.91531086336126",NA,NA,NA,NA,NA,NA,NA,NA,NA,NA,NA
"CCL8",NA,NA,NA,"3.25405704224641","2.84905357087034",NA,NA,NA,NA,NA,NA,NA,NA,NA,"2.76884923175537",NA,NA,NA,"3.98649078345498",NA,NA,"6.11060869009467","-1.7465657279867","4.51691834915793",NA,NA,NA,NA,NA,NA,NA,"2.62840708803606",NA,NA
"CCNB2",NA,NA,NA,NA,NA,NA,"2.063501110297","2.95795513599715","1.99441286498505","1.72064760254758",NA,NA,NA,NA,NA,NA,"1.34283071939158","1.39381966791062",NA,NA,NA,NA,"1.32402579746263",NA,"2.32190418840394","2.09757023005633","2.16966767096368","2.97427422311845",NA,"2.1557149295801",NA,NA,NA,NA
"CCND3",NA,NA,NA,NA,NA,NA,"1.16543897273035","1.6300953081993","1.14392241710094",NA,NA,NA,NA,NA,NA,NA,NA,NA,NA,NA,NA,NA,NA,NA,"1.09331584673221","1.70498951261884","1.21866392177876",NA,NA,"1.21534496567948",NA,NA,NA,NA
"CCR1",NA,NA,NA,NA,NA,NA,NA,NA,NA,NA,NA,NA,NA,NA,"1.11200364104838",NA,NA,NA,"1.03159908704477",NA,NA,NA,"-1.37880255831095",NA,NA,"-1.74895661392448",NA,NA,NA,NA,NA,NA,NA,NA
"CCR2",NA,NA,NA,NA,NA,NA,NA,NA,NA,NA,NA,NA,NA,NA,NA,NA,NA,NA,NA,NA,NA,NA,NA,NA,NA,"-2.40475879469274",NA,NA,NA,NA,NA,"1.24791211946707",NA,NA
"CCR7",NA,NA,NA,NA,NA,NA,"-5.15820583674307","-3.21683530855412","-3.62296124792131","-2.37165223976566",NA,NA,"-2.88989842004376",NA,NA,NA,NA,NA,NA,NA,NA,NA,NA,NA,"-2.3618032478345","-3.03156110956939","-2.33694066150111","-2.57597572670683",NA,"-2.0718225094095",NA,NA,NA,NA
"CD14",NA,NA,NA,NA,NA,"1.23831050948733",NA,NA,NA,NA,NA,NA,NA,NA,NA,NA,NA,NA,NA,NA,NA,NA,NA,NA,NA,NA,NA,"-1.42854991640994",NA,NA,NA,NA,NA,NA
"CD160",NA,NA,NA,NA,NA,NA,"-1.48832848563857","-1.23315293999628",NA,NA,NA,NA,NA,NA,NA,NA,NA,NA,NA,NA,NA,NA,NA,NA,NA,NA,NA,"-1.10260532077519",NA,NA,NA,NA,NA,NA
"CD177",NA,NA,NA,NA,NA,NA,"3.88339796650729","3.43460642264651","4.48518548259508",NA,"5.25251895354989",NA,NA,NA,NA,NA,NA,NA,NA,NA,NA,NA,NA,NA,"4.52913560875681","4.92029029848124","4.69338660592398","4.91538604086404",NA,"3.74760465362474",NA,"5.08482425633356",NA,NA
"CD19",NA,NA,NA,NA,NA,NA,"-2.63791571612403",NA,"-3.28449620625831",NA,NA,NA,NA,NA,NA,NA,NA,NA,NA,NA,NA,NA,NA,NA,NA,NA,NA,NA,NA,NA,"-6.3896312719081",NA,NA,NA
"CD1C",NA,NA,NA,NA,NA,NA,"-1.80216372524254","-1.66086922065083","-1.74699389208324",NA,NA,NA,NA,NA,NA,NA,NA,NA,NA,NA,NA,NA,NA,NA,"-1.5400611310919","-1.43004588158917",NA,"-1.74275209078104",NA,"-1.20529256182531",NA,NA,NA,NA
"CD1E",NA,NA,NA,NA,NA,NA,"-4.33474187362957","-2.86577354987452",NA,NA,NA,NA,NA,NA,NA,"-1.02203105786858",NA,NA,NA,NA,NA,NA,NA,NA,"-1.4235423433555",NA,NA,NA,NA,NA,NA,NA,NA,NA
"CD22",NA,NA,NA,NA,NA,"-1.20946374638622","-3.25533356976524",NA,"-3.85126821687794",NA,NA,NA,"-3.87333683939214",NA,NA,NA,NA,NA,NA,NA,NA,NA,NA,NA,NA,NA,NA,NA,NA,NA,"-5.32684871989824",NA,NA,NA
"CD24",NA,NA,NA,NA,NA,NA,"2.81469392525727","3.86378881279583","3.22247785269433",NA,NA,NA,"2.9666453378483",NA,NA,NA,NA,NA,NA,NA,NA,NA,NA,NA,"1.92910671496956","2.25075501191429","3.8977106667553","3.93079167597702",NA,"2.10003221935905",NA,NA,NA,NA
"CD247",NA,NA,NA,NA,NA,NA,"-2.74297574412198","-1.506082183099","-1.62553544293161",NA,NA,NA,NA,NA,NA,NA,NA,NA,NA,NA,NA,NA,NA,"-1.12491952808517","-1.14801382914677",NA,"-1.20012022121406","-1.98746561413005",NA,NA,NA,NA,NA,NA
"CD27",NA,NA,NA,NA,NA,NA,"-2.24983425105077",NA,NA,NA,NA,NA,NA,NA,NA,NA,NA,NA,NA,NA,NA,NA,NA,NA,NA,"-2.37599902752885","-1.29239600097106","-1.69547519942969",NA,NA,NA,NA,NA,NA
"CD276",NA,NA,NA,"1.19735865613187",NA,"3.90118457039337",NA,NA,NA,NA,NA,NA,NA,NA,NA,"1.18315191037892",NA,NA,NA,NA,NA,NA,NA,NA,NA,NA,NA,NA,NA,NA,NA,"2.33897288573286",NA,NA
"CD28",NA,NA,NA,NA,NA,NA,"-3.03392567984166","-2.64313340994436",NA,NA,NA,NA,NA,NA,NA,NA,NA,NA,NA,NA,NA,NA,NA,NA,"-1.39705486812947","-2.33826132046787","-1.42245726073529",NA,NA,NA,NA,NA,NA,NA
"CD38",NA,NA,NA,NA,NA,NA,NA,"1.32574327785924",NA,NA,NA,NA,NA,NA,NA,NA,NA,"1.25093621553447",NA,NA,NA,"1.86459104558328","1.23496796140031",NA,"1.54562911493951",NA,NA,NA,NA,NA,NA,NA,NA,NA
"CD3G",NA,NA,NA,NA,NA,"-1.7210956315613","-3.31578940188731","-2.69841132254457","-2.38347670950115",NA,NA,NA,NA,NA,NA,NA,NA,NA,NA,NA,NA,NA,NA,NA,"-1.99953160328417","-2.21356685772954","-1.62131391231947","-2.00437276619996",NA,"-1.46784453713984",NA,NA,NA,NA
"CD40",NA,NA,NA,NA,NA,NA,NA,"-1.25942694372605","-2.09719127154508","-1.25131590139666",NA,NA,"-1.90587807332158",NA,NA,NA,NA,NA,NA,NA,NA,NA,NA,"1.24341621320546",NA,"-1.84770827063888",NA,"-1.44655985080742",NA,NA,NA,NA,NA,NA
"CD40LG",NA,NA,NA,NA,NA,"-1.2283674016748","-3.08663410723056","-3.24049036096002","-3.36677445232264",NA,NA,NA,"-2.20484813592312",NA,NA,NA,NA,NA,NA,NA,NA,NA,NA,NA,"-1.98611544146123","-2.82655510664254","-1.79022657891684","-2.1735985628872",NA,"-2.90293471499318",NA,NA,NA,NA
"CD44",NA,NA,NA,NA,NA,NA,NA,NA,NA,NA,"1.05257748042681",NA,NA,NA,NA,NA,NA,NA,NA,NA,NA,NA,NA,NA,NA,NA,NA,NA,NA,NA,NA,NA,NA,NA
"CD55",NA,NA,NA,NA,NA,NA,"1.27425111256681","1.0124653755449","1.28329577158797",NA,"1.24958225946413",NA,NA,NA,NA,NA,NA,NA,NA,NA,NA,NA,NA,NA,NA,"1.71787265363625",NA,"1.29570660566456",NA,"1.45900439552886",NA,NA,NA,NA
"CD58",NA,NA,NA,NA,NA,NA,"1.47392549817926","1.18762980469781","1.00902956920111",NA,NA,NA,NA,NA,NA,NA,NA,NA,NA,NA,NA,NA,NA,NA,"1.10205995349732","1.17586042402004",NA,NA,NA,NA,NA,NA,NA,NA
"CD6",NA,NA,NA,NA,NA,NA,"-3.38831077397836","-2.67554461274383","-2.18155602619397",NA,NA,NA,NA,NA,NA,NA,NA,NA,NA,NA,NA,NA,NA,NA,"-2.1048110173519","-2.36183418014262","-1.68553202537158","-2.43802566470498",NA,NA,NA,NA,NA,NA
"CD68",NA,NA,NA,NA,NA,NA,NA,NA,NA,NA,NA,NA,NA,NA,NA,NA,NA,NA,NA,NA,NA,NA,NA,NA,NA,NA,NA,"-1.01794029616771",NA,NA,NA,NA,NA,NA
"CD7",NA,NA,NA,NA,NA,NA,NA,NA,NA,NA,NA,NA,NA,NA,NA,NA,NA,NA,NA,NA,NA,NA,NA,"-1.04142925368935","-1.09558254758272",NA,"-1.04695124616544","-2.37950682176782",NA,NA,NA,NA,NA,NA
"CD79A",NA,NA,NA,NA,NA,NA,"-3.92764072360987",NA,"-4.3922051999124",NA,NA,NA,"-3.69972414374144",NA,NA,NA,NA,NA,NA,NA,NA,NA,NA,NA,NA,NA,NA,NA,NA,NA,"-4.98838015507302",NA,NA,NA
"CD79B",NA,NA,NA,NA,NA,NA,"-2.97835878931123",NA,"-2.32192492513666","-1.47495003442752",NA,NA,NA,NA,NA,NA,NA,NA,NA,NA,NA,NA,NA,NA,NA,"-1.65001534538255",NA,"-1.39073537435266",NA,NA,NA,NA,NA,NA
"CD81",NA,NA,NA,NA,NA,NA,"-1.4347011032537",NA,NA,NA,NA,NA,NA,NA,NA,NA,NA,NA,NA,NA,NA,NA,NA,NA,"-1.20556681125553","-1.29151453684252",NA,"-1.86269661155458",NA,NA,NA,NA,NA,NA
"CD83",NA,NA,NA,NA,NA,"1.89779474953653",NA,NA,NA,NA,NA,NA,NA,NA,NA,NA,NA,NA,NA,NA,NA,NA,"-1.17395366269005","1.84655853084197",NA,NA,NA,NA,NA,NA,NA,"-2.20891402063021",NA,NA
"CD86",NA,NA,NA,NA,NA,NA,NA,NA,NA,NA,NA,NA,NA,NA,NA,NA,NA,NA,NA,NA,NA,NA,NA,NA,NA,"-1.24485166172727",NA,NA,NA,"-1.03313912287872",NA,NA,NA,NA
"CD8B",NA,NA,NA,NA,NA,NA,"-3.84311358238712","-2.35706012054403",NA,NA,NA,NA,NA,NA,NA,NA,NA,NA,NA,NA,NA,NA,NA,NA,"-1.98110482009602",NA,"-1.56613930958796",NA,NA,NA,NA,NA,NA,NA
"CDC42",NA,NA,NA,NA,NA,NA,NA,NA,"1.10151455306695",NA,NA,NA,NA,NA,NA,NA,NA,NA,NA,NA,NA,NA,NA,NA,NA,"1.0250032019149",NA,NA,NA,NA,NA,"-1.02165893357593",NA,NA
"CDH26",NA,NA,NA,NA,NA,NA,NA,NA,NA,NA,NA,NA,NA,NA,NA,NA,NA,NA,NA,NA,NA,NA,NA,NA,NA,"1.52590074493985",NA,"1.23659332703268",NA,NA,NA,NA,NA,NA
"CDK6",NA,NA,NA,NA,NA,NA,"-1.380781241341","-1.00847812403335",NA,NA,NA,NA,NA,NA,NA,NA,NA,NA,NA,NA,NA,NA,NA,NA,NA,"-1.16971737403807",NA,NA,NA,NA,NA,NA,NA,NA
"CDKN2B",NA,NA,NA,NA,NA,NA,"1.76422735363095","1.59083064246667",NA,NA,NA,NA,NA,NA,NA,NA,NA,NA,NA,NA,NA,NA,NA,NA,"2.33294995778152","1.36458650137866","2.12539056223275",NA,NA,NA,NA,NA,NA,NA
"CEBPB",NA,NA,NA,NA,NA,NA,"1.60651295863091","1.52195587775251",NA,NA,NA,NA,NA,NA,NA,"1.02198882198944",NA,NA,NA,NA,NA,NA,"-1.27666989975928",NA,NA,"1.52775062014433",NA,NA,NA,"1.0890082310377",NA,"-1.08067677538534",NA,NA
"CFB",NA,NA,NA,"1.65524178308608","1.49295060830177",NA,"1.51131124202504","1.76147486763364",NA,NA,NA,NA,NA,NA,NA,"2.30700204350426",NA,NA,"2.42915834998983",NA,NA,"2.45873827119778",NA,"3.49059481542131","2.01952613555034",NA,NA,NA,NA,NA,NA,NA,NA,NA
"CFD",NA,NA,NA,NA,NA,NA,NA,NA,NA,NA,NA,NA,NA,NA,NA,"1.05907568923989",NA,NA,NA,"1.92308912933712",NA,"1.4187262961343",NA,NA,NA,"2.27334103786593",NA,"1.31444692864368",NA,"1.80062754960965",NA,NA,NA,NA
"CFH",NA,NA,NA,NA,NA,NA,"-2.55231709107059","-1.41189043017959",NA,NA,NA,NA,NA,NA,NA,NA,NA,NA,NA,NA,NA,NA,NA,NA,NA,NA,NA,NA,NA,NA,NA,NA,NA,NA
"CFP",NA,NA,NA,NA,NA,NA,NA,NA,NA,NA,NA,NA,NA,NA,NA,NA,NA,NA,NA,NA,NA,NA,NA,NA,NA,NA,NA,"-1.21485466479972",NA,"1.07308425443437",NA,NA,NA,NA
"CH25H",NA,NA,NA,NA,NA,NA,NA,"6.38046902452753",NA,"4.58974769754743",NA,NA,NA,NA,NA,NA,NA,NA,NA,NA,NA,NA,NA,NA,"4.54984334675043","5.23749458979253","4.30974170645012","4.69623136525964",NA,"5.66875956494047",NA,NA,NA,NA
"CHGA",NA,NA,NA,NA,NA,"1.68349596399042",NA,"1.16032849541152",NA,NA,"1.6217019579494",NA,NA,NA,NA,NA,NA,NA,NA,"2.25269575526831",NA,NA,NA,NA,NA,"1.5064960268208",NA,NA,NA,"2.25307234528548",NA,NA,NA,NA
"CHRNB2",NA,NA,NA,NA,NA,NA,NA,NA,NA,NA,NA,NA,NA,NA,NA,NA,NA,NA,NA,NA,NA,NA,NA,"2.90160235504648",NA,NA,NA,NA,NA,NA,NA,NA,"1.24860140955855",NA
"CHST3",NA,NA,NA,NA,NA,NA,NA,NA,NA,NA,NA,NA,NA,NA,NA,NA,NA,NA,NA,NA,NA,NA,NA,NA,NA,NA,NA,NA,NA,NA,NA,"2.67512491029398",NA,NA
"CIITA",NA,NA,NA,NA,NA,NA,NA,NA,NA,NA,NA,NA,NA,NA,NA,NA,NA,NA,NA,NA,NA,NA,NA,"1.06592594175076",NA,"-1.63950226581857",NA,"-1.23978372208199",NA,NA,NA,NA,NA,NA
"CLEC10A",NA,NA,NA,NA,NA,NA,NA,"-2.27145038265318",NA,"-1.20112630742525","-1.0442274710505",NA,NA,NA,NA,NA,NA,NA,NA,NA,NA,NA,NA,NA,"-1.739433883636","-3.10341275357073",NA,"-3.2849440826409",NA,"-2.05561665818745",NA,NA,NA,NA
"CLEC4G",NA,NA,NA,NA,NA,NA,NA,NA,NA,NA,NA,NA,NA,NA,"1.12968400140477",NA,NA,NA,NA,NA,NA,"1.04888451106842",NA,NA,NA,NA,NA,NA,NA,NA,NA,NA,NA,NA
"CLEC6A",NA,NA,NA,"1.39128575039137","1.41729313858524",NA,NA,NA,NA,NA,NA,NA,NA,NA,"1.7960029896099","1.07624129477665",NA,NA,"1.18535709967906",NA,NA,"1.70291442154541",NA,"1.67356240784109","1.03665629739361",NA,"1.44401641922656",NA,NA,NA,NA,NA,NA,NA
"CLNK",NA,NA,NA,NA,NA,NA,"-6.53248455442497","-2.79909242581889","-6.30739094799166",NA,NA,NA,NA,NA,NA,"-1.31660164256282",NA,NA,NA,NA,NA,NA,NA,"1.35277059170528",NA,"3.08455970338994",NA,"3.51267002999207",NA,"2.92470158190784",NA,NA,NA,NA
"CLU",NA,NA,NA,NA,NA,NA,NA,"1.85706061821659",NA,NA,NA,NA,NA,NA,NA,NA,NA,NA,NA,NA,NA,"-1.00324739424736","-1.57813057308782",NA,NA,NA,"1.40616454700267",NA,NA,NA,NA,NA,NA,NA
"CORO1A",NA,NA,NA,NA,NA,NA,NA,NA,NA,NA,NA,NA,NA,NA,NA,NA,NA,NA,NA,NA,NA,NA,NA,NA,NA,NA,NA,"-1.65819711645637",NA,NA,NA,NA,NA,NA
"CPLX2",NA,NA,NA,NA,"-1.15766025009837",NA,NA,NA,NA,NA,NA,NA,NA,NA,NA,NA,NA,NA,NA,NA,NA,NA,NA,NA,NA,NA,NA,NA,NA,NA,NA,"2.46124683625797",NA,NA
"CR1",NA,NA,NA,NA,NA,NA,"1.50529296411492","1.63309408375935","1.99093712921979",NA,"1.64273090443805",NA,NA,NA,NA,NA,NA,NA,NA,NA,NA,NA,NA,NA,"1.04947430115797","2.0925337991771","1.22738817113859","1.59001389070724",NA,"1.22648646383822",NA,NA,NA,NA
"CR2",NA,NA,NA,NA,NA,"-1.32414562041073","-2.89004434671144","-1.39670864515447","-4.28161994254384","-2.37175176504409",NA,NA,"-4.7117569067337",NA,NA,NA,NA,NA,NA,NA,NA,NA,NA,NA,NA,NA,"-1.39288546298953",NA,NA,NA,NA,NA,NA,NA
"CRISP3",NA,NA,NA,NA,"1.05854606754046",NA,"2.79574828869449","3.98643544342771","3.29348141852101","2.15313185965361",NA,NA,"3.05253887260717",NA,NA,NA,NA,NA,NA,NA,NA,NA,NA,NA,"2.28450952668197","2.82546225075171","3.91627565272633","4.61800804240457",NA,"2.70558888689593",NA,NA,NA,NA
"CRTAM",NA,NA,NA,NA,NA,NA,"-2.86274331076435","-1.79358710819856",NA,NA,NA,NA,NA,NA,NA,NA,NA,NA,NA,NA,NA,NA,NA,NA,"-1.26019092372157","-1.23428309120716","-1.31747591425579","-1.54181920557926",NA,NA,NA,NA,NA,NA
"CRTC3",NA,NA,NA,NA,NA,NA,"-1.16507368986699",NA,NA,NA,NA,NA,NA,NA,NA,NA,NA,NA,NA,NA,NA,NA,NA,NA,NA,NA,NA,NA,NA,NA,NA,NA,NA,NA
"CSF1",NA,NA,NA,NA,NA,NA,NA,"1.83258102967003",NA,NA,NA,NA,NA,NA,NA,NA,NA,NA,NA,NA,NA,NA,NA,NA,NA,NA,NA,NA,NA,NA,NA,"-1.16791339240901","-1.43527956725281","-1.28234701690873"
"CSK",NA,NA,NA,NA,NA,NA,NA,NA,NA,NA,NA,NA,NA,NA,NA,NA,NA,NA,NA,NA,NA,NA,NA,NA,NA,NA,NA,"-1.62034788886612",NA,NA,NA,NA,NA,NA
"CTLA4",NA,NA,NA,NA,NA,NA,"-1.8682631669611","-1.55451768989018",NA,NA,NA,NA,NA,NA,NA,NA,NA,NA,NA,NA,NA,NA,NA,NA,NA,"-1.47061817786405",NA,NA,NA,NA,NA,NA,NA,NA
"CTNNB1",NA,NA,NA,NA,NA,NA,NA,NA,"1.06051115194478",NA,NA,NA,NA,NA,NA,NA,NA,NA,NA,NA,NA,NA,NA,NA,NA,NA,NA,NA,NA,NA,NA,NA,NA,NA
"CTSG",NA,NA,NA,NA,NA,NA,"3.55222657826217","4.6210029247319",NA,NA,NA,NA,NA,NA,NA,NA,NA,"1.14040640441854",NA,NA,NA,NA,NA,NA,NA,NA,"5.28194691754989","2.45227885044481",NA,NA,NA,NA,NA,NA
"CTSH",NA,NA,NA,NA,NA,NA,"1.27492597348662",NA,NA,NA,NA,NA,NA,NA,NA,NA,NA,NA,NA,NA,NA,NA,NA,NA,NA,NA,NA,NA,NA,NA,NA,NA,NA,NA
"CX3CL1",NA,NA,NA,NA,NA,NA,NA,NA,NA,NA,NA,NA,NA,NA,NA,NA,NA,NA,NA,NA,NA,NA,NA,NA,NA,NA,NA,NA,NA,NA,NA,"1.95414931482179",NA,NA
"CX3CR1",NA,NA,NA,NA,NA,NA,"-2.30142250651651","-1.97525619302359",NA,NA,NA,NA,NA,NA,NA,"1.40776689614512",NA,NA,NA,NA,NA,NA,NA,NA,NA,"-2.40619402600307",NA,"-2.49279879486457",NA,NA,NA,"1.40737164849526",NA,NA
"CXADR",NA,NA,NA,NA,NA,NA,NA,NA,NA,NA,NA,NA,NA,NA,"-1.28051407292377",NA,NA,NA,NA,NA,NA,NA,NA,NA,NA,NA,NA,NA,NA,NA,NA,"1.03685138840302",NA,NA
"CXCL1",NA,NA,NA,NA,NA,NA,NA,NA,NA,NA,NA,NA,NA,NA,NA,"-2.65910936153108",NA,NA,NA,NA,NA,"-2.14585899471048","-2.95212180489899",NA,NA,NA,NA,NA,NA,NA,NA,NA,NA,NA
"CXCL17",NA,NA,NA,"2.76439397475026",NA,NA,NA,NA,NA,NA,"2.84029835963389",NA,NA,NA,NA,NA,NA,NA,NA,NA,NA,NA,NA,NA,NA,NA,NA,NA,NA,NA,NA,NA,NA,NA
"CXCL2",NA,NA,NA,NA,NA,"2.90636215279952",NA,"2.15347877637858",NA,"2.37154334724161",NA,NA,NA,NA,"1.12255929421069","-1.0900447940033",NA,NA,"1.20239260890337",NA,NA,NA,"-1.77835805826263","2.8570373544727","2.54260948516824","2.5192042033095","2.77334674548048","3.18237789332738",NA,"3.62218565152765",NA,"-3.56439375962181","-1.79115124082954","-1.89886404264409"
"CXCL3",NA,NA,NA,NA,NA,"3.50602503560999","2.81453669102866","1.85051248326145",NA,NA,NA,NA,NA,NA,NA,"-1.48780418473056",NA,NA,NA,NA,NA,"1.33420116277411","-1.89433854151199","3.52574257815868","2.09096382924169",NA,"1.48946015820534","2.04894575167786",NA,NA,NA,"-2.23679700706538",NA,NA
"CXCL5",NA,NA,NA,NA,NA,NA,NA,NA,NA,"1.49372379743965","1.22932718610772",NA,NA,NA,NA,NA,NA,NA,NA,NA,NA,"-1.61937224250638","-2.12431600734088",NA,NA,NA,NA,NA,NA,NA,NA,NA,NA,NA
"CXCL6",NA,NA,NA,NA,NA,NA,NA,NA,NA,NA,NA,NA,NA,NA,NA,"-3.08561107260409",NA,NA,NA,NA,NA,NA,"-2.64622439223432",NA,NA,NA,NA,NA,NA,NA,NA,NA,NA,NA
"CXCL8",NA,"-1.59904807452039",NA,NA,NA,NA,NA,"-1.56274230851984",NA,NA,NA,NA,NA,NA,NA,"-2.85162830293526",NA,NA,NA,NA,NA,NA,"-2.18279928215011",NA,"-1.83095729466645",NA,NA,NA,NA,"2.11671933463737",NA,"-3.03207415054439","-2.10952401410755","-2.20092920197501"
"CXCL9",NA,NA,NA,"2.67882676017925","2.44477928847698",NA,NA,NA,NA,NA,NA,NA,NA,NA,"2.65268253468351","1.52018063809042",NA,NA,NA,NA,NA,"2.5797457675519",NA,"3.71499380910112",NA,NA,NA,NA,NA,NA,NA,NA,NA,NA
"CXCR1",NA,NA,NA,NA,NA,NA,NA,NA,NA,NA,NA,NA,NA,NA,NA,"-1.26265235229675",NA,"1.07059471632481",NA,NA,NA,"-2.26871974351677","-2.88577571111346",NA,NA,NA,NA,NA,NA,NA,NA,NA,NA,NA
"CXCR2",NA,NA,NA,NA,NA,NA,NA,NA,NA,NA,NA,NA,NA,NA,NA,"-1.39780187520757",NA,NA,NA,NA,NA,"-1.81924725469784","-2.30824259173066",NA,NA,NA,NA,NA,NA,NA,NA,NA,NA,NA
"CXCR4",NA,NA,NA,NA,NA,NA,NA,NA,NA,NA,NA,NA,NA,NA,NA,NA,NA,NA,NA,NA,NA,"-1.16049369193529",NA,NA,NA,"1.43597027229911",NA,"1.16188997343232",NA,"1.06859825261175",NA,"-1.63223966088533",NA,NA
"CXCR5",NA,NA,NA,NA,NA,"-1.12417432120748","-5.82033125323798","-1.85712997750357","-3.53634529561681",NA,NA,NA,"-3.11850847412809",NA,NA,NA,NA,NA,NA,NA,NA,NA,NA,NA,"-1.56383288667347",NA,"-1.62339395281092",NA,NA,NA,NA,NA,NA,NA
"CYBA",NA,NA,NA,NA,NA,NA,NA,NA,NA,NA,NA,NA,NA,NA,NA,NA,NA,NA,NA,NA,NA,"1.39611387866357",NA,NA,NA,NA,NA,"-1.24989032098296",NA,NA,NA,NA,NA,NA
"DDX60",NA,NA,NA,"1.79702657541567","1.7350535379937",NA,"3.03682646678933","3.02733363505264",NA,NA,NA,NA,NA,NA,"1.83424216512794","1.24939148640092",NA,NA,"2.1472720514221",NA,NA,"1.58083813465786",NA,"2.49785780710401","2.60735152403775",NA,NA,NA,NA,NA,NA,NA,NA,NA
"DEFA1",NA,NA,NA,NA,"2.59858171614224",NA,NA,NA,NA,NA,NA,NA,NA,NA,"1.64893274314224",NA,NA,NA,NA,NA,NA,NA,NA,NA,NA,NA,NA,NA,NA,NA,NA,NA,NA,NA
"DEFA3",NA,NA,NA,NA,"1.18737893144738",NA,NA,NA,NA,NA,NA,NA,NA,NA,NA,NA,NA,NA,NA,NA,NA,NA,NA,NA,NA,NA,NA,NA,NA,NA,NA,NA,NA,NA
"DEFA4",NA,NA,NA,NA,NA,NA,"5.16076160198327","5.18537402324055","4.79169561891606",NA,NA,NA,"5.06077567717669",NA,NA,NA,NA,"1.25392569322606",NA,NA,NA,NA,NA,NA,"2.42149497309809","3.35054692231887","5.88690240640794","4.15764989625618",NA,"3.64746058097225",NA,NA,NA,NA
"DEFB1",NA,NA,NA,NA,NA,NA,NA,NA,NA,NA,NA,NA,NA,NA,NA,"2.83011189078715",NA,NA,NA,NA,NA,"4.06903297388078",NA,NA,NA,NA,NA,NA,NA,NA,NA,NA,NA,NA
"DNASE1",NA,NA,NA,NA,NA,NA,NA,NA,"-1.25207731520558",NA,NA,NA,NA,NA,NA,NA,NA,NA,NA,NA,NA,NA,NA,NA,NA,NA,NA,"-1.19012937625778",NA,NA,NA,NA,NA,NA
"DPEP1",NA,NA,NA,NA,NA,NA,NA,NA,NA,NA,NA,NA,NA,NA,NA,NA,NA,NA,NA,NA,NA,NA,NA,NA,NA,NA,NA,NA,NA,NA,NA,"3.77248366034777",NA,NA
"DPP4",NA,NA,NA,NA,NA,NA,"-2.28524797160811","-1.72310242274355",NA,NA,NA,NA,NA,NA,NA,NA,NA,NA,NA,NA,NA,NA,NA,NA,"-1.33645451853654","-2.3935239891542",NA,NA,NA,NA,NA,NA,NA,NA
"DTX1",NA,NA,NA,NA,NA,NA,"-2.51334954804491",NA,"-3.20579200869502",NA,NA,NA,NA,NA,NA,NA,NA,NA,NA,NA,NA,NA,NA,NA,NA,"-2.59383380973498",NA,"-1.79947601310326",NA,"-1.74932769033378",NA,NA,NA,NA
"EDN3",NA,NA,NA,NA,NA,NA,NA,"-1.8875098180248",NA,NA,NA,NA,NA,NA,NA,NA,NA,NA,NA,NA,NA,NA,NA,NA,NA,NA,NA,NA,NA,NA,NA,NA,NA,NA
"EDNRB",NA,NA,NA,"1.31224330141951","1.40613509039329",NA,NA,"2.11122519398309",NA,NA,"2.96523819744868",NA,NA,NA,NA,"1.25238910859679",NA,NA,NA,NA,NA,NA,NA,NA,"3.86089818423862",NA,"3.28396593314777",NA,NA,NA,NA,NA,NA,NA
"EFNB1",NA,NA,NA,NA,NA,NA,NA,NA,NA,NA,NA,NA,NA,NA,NA,NA,NA,NA,NA,NA,NA,NA,NA,NA,NA,"-1.19252416954987",NA,"-1.86584174890078",NA,NA,NA,NA,NA,NA
"EGR1",NA,NA,NA,NA,NA,NA,NA,NA,NA,NA,NA,NA,NA,NA,"1.91129045703755",NA,NA,NA,NA,NA,NA,NA,NA,"3.7048032018034",NA,NA,NA,NA,NA,NA,NA,NA,NA,NA
"EIF2AK2",NA,NA,NA,"1.41332735248914","1.28631353032925",NA,"2.16948606329347","2.08303800917803",NA,NA,NA,NA,NA,NA,"1.32063555727836",NA,NA,NA,"2.12168744495571",NA,NA,"2.00927356369298",NA,"2.03339122922964","2.03017704014671","1.54595572115962",NA,"1.31093351670322",NA,"1.50012097346181",NA,NA,NA,NA
"ELANE",NA,NA,NA,NA,NA,NA,"3.95167070098088","5.03746385324326",NA,NA,NA,NA,NA,NA,NA,NA,NA,"2.1545883742899",NA,NA,NA,NA,NA,NA,NA,NA,"4.73994087788821",NA,NA,"3.40819795908985",NA,NA,NA,NA
"EMP2",NA,NA,NA,NA,NA,NA,NA,NA,NA,NA,NA,NA,NA,NA,NA,NA,NA,NA,NA,NA,NA,NA,NA,NA,NA,NA,NA,NA,NA,NA,NA,"1.19838272809644","1.08804677866892",NA
"EOMES",NA,NA,NA,NA,NA,"-1.77661789803611","-3.8607601486715","-2.36750514077325","-2.57512456679783",NA,NA,NA,NA,NA,NA,NA,NA,NA,NA,NA,NA,NA,NA,NA,"-1.2651243270003",NA,"-1.76230571077626","-1.69431680512376",NA,NA,NA,NA,NA,NA
"EP300",NA,NA,NA,NA,NA,NA,NA,NA,NA,NA,NA,NA,NA,NA,NA,NA,NA,NA,NA,NA,NA,NA,NA,NA,NA,NA,NA,NA,NA,"1.23889743052033",NA,NA,NA,NA
"EPB42",NA,NA,NA,NA,NA,"3.81375690560048",NA,NA,NA,NA,NA,"5.75622727872753",NA,NA,NA,NA,"-1.02194951253045","-1.92173463562991",NA,NA,NA,NA,"-2.63095153118831",NA,NA,NA,NA,NA,"3.26687535265267",NA,NA,NA,NA,NA
"EPHB1",NA,NA,NA,NA,NA,NA,NA,NA,NA,NA,NA,NA,NA,NA,NA,NA,NA,NA,NA,NA,NA,NA,NA,NA,NA,NA,NA,NA,NA,NA,NA,"1.267699747658",NA,NA
"EPHB2",NA,NA,NA,NA,NA,NA,"2.60936288984267","2.70576745510277",NA,NA,NA,NA,NA,NA,NA,"1.21108402364624",NA,NA,NA,NA,NA,"1.32066497137542",NA,"1.5881840285324","3.18018059419385",NA,"1.84887421734632",NA,NA,NA,NA,NA,NA,NA
"EPHB3",NA,NA,NA,NA,NA,NA,NA,NA,NA,NA,NA,"-6.81173955982602",NA,NA,NA,NA,NA,NA,NA,NA,NA,NA,NA,NA,NA,NA,NA,"-4.85697962992108",NA,NA,NA,"1.49699736928091",NA,NA
"EPS8",NA,NA,NA,NA,NA,"1.43965741556845",NA,NA,NA,NA,NA,NA,NA,NA,NA,NA,NA,NA,NA,NA,NA,NA,NA,"1.54084961408334",NA,NA,NA,"-1.49785306048427",NA,NA,NA,NA,NA,NA
"F12",NA,NA,NA,NA,NA,"1.39267635382109","1.35966982824458","1.62777669395522",NA,"1.45417442593568","1.03933669349672",NA,NA,NA,NA,NA,NA,NA,NA,NA,NA,NA,NA,NA,"1.55567434538129","1.45233625711708","1.0735252947468","1.31623158468274",NA,"1.11000216636089",NA,NA,NA,NA
"F2",NA,NA,NA,NA,NA,NA,NA,NA,NA,NA,NA,NA,NA,NA,NA,NA,NA,NA,NA,NA,NA,NA,NA,NA,"1.48325067099519",NA,NA,NA,NA,NA,NA,"2.43162083234554",NA,NA
"F2RL1",NA,NA,NA,NA,NA,NA,NA,"1.08207885210922",NA,NA,NA,NA,NA,NA,NA,NA,NA,NA,NA,NA,NA,NA,NA,NA,NA,NA,NA,NA,NA,NA,NA,NA,NA,NA
"FAS",NA,NA,NA,"1.10345671964718","1.14101675775067",NA,"1.96415576533995","1.62879394762227",NA,NA,NA,NA,NA,NA,"1.43147096241556",NA,NA,NA,NA,NA,NA,NA,NA,"1.45653192287762",NA,NA,NA,"1.12921039058478",NA,"1.44815903512399",NA,NA,NA,NA
"FASLG",NA,NA,NA,NA,NA,NA,"-4.15241912214706","-2.25332820810122","-2.75740100232659",NA,NA,NA,NA,NA,NA,NA,NA,NA,NA,NA,NA,NA,NA,"-1.03635237274428",NA,NA,"-1.84140550925456","-2.4774666942951",NA,NA,NA,"1.12007909961046",NA,NA
"FAU",NA,NA,NA,NA,NA,NA,NA,NA,NA,NA,NA,NA,"1.16192502248763",NA,NA,NA,NA,NA,NA,NA,NA,NA,NA,NA,NA,NA,NA,NA,NA,"1.16388338370594",NA,NA,NA,NA
"FBXO38",NA,NA,NA,NA,NA,NA,NA,NA,NA,NA,NA,NA,NA,NA,NA,NA,NA,NA,NA,NA,NA,NA,NA,NA,NA,"1.59156012354518",NA,"1.21539727070036",NA,NA,NA,NA,NA,NA
"FCAR",NA,NA,NA,NA,NA,"1.67375049195889",NA,"1.21187931875344",NA,NA,"1.94292050928185",NA,NA,NA,NA,NA,NA,NA,NA,NA,NA,NA,NA,NA,"1.48670125559133","2.19642474288901","1.58011033501644","1.47776922388406",NA,"2.88374325084873",NA,NA,NA,NA
"FCER1A",NA,NA,NA,NA,NA,NA,"-5.43776095434701","-5.03438080263932",NA,NA,NA,NA,NA,NA,NA,NA,NA,NA,NA,NA,NA,NA,NA,NA,"-5.22612582880752","-6.67003843663991","-2.22073263656544","-3.76189756702976",NA,"-3.89797659893261",NA,NA,NA,NA
"FCER1G",NA,NA,NA,NA,NA,NA,"2.03311668556529","1.69511155251796","1.94666023091456",NA,NA,NA,NA,NA,NA,"1.09999608032403",NA,NA,NA,NA,NA,NA,NA,NA,"1.61664944205235","1.46164788541003","1.37720867329121","1.73507215999724",NA,NA,NA,NA,NA,NA
"FCGR1A",NA,NA,NA,"3.06965817426346","3.10869485631563",NA,"3.71995661049178","3.00556972666749",NA,NA,"2.59506763745296",NA,NA,NA,"3.25884242621506","2.02688846622193",NA,NA,"2.00211223445413",NA,NA,"2.41893864100876","-1.10942000140638","3.34549140998256","2.46695707843675",NA,NA,"2.16959229352569",NA,"3.12942516358307",NA,NA,NA,NA
"FCGR2B",NA,NA,NA,NA,NA,NA,NA,"1.19662687723392",NA,NA,NA,NA,NA,NA,NA,NA,NA,NA,NA,NA,NA,NA,NA,"1.19142782400681",NA,NA,NA,NA,NA,NA,NA,NA,NA,NA
"FCGR3A",NA,NA,NA,NA,NA,NA,NA,"-1.50364555224575",NA,NA,NA,NA,NA,NA,NA,NA,NA,NA,NA,NA,NA,NA,NA,NA,NA,NA,NA,NA,NA,NA,NA,NA,NA,NA
"FGR",NA,NA,NA,NA,NA,NA,"1.08948357450354","1.00820403933227",NA,NA,NA,NA,NA,NA,NA,NA,NA,NA,NA,NA,NA,NA,NA,NA,NA,NA,NA,NA,NA,NA,NA,NA,NA,NA
"FKBP1A",NA,NA,NA,NA,NA,NA,"1.23199541467411",NA,"1.14589453287139",NA,NA,NA,NA,NA,NA,NA,NA,NA,NA,NA,NA,NA,NA,NA,NA,NA,NA,NA,NA,NA,NA,NA,NA,NA
"FKBP1B",NA,NA,NA,NA,NA,NA,"1.85753658274465",NA,NA,NA,NA,NA,NA,NA,NA,NA,NA,NA,NA,NA,NA,NA,NA,NA,NA,NA,NA,NA,NA,NA,NA,NA,NA,NA
"FLT1",NA,NA,NA,NA,NA,NA,NA,NA,NA,NA,NA,NA,NA,NA,NA,NA,NA,NA,NA,NA,NA,NA,NA,NA,"1.56971359078934","4.48811610540478","1.99673772073818","3.03381355636429",NA,"2.96949685418716",NA,NA,NA,NA
"FLT3",NA,NA,NA,NA,NA,"2.27114648590631","2.98166689075686","3.53348822162398",NA,NA,NA,NA,NA,NA,NA,NA,NA,NA,NA,NA,NA,NA,NA,"1.06352240227782","3.7072017891311","4.53136251838336","3.0349067578491","2.46916434467222",NA,"2.93785687479643",NA,NA,NA,NA
"FOSL1",NA,NA,NA,NA,"1.35302023863775","4.44293932715481",NA,NA,NA,NA,"3.42999390531045",NA,NA,NA,"1.8263745212571",NA,NA,NA,NA,NA,NA,NA,NA,"3.07165271243737",NA,NA,NA,NA,NA,"2.6797593248089",NA,"-1.67186024685961",NA,NA
"FOSL2",NA,NA,NA,NA,NA,"1.00084143362955",NA,NA,NA,NA,NA,NA,NA,NA,NA,NA,NA,NA,NA,NA,NA,NA,NA,NA,NA,NA,NA,NA,NA,NA,NA,NA,NA,NA
"FOXI3",NA,NA,NA,NA,NA,NA,NA,NA,NA,NA,NA,NA,NA,NA,NA,NA,NA,NA,NA,NA,NA,NA,NA,NA,NA,NA,NA,NA,NA,NA,NA,"1.52508210736374",NA,NA
"FPR1",NA,NA,NA,NA,NA,NA,NA,NA,NA,NA,"1.06685823648453",NA,NA,NA,NA,NA,NA,NA,NA,NA,NA,NA,"-1.09537890438346",NA,NA,"1.47746806503942",NA,NA,NA,"1.2568855553666",NA,NA,NA,NA
"FPR2",NA,NA,NA,NA,NA,NA,NA,NA,NA,NA,NA,NA,NA,NA,NA,NA,NA,NA,NA,NA,NA,NA,"-2.03937979179521",NA,NA,NA,NA,NA,NA,NA,NA,NA,NA,"1.25047774444743"
"FPR3",NA,NA,NA,NA,NA,NA,NA,NA,NA,NA,NA,NA,NA,NA,NA,NA,NA,NA,NA,NA,NA,"1.37870343444259",NA,"1.94796776531934",NA,"-3.11801468713066",NA,"-2.15541608795519",NA,"-2.51141690239823",NA,NA,NA,NA
"FRK",NA,NA,NA,NA,NA,NA,NA,NA,NA,NA,NA,NA,NA,NA,NA,NA,NA,NA,NA,NA,NA,NA,NA,NA,NA,NA,NA,NA,NA,NA,NA,"2.03063125111159",NA,NA
"FUT4",NA,NA,NA,NA,NA,"1.24782130574965","1.58323928170725","1.09186622320751","1.69905772491429",NA,NA,NA,"1.85023848657806",NA,NA,NA,NA,NA,NA,NA,NA,NA,NA,NA,"1.05869748600284",NA,"1.06622500471132","1.77413113466939",NA,"2.30345754772285",NA,"-1.1027479477107",NA,NA
"FUT7",NA,NA,NA,NA,NA,NA,"1.93858547027908","1.19739256375719","1.87078995166247",NA,NA,NA,NA,NA,NA,NA,NA,NA,NA,NA,NA,NA,NA,NA,NA,"1.41839258482268",NA,NA,NA,"2.1514489068703",NA,NA,NA,NA
"FYB2",NA,NA,NA,NA,NA,NA,NA,NA,NA,NA,NA,NA,NA,NA,NA,NA,NA,NA,NA,NA,NA,NA,NA,NA,NA,NA,NA,NA,NA,NA,NA,"3.06004415679732","1.99378317767736",NA
"GAPT",NA,NA,NA,NA,NA,NA,NA,"1.43859749953337",NA,NA,NA,NA,NA,NA,NA,NA,NA,NA,NA,NA,NA,NA,NA,NA,NA,NA,NA,NA,NA,NA,NA,NA,NA,NA
"GARIN5A",NA,NA,NA,NA,NA,NA,NA,NA,NA,NA,NA,NA,NA,NA,NA,NA,NA,NA,NA,NA,NA,NA,NA,NA,NA,NA,NA,NA,NA,NA,NA,"1.79703388519772",NA,NA
"GATA3",NA,NA,NA,NA,NA,NA,"-2.62818103934886","-1.77344854259542","-1.51856374935056",NA,NA,NA,NA,NA,NA,NA,NA,NA,NA,NA,NA,NA,NA,NA,"-1.3079510454789","-1.82079881019296","-1.31470358388587","-1.26301521086028",NA,NA,NA,NA,NA,NA
"GBP1",NA,NA,NA,"3.04280058502146","2.86300147786574",NA,"2.88620867684124","2.59455376463118",NA,NA,NA,NA,NA,NA,"3.0949658926662","2.00065398169683",NA,NA,"2.68180967872511",NA,NA,"2.82571967124174",NA,"3.71806419004074","2.04264997177789",NA,NA,NA,NA,"2.72817550330088",NA,NA,NA,NA
"GBP2",NA,NA,NA,"1.53477292042252","1.45989587899544",NA,"1.9139469872128","1.58581168977238",NA,NA,"1.09769321734776",NA,NA,NA,"1.62002811303855",NA,NA,NA,"1.40855841517307",NA,NA,"1.27903617244697",NA,"2.10326547507231","1.11741989289677",NA,NA,NA,NA,"2.13793405063946",NA,NA,NA,NA
"GBP6",NA,NA,NA,"3.0782464516653","3.24523543000647",NA,"3.07064531553179","3.60185591962383",NA,NA,"2.01376288053077",NA,NA,NA,"3.50538456142822",NA,NA,NA,"2.06736905047037",NA,NA,NA,NA,"3.50704185796137","2.24161350523364",NA,NA,NA,NA,"2.57200109116649",NA,NA,NA,NA
"GBP7",NA,NA,NA,"2.53414668384184","2.61509674894022",NA,NA,NA,NA,NA,NA,NA,NA,NA,"3.33495460260843","1.11315616266585",NA,NA,NA,NA,NA,"1.63174406777336",NA,NA,NA,NA,NA,NA,NA,NA,NA,NA,NA,NA
"GCH1",NA,NA,NA,"1.60124488341533","1.65942444897517",NA,"1.69397802232475",NA,NA,NA,NA,NA,NA,NA,"1.83411494787953",NA,NA,NA,"1.41587926038224",NA,NA,"1.27569566900336",NA,"1.72964534407034","1.19676536451989",NA,NA,NA,NA,"1.69915204632215",NA,NA,NA,NA
"GLI3",NA,NA,NA,NA,NA,NA,"-5.87162930573722",NA,NA,NA,NA,NA,NA,NA,NA,NA,NA,NA,NA,NA,NA,"-1.11821908492792",NA,NA,NA,NA,NA,NA,NA,NA,NA,NA,NA,NA
"GP2",NA,NA,NA,NA,NA,NA,NA,NA,NA,NA,NA,NA,NA,NA,NA,NA,NA,NA,NA,NA,NA,NA,NA,NA,NA,NA,NA,NA,NA,NA,NA,"1.68719476008717",NA,NA
"GPR15",NA,NA,NA,NA,NA,"-2.70908860566171","-4.53359681695022","-2.94237428496271",NA,NA,"-2.12500861099372",NA,NA,NA,NA,NA,NA,NA,NA,NA,NA,NA,NA,NA,"-3.04985430596482","-5.06342504556358","-3.01010067988935","-2.48681764963427",NA,"-2.90213156180242",NA,NA,NA,NA
"GPR183",NA,NA,NA,NA,NA,NA,"-1.5654508169705","-1.49052914246061","-1.43100135811646",NA,NA,NA,NA,NA,NA,NA,NA,NA,NA,NA,NA,NA,NA,NA,"-1.2726731134356","-1.05800509063325",NA,NA,NA,NA,NA,"-1.28377239820138",NA,NA
"GPR89A",NA,NA,NA,NA,NA,NA,"-1.1705517360628",NA,NA,NA,NA,NA,NA,NA,NA,NA,NA,NA,NA,NA,NA,NA,NA,NA,NA,NA,NA,NA,NA,NA,NA,NA,NA,NA
"GPR89B",NA,NA,NA,NA,NA,NA,"-1.45919229350749","-1.02063131810143","-1.36736399072625",NA,NA,NA,NA,NA,NA,NA,NA,NA,NA,NA,NA,NA,NA,NA,NA,"-1.0765291471613","-1.35079730727214",NA,NA,NA,NA,NA,NA,NA
"GRB2",NA,NA,NA,NA,NA,NA,NA,NA,NA,NA,NA,NA,NA,NA,NA,NA,NA,NA,NA,NA,NA,NA,NA,NA,NA,NA,NA,NA,NA,"1.02737167985839",NA,NA,NA,NA
"GRN",NA,NA,NA,NA,NA,NA,NA,NA,NA,NA,NA,NA,NA,NA,NA,"1.10986446468866",NA,NA,NA,NA,NA,NA,NA,NA,NA,NA,NA,"-1.28579577081869",NA,NA,NA,NA,NA,NA
"GSDMD",NA,NA,NA,NA,NA,NA,NA,NA,NA,NA,NA,NA,NA,NA,NA,NA,NA,NA,NA,NA,NA,"1.03575669174187",NA,NA,NA,NA,NA,"-1.59235357112646",NA,NA,NA,NA,NA,NA
"GZMB",NA,NA,NA,NA,NA,NA,"-2.15637886656824",NA,NA,NA,NA,NA,NA,NA,NA,NA,NA,NA,NA,NA,NA,NA,NA,NA,NA,NA,NA,"-2.06962991792854",NA,NA,NA,NA,NA,NA
"GZMM",NA,NA,NA,NA,NA,NA,"-3.28216620607137","-2.14726543809898",NA,NA,NA,NA,NA,NA,NA,NA,NA,NA,NA,NA,NA,NA,NA,NA,"-2.25904195937109","-1.77018835141081","-1.6774290204573","-3.86347035074284",NA,NA,NA,NA,NA,NA
"HAMP",NA,NA,NA,NA,NA,NA,NA,NA,NA,NA,NA,NA,NA,NA,NA,"1.12881814998925",NA,NA,NA,NA,NA,"1.58763614231486",NA,NA,NA,NA,NA,NA,NA,NA,NA,NA,NA,NA
"HCK",NA,NA,NA,NA,NA,NA,"1.48036533851447",NA,NA,NA,NA,NA,NA,NA,NA,NA,NA,NA,NA,NA,NA,NA,NA,NA,NA,NA,NA,NA,NA,NA,NA,NA,NA,NA
"HDAC4",NA,NA,NA,NA,NA,NA,"1.16752967741183","1.36712051100913",NA,NA,NA,NA,NA,NA,NA,NA,NA,NA,NA,NA,NA,NA,NA,NA,"1.03605651164992","1.28319070884912",NA,NA,NA,"1.39596226559397",NA,NA,NA,NA
"HHEX",NA,NA,NA,NA,NA,NA,"1.91723541825575","1.24993626698251","1.24349528396227",NA,NA,NA,NA,NA,NA,NA,NA,NA,NA,NA,NA,NA,NA,NA,"1.34625156964802",NA,NA,"1.12376375048458",NA,NA,NA,NA,NA,NA
"HLA-C",NA,NA,NA,NA,NA,NA,"2.01411127447995","1.64151892387951","1.46961645381421","1.16678299063269",NA,NA,NA,NA,NA,NA,NA,NA,NA,NA,NA,NA,NA,NA,"1.11953542770343","1.51776611885029",NA,NA,NA,"1.45909266518833",NA,NA,NA,NA
"HLA-DMA",NA,NA,NA,NA,NA,NA,NA,NA,NA,NA,NA,NA,NA,NA,NA,NA,NA,NA,NA,NA,NA,NA,NA,"1.08650414841512",NA,"-1.04862515325925",NA,NA,NA,NA,NA,NA,NA,NA
"HLA-DMB",NA,NA,NA,NA,NA,NA,NA,NA,NA,NA,NA,NA,NA,NA,NA,NA,NA,NA,NA,NA,NA,NA,NA,"1.12428272935403",NA,"-1.15711564176609",NA,NA,NA,NA,NA,NA,NA,NA
"HLA-DPA1",NA,NA,NA,NA,NA,NA,NA,"-1.67814937883865","-1.05686114918627","-1.33056999056853",NA,NA,NA,NA,NA,NA,NA,NA,NA,NA,NA,NA,NA,"1.25560588051938",NA,"-2.24039876814802",NA,"-2.02461292608221",NA,NA,NA,NA,NA,NA
"HLA-E",NA,NA,NA,NA,NA,NA,"1.31454371741604","1.26620187763144",NA,NA,NA,NA,NA,NA,NA,NA,NA,NA,NA,NA,NA,NA,NA,NA,NA,"1.06908782017669",NA,NA,NA,"1.42682366355597",NA,NA,NA,NA
"HLA-F",NA,NA,NA,NA,NA,NA,NA,NA,NA,NA,NA,NA,NA,NA,NA,NA,NA,NA,NA,NA,NA,NA,NA,NA,NA,NA,NA,NA,NA,"1.15845112954209",NA,NA,NA,NA
"HMGB2",NA,NA,NA,NA,NA,NA,"2.30571417535083","2.64091667368415","1.5441181050403",NA,NA,NA,NA,NA,NA,NA,NA,NA,NA,NA,NA,NA,NA,NA,"2.25245867023184","2.85630780400966","1.62517411940047","1.70857787427338",NA,"1.36842537728319",NA,NA,NA,NA
"HOXB4",NA,NA,NA,NA,NA,"-1.01861500595684","-2.15665963790523","-1.18900782080517",NA,NA,NA,NA,NA,NA,NA,NA,NA,NA,NA,NA,NA,NA,NA,NA,NA,NA,NA,NA,NA,NA,NA,NA,NA,NA
"IDO1",NA,NA,NA,"3.89663706210957","3.85096528366368",NA,NA,NA,NA,NA,NA,NA,NA,NA,"4.58818653814588","2.62821232687416",NA,NA,"4.22016758841249",NA,NA,"2.76051892640145",NA,"3.54527842814203",NA,"-3.03356129803877",NA,NA,NA,NA,NA,NA,NA,NA
"IFI27",NA,NA,"2.31769988793986","1.60355909825766","1.52906168327971",NA,"9.89813370023058","8.57360540074081",NA,NA,NA,NA,NA,NA,NA,"6.49208983506676","3.80230292777521","2.62954001767109","1.7290438734355",NA,NA,"4.44682320529612",NA,NA,"9.07209902322426","4.73008304173033",NA,"3.08629742630392",NA,NA,NA,NA,NA,NA
"IFI30",NA,NA,NA,NA,"1.10224080248264",NA,"1.83636040941399","1.3182769207899","1.27620004588684",NA,NA,NA,NA,NA,"1.41313558383789","1.3626109747771",NA,NA,"1.09352793376701",NA,NA,NA,NA,"1.5697888183951","1.01263581459056",NA,NA,NA,NA,"1.09953386605428",NA,NA,NA,NA
"IFI35",NA,NA,NA,"1.91044735794128","1.97795073766108",NA,"2.20365415958157","1.77162956314303",NA,NA,NA,NA,NA,NA,"2.09454849393875","1.44218295635908",NA,NA,"1.88262871010971",NA,NA,"1.64074856459199",NA,"2.19620945340073","1.22274250683926",NA,NA,NA,NA,NA,NA,NA,NA,NA
"IFI6",NA,NA,NA,"2.4846295816056","2.19649857533825",NA,"3.91442995794297","3.42025335137056",NA,NA,NA,NA,NA,NA,"2.31340380738942","2.18670786518876",NA,NA,"2.77856276569444",NA,NA,"2.50899218647193",NA,"2.46087881038868","2.96310772223583",NA,NA,NA,NA,NA,NA,NA,NA,NA
"IFIT1",NA,NA,NA,"2.40569018906085","2.117704487579",NA,"3.85732371630726","3.66066584167554",NA,NA,NA,NA,NA,NA,"2.32631149634196","1.27265196702355",NA,NA,"3.67481618504957",NA,NA,"2.59958317131019","-1.70551888366743","3.33768465030252","3.46257939738298",NA,NA,NA,NA,NA,NA,NA,NA,NA
"IFIT2",NA,NA,NA,"2.10515792615984","1.85395323885331",NA,NA,"2.20116542023755",NA,NA,NA,NA,NA,NA,"2.10749728609176",NA,NA,NA,"2.98960735844396",NA,NA,"2.39070034809541","-1.48013525240169","2.74497589233589","1.69492351745246",NA,NA,NA,NA,NA,NA,NA,NA,NA
"IFITM1",NA,NA,NA,NA,"1.15758225903336",NA,"2.81729118768743","2.30201160804148",NA,NA,NA,NA,NA,NA,"1.5208977273142","1.17087400168248",NA,NA,"1.017108779399",NA,NA,NA,NA,"1.13966221373203","1.81250446451855","1.37286735820228",NA,NA,NA,"1.60618806719261",NA,NA,NA,NA
"IFITM2",NA,NA,NA,NA,NA,NA,"1.83533581823821","1.70425835089286",NA,NA,NA,NA,NA,NA,NA,NA,NA,NA,NA,NA,NA,NA,NA,NA,NA,"1.68047668250809","1.27038357083393",NA,NA,"1.93532010926203",NA,NA,NA,NA
"IFITM3",NA,NA,NA,"2.29798228014626","2.28596110692979",NA,"3.00049520325874","2.56103440225361",NA,NA,NA,NA,NA,NA,"2.69186584065855","2.19806362623996",NA,NA,"2.07288841821263",NA,NA,"1.94291412737143",NA,"1.75415733636485",NA,NA,NA,NA,NA,NA,NA,NA,NA,NA
"IFNGR1",NA,NA,NA,NA,NA,NA,NA,NA,"1.15903090538438",NA,NA,NA,NA,NA,NA,NA,NA,NA,NA,NA,NA,NA,NA,NA,NA,"1.97575276742981","1.08499954392021","1.4325201611212",NA,NA,NA,NA,NA,NA
"IFNGR2",NA,NA,NA,NA,NA,NA,"1.64872278718073","1.15395499621234","1.29285613036065",NA,NA,NA,NA,NA,NA,NA,NA,NA,NA,NA,NA,NA,NA,NA,"1.00832035758369","1.11840040972865",NA,NA,NA,"1.11423039997408",NA,NA,NA,NA
"IFNL1",NA,NA,NA,NA,NA,NA,NA,"1.23790421819701",NA,NA,"1.26768957371947",NA,NA,NA,NA,NA,NA,NA,NA,NA,NA,NA,NA,NA,"1.0980589483927","1.36236813335004",NA,"1.4145445212749",NA,NA,NA,NA,NA,NA
"IFNL2",NA,NA,NA,NA,NA,"3.22747120367008",NA,NA,NA,NA,"4.0559685674148",NA,NA,NA,NA,NA,NA,NA,NA,NA,NA,NA,NA,NA,NA,NA,NA,NA,NA,NA,NA,NA,NA,NA
"IFNLR1",NA,NA,NA,NA,NA,NA,"-3.20827495742675",NA,NA,NA,NA,NA,NA,NA,NA,NA,NA,NA,NA,NA,NA,NA,NA,NA,NA,NA,NA,NA,NA,NA,NA,NA,NA,NA
"IL10",NA,NA,NA,NA,NA,NA,NA,"3.15106152507882","2.34323468764687",NA,NA,NA,NA,NA,"1.6169479374772",NA,NA,NA,NA,NA,NA,NA,NA,NA,"3.02500802414881","2.50987854965472","2.17773705855149","2.06092716624141",NA,"2.66167409582344",NA,NA,NA,NA
"IL10RB",NA,NA,NA,NA,NA,NA,"1.45795756109851","1.28369734804517",NA,NA,NA,NA,NA,NA,NA,NA,NA,NA,NA,NA,NA,NA,NA,NA,NA,NA,NA,NA,NA,NA,NA,NA,NA,NA
"IL11",NA,NA,NA,NA,NA,"3.59296031878642",NA,NA,NA,NA,NA,NA,NA,NA,NA,NA,NA,NA,NA,NA,NA,NA,NA,NA,NA,NA,NA,NA,NA,NA,NA,NA,NA,NA
"IL12B",NA,NA,NA,NA,NA,NA,NA,NA,NA,NA,NA,NA,NA,NA,NA,NA,NA,NA,NA,NA,NA,NA,"-1.52570415856781",NA,NA,"2.06987388587316",NA,"2.53617287073437",NA,NA,NA,NA,NA,NA
"IL13",NA,NA,NA,NA,NA,"2.70620642743362",NA,NA,NA,NA,"2.6717866865452",NA,NA,NA,NA,NA,NA,NA,NA,NA,NA,NA,NA,NA,NA,NA,NA,NA,NA,NA,NA,"2.74771029053397",NA,NA
"IL15",NA,NA,NA,NA,NA,NA,"2.82514739424805","1.78415204479888",NA,NA,NA,NA,NA,NA,NA,"1.04605111195007",NA,NA,NA,NA,NA,NA,NA,"1.36907624830657","1.5010292381396",NA,NA,NA,NA,NA,NA,NA,NA,NA
"IL17RC",NA,NA,NA,NA,NA,NA,NA,NA,NA,NA,NA,NA,NA,NA,NA,NA,NA,NA,NA,NA,NA,NA,NA,"1.13515109124872",NA,NA,NA,"-1.54355841201464",NA,NA,NA,NA,NA,NA
"IL18RAP",NA,NA,NA,NA,NA,NA,"2.88681112785842","3.29910466527199","2.64416569854567",NA,NA,NA,NA,NA,NA,NA,NA,NA,NA,NA,NA,NA,NA,NA,"2.83013697707794","4.10294115377897","2.57399069572311","3.0347034682727",NA,"2.66203690794157",NA,NA,NA,NA
"IL1RN",NA,NA,NA,NA,NA,NA,"2.48637382058338","1.58769820449341",NA,NA,NA,NA,NA,NA,"1.19859966592212",NA,NA,NA,"1.2524521991602",NA,NA,"1.92604130899592","-1.3305142315977","1.03822010031213","1.7197432400081",NA,NA,"1.45788580735157",NA,"1.93735196537242",NA,"-1.42106104614514","-1.08855656313304",NA
"IL2",NA,NA,NA,NA,NA,NA,NA,NA,NA,NA,NA,NA,NA,NA,NA,NA,NA,NA,NA,NA,NA,NA,NA,NA,NA,NA,NA,NA,NA,NA,NA,"-3.21413593595286",NA,NA
"IL23R",NA,NA,NA,NA,NA,NA,"-4.49310367640726","-3.61971445403759",NA,NA,NA,NA,NA,NA,NA,NA,NA,NA,NA,NA,NA,NA,NA,NA,"-2.14291560287796","-6.81005874160421",NA,NA,NA,"-2.51849599231058",NA,NA,NA,NA
"IL27",NA,NA,NA,"1.85824384995394","1.54912826495089",NA,NA,"1.53050926536312",NA,NA,NA,NA,NA,NA,"2.02994077789466","1.50081574524992",NA,NA,"1.54158651550938",NA,NA,"1.69793213281775",NA,"1.76123694311536",NA,NA,NA,NA,NA,"2.48338942778973",NA,NA,NA,NA
"IL2RB",NA,NA,NA,NA,NA,NA,"-2.53340221996552","-1.36142449742954",NA,NA,NA,NA,NA,NA,NA,NA,NA,NA,NA,NA,NA,NA,NA,"-1.46522073847341","-1.50809471862086","-1.17510495800854","-1.4606647197725","-2.13377057519392",NA,NA,NA,NA,NA,NA
"IL31RA",NA,NA,NA,"2.12091048236989","1.781085919968",NA,NA,NA,NA,NA,NA,NA,NA,NA,"1.89643121313588","1.34411902007784",NA,NA,"1.97019771314822",NA,NA,"2.61208952086013",NA,"2.77113963514311",NA,"-2.68121798174807",NA,NA,NA,NA,NA,NA,NA,NA
"IL33",NA,NA,NA,NA,NA,NA,NA,NA,NA,NA,NA,NA,NA,NA,NA,NA,NA,NA,NA,NA,NA,NA,NA,NA,NA,NA,NA,NA,NA,NA,NA,"1.73524110027734",NA,NA
"IL34",NA,NA,NA,NA,NA,NA,NA,"-3.19045450402368",NA,NA,NA,NA,NA,NA,NA,NA,NA,NA,NA,NA,NA,NA,NA,"1.82651825020155","-4.81811983672859","-5.39770294409188",NA,NA,NA,NA,NA,NA,NA,NA
"IL4R",NA,NA,NA,NA,NA,NA,NA,NA,"1.51725754535303",NA,NA,NA,NA,NA,NA,NA,NA,NA,NA,NA,NA,NA,NA,NA,NA,"1.22275304948951",NA,NA,NA,NA,NA,NA,NA,NA
"IL5RA",NA,NA,NA,NA,NA,NA,"-4.21133365300032","-2.68326895933148",NA,NA,NA,NA,NA,NA,NA,NA,NA,NA,NA,NA,NA,NA,NA,NA,"-3.72049837217648","-3.2550441899612",NA,NA,NA,NA,NA,NA,NA,NA
"IL7",NA,NA,NA,NA,NA,NA,NA,"-1.63624792710025",NA,NA,NA,NA,NA,NA,NA,NA,NA,NA,NA,NA,NA,NA,NA,NA,NA,NA,NA,NA,NA,NA,NA,NA,NA,NA
"IL7R",NA,NA,NA,NA,NA,"-1.10330255894196","-4.45542329368802","-3.15254021510509","-2.81839077678947",NA,NA,NA,"-2.29393406466978",NA,NA,NA,NA,NA,NA,NA,NA,NA,NA,NA,"-1.66859865303735","-2.30282761542549","-1.37961699775711","-2.07729448637134",NA,"-1.91560395163985",NA,NA,NA,NA
"IPO7",NA,NA,NA,NA,NA,NA,"-1.09263687907879",NA,NA,NA,NA,NA,NA,NA,NA,NA,NA,NA,NA,NA,NA,NA,NA,NA,NA,NA,NA,NA,NA,NA,NA,NA,NA,NA
"IRF1",NA,NA,NA,"1.05269650828394","1.16081047442752",NA,NA,NA,NA,NA,"1.27764846641801",NA,NA,NA,"1.45173299923914",NA,NA,NA,NA,NA,NA,NA,NA,"1.60452101232291",NA,NA,NA,NA,NA,"2.51965649678742",NA,NA,NA,NA
"IRF2BP2",NA,NA,NA,NA,NA,NA,NA,NA,NA,NA,NA,NA,NA,NA,NA,NA,NA,NA,NA,NA,NA,NA,NA,NA,NA,NA,NA,NA,NA,NA,NA,"-1.17319947237407",NA,NA
"IRGM",NA,NA,NA,NA,NA,NA,"-1.84276320650964",NA,NA,NA,NA,NA,NA,NA,NA,NA,NA,NA,NA,NA,NA,NA,NA,NA,"-1.46991260134432",NA,NA,NA,NA,NA,NA,NA,NA,NA
"ITGA1",NA,NA,NA,NA,NA,NA,NA,"1.10473908570581",NA,NA,NA,NA,NA,NA,NA,NA,NA,NA,NA,NA,NA,NA,NA,NA,NA,NA,NA,NA,NA,NA,NA,NA,NA,NA
"ITGA4",NA,NA,NA,NA,NA,NA,NA,NA,NA,NA,NA,NA,NA,NA,NA,NA,NA,NA,NA,NA,NA,NA,NA,NA,NA,"-1.22826144554928",NA,NA,NA,NA,NA,NA,NA,NA
"ITGAM",NA,NA,NA,NA,NA,NA,"1.39149270258396","1.22668788442967","1.55147316370397",NA,NA,NA,NA,NA,NA,NA,NA,NA,NA,NA,NA,NA,NA,NA,NA,"1.30260157869796","1.06206725362561",NA,NA,NA,NA,NA,NA,NA
"ITGB7",NA,NA,NA,NA,NA,NA,"-2.03490309964118","-1.27683085756868","-1.4748828824798",NA,NA,NA,NA,NA,NA,NA,NA,NA,NA,NA,NA,NA,NA,NA,"-1.03428658297438","-1.27913979569639","-1.25019646414464","-1.17595330997032",NA,NA,NA,NA,NA,NA
"ITGB8",NA,NA,NA,NA,NA,NA,"-4.07673611493129","-2.93499430064732",NA,NA,NA,NA,NA,NA,NA,NA,NA,NA,NA,NA,NA,NA,NA,NA,"-3.25697284836532","-4.83587888696793",NA,"-3.80730223167103",NA,"-2.24347981494457",NA,"1.36323668628793",NA,NA
"ITK",NA,NA,NA,NA,NA,NA,"-2.95136701855052","-1.89733502424187","-1.58339640320545",NA,NA,NA,NA,NA,NA,NA,NA,NA,NA,NA,NA,NA,NA,NA,"-1.08390074055214","-1.21585281702404",NA,"-1.26368061722865",NA,"-1.36843038934262",NA,NA,NA,NA
"ITPKB",NA,NA,NA,NA,NA,NA,NA,NA,NA,NA,NA,NA,NA,NA,NA,NA,NA,NA,NA,NA,NA,NA,NA,NA,NA,NA,NA,"-1.20955864541035",NA,NA,NA,NA,NA,NA
"JAG1",NA,NA,NA,NA,NA,"1.88785086909725","1.19725881103369","1.37661496220213","1.55601235548447","1.16511504052065","1.4769111929096",NA,NA,NA,NA,NA,NA,NA,NA,NA,NA,NA,NA,NA,"1.48066430613325","1.0899172234018","1.24227614670494","1.1619949252353",NA,"1.5203756322034",NA,NA,NA,NA
"JAK3",NA,NA,NA,NA,NA,NA,"1.39496308358426","1.12960298612792","1.31782647200453",NA,"1.18529754967293",NA,NA,NA,NA,NA,NA,NA,NA,NA,NA,NA,NA,NA,NA,"1.37945606125",NA,"1.02029594620947",NA,NA,NA,NA,NA,NA
"JMJD6",NA,NA,NA,NA,NA,"1.61164873490729","1.66181702393154","1.65352993054233","1.91147610771081","1.41201108823695","1.424744313118","1.94057219577032",NA,NA,NA,NA,NA,NA,NA,NA,NA,NA,NA,NA,"1.0253609679458","2.47569992006326","1.05771447255914","2.00007020689974",NA,"1.88485544453249",NA,NA,NA,NA
"KAT7",NA,NA,NA,NA,NA,NA,NA,NA,NA,"1.03592396638664",NA,NA,NA,NA,NA,NA,NA,NA,NA,NA,NA,NA,NA,NA,NA,NA,NA,NA,NA,"1.00867955321377",NA,NA,NA,NA
"KIR3DL1",NA,NA,NA,NA,NA,NA,NA,NA,NA,NA,NA,NA,NA,NA,NA,NA,NA,NA,"-1.41859880687921",NA,NA,NA,NA,"-1.98871890922904",NA,NA,"-1.9057588400255","-2.53512741275026",NA,NA,NA,NA,NA,NA
"KITLG",NA,NA,NA,NA,NA,"1.9371254369922",NA,NA,NA,NA,NA,NA,NA,NA,NA,NA,NA,NA,NA,NA,NA,NA,NA,NA,NA,NA,NA,NA,NA,NA,NA,NA,NA,NA
"KLRC1",NA,NA,NA,NA,NA,"-1.5134213678669",NA,NA,NA,NA,NA,NA,NA,NA,NA,NA,NA,NA,NA,NA,NA,NA,NA,NA,NA,NA,NA,NA,NA,NA,NA,NA,NA,NA
"KLRC2",NA,NA,NA,NA,NA,NA,"-3.77428137100772","-1.71046067178179",NA,NA,NA,NA,NA,NA,NA,NA,NA,NA,NA,NA,NA,NA,NA,NA,"-1.93104385287762",NA,"-1.75010442079111",NA,NA,NA,NA,NA,NA,NA
"KLRC3",NA,NA,NA,NA,NA,NA,"-4.26450386464952","-1.31233995067848","-3.0394098985088",NA,NA,NA,NA,NA,"-1.00395832928534",NA,NA,NA,NA,NA,NA,NA,NA,NA,"-2.48038564176452",NA,"-2.48462812538211","-1.8925304116103",NA,NA,NA,NA,NA,NA
"KLRF2",NA,NA,NA,NA,NA,NA,NA,"-3.6782871834251",NA,NA,NA,NA,NA,NA,NA,NA,NA,NA,NA,NA,NA,NA,NA,NA,NA,NA,NA,NA,NA,NA,NA,NA,NA,NA
"KLRK1",NA,NA,NA,NA,NA,NA,"-4.32263308881193","-1.38047231638976",NA,NA,NA,NA,NA,NA,NA,NA,NA,NA,NA,NA,NA,NA,NA,NA,"-1.35303089135103",NA,"-1.42929869643507",NA,NA,NA,NA,NA,NA,NA
"KMT2A",NA,NA,NA,NA,NA,NA,"-1.50922848092176","-1.14104605363085","-1.04829944559046",NA,NA,NA,NA,NA,NA,NA,NA,NA,NA,NA,NA,NA,NA,NA,NA,NA,NA,NA,NA,NA,NA,NA,NA,NA
"LAG3",NA,NA,NA,NA,NA,NA,NA,NA,NA,NA,NA,NA,NA,NA,NA,NA,NA,NA,NA,NA,NA,NA,NA,NA,NA,NA,"-1.29015509162077",NA,NA,NA,NA,NA,NA,NA
"LAX1",NA,NA,NA,NA,NA,"-1.28560666784407","-2.80110702270904","-1.01482611941191","-1.9642083568842",NA,NA,NA,NA,NA,NA,NA,NA,NA,NA,NA,NA,NA,NA,NA,NA,NA,"-1.10381395119507",NA,NA,NA,NA,NA,NA,NA
"LCN2",NA,NA,NA,NA,"1.11708477905364",NA,"3.64480100740497","4.50188345238783","4.21066173682726","2.24330520046364",NA,NA,"3.87049028457205",NA,NA,NA,NA,NA,NA,NA,NA,NA,NA,NA,"1.98582233154446","3.11141674724846","4.18481696881157","4.59500439589798",NA,"3.39085733411267",NA,NA,NA,NA
"LCP1",NA,NA,NA,NA,NA,NA,NA,NA,"1.11595824533308",NA,NA,NA,NA,NA,NA,NA,NA,NA,NA,NA,NA,NA,NA,NA,NA,"1.18913174984245",NA,NA,NA,NA,NA,NA,NA,NA
"LFNG",NA,NA,NA,NA,NA,NA,"-1.23338388309041","-1.73353872955158",NA,"-1.12774242619196",NA,NA,NA,NA,NA,NA,NA,NA,NA,NA,NA,NA,NA,NA,"-1.48016172648965","-1.54787540441544",NA,"-2.42995900213901",NA,NA,NA,NA,NA,NA
"LGALS3",NA,NA,NA,NA,NA,NA,"1.84463898490242",NA,"1.5041147967896",NA,NA,NA,NA,NA,NA,NA,NA,NA,NA,NA,NA,NA,NA,NA,NA,NA,NA,NA,NA,"1.07116385279199",NA,NA,NA,NA
"LGALS9",NA,NA,NA,NA,NA,NA,"1.64264289909082",NA,NA,NA,NA,NA,NA,NA,NA,"1.12665930224317",NA,NA,"1.03047231827323",NA,NA,NA,NA,NA,NA,NA,NA,NA,NA,NA,NA,NA,NA,NA
"LILRA3",NA,NA,NA,NA,NA,NA,NA,NA,"1.95653691520964",NA,NA,NA,NA,NA,NA,NA,NA,NA,NA,NA,NA,NA,NA,NA,NA,NA,NA,NA,NA,NA,NA,NA,NA,NA
"LILRA4",NA,NA,NA,NA,NA,NA,"-5.76561648559365",NA,NA,NA,NA,NA,NA,NA,NA,NA,NA,NA,NA,NA,NA,NA,NA,NA,"-3.46989431588162",NA,"-2.51991376862926",NA,NA,NA,NA,NA,NA,NA
"LILRA5",NA,NA,NA,NA,NA,NA,"1.92613422326604","1.01332271633542","1.94117524169556",NA,"1.5293081320602",NA,NA,NA,"1.01037291528952","1.12421139373642",NA,NA,NA,NA,NA,NA,NA,NA,"1.05105734354981","1.53053353516006","1.09335218890935",NA,NA,NA,NA,NA,NA,NA
"LILRA6",NA,NA,NA,NA,NA,NA,"2.35753367047209","2.14937045010331","2.05844299767108",NA,NA,NA,NA,NA,NA,NA,NA,NA,NA,NA,NA,NA,NA,NA,"1.81394260832089","1.88255667577659","1.33509036498791","1.39664629753641",NA,NA,NA,NA,NA,NA
"LILRB1",NA,NA,NA,NA,NA,NA,NA,NA,NA,NA,NA,NA,NA,NA,NA,"1.09146490217001",NA,NA,NA,NA,NA,NA,NA,"1.11995600176079",NA,"-1.3429803700762",NA,"-1.6816678393065",NA,NA,NA,NA,NA,NA
"LILRB4",NA,NA,NA,NA,NA,NA,NA,NA,NA,NA,NA,NA,NA,NA,NA,"1.34800401156397",NA,NA,NA,NA,NA,NA,NA,"1.61488161282666","1.06950806192214",NA,NA,NA,NA,NA,NA,NA,NA,NA
"LIMK1",NA,NA,NA,NA,NA,NA,NA,NA,NA,NA,NA,NA,NA,NA,NA,NA,NA,NA,NA,NA,NA,NA,NA,NA,NA,NA,NA,NA,NA,"1.03513675465617",NA,NA,NA,NA
"LMO4",NA,NA,NA,NA,NA,NA,"1.65113786171971","1.1218542284368",NA,NA,NA,NA,NA,NA,NA,NA,NA,NA,NA,NA,NA,NA,NA,NA,"1.11605654820382",NA,NA,NA,NA,NA,NA,NA,NA,NA
"LRP1",NA,NA,NA,NA,NA,NA,NA,NA,NA,NA,NA,NA,NA,NA,NA,NA,NA,NA,NA,NA,NA,NA,NA,NA,NA,"-1.81116605012654",NA,"-2.51859734526263",NA,NA,NA,NA,NA,NA
"LRRC8A",NA,NA,NA,NA,NA,NA,NA,"-1.1601776216186",NA,NA,NA,NA,NA,NA,NA,NA,NA,NA,NA,NA,NA,NA,NA,NA,"-1.47853689875531",NA,NA,"-1.59274449478455",NA,NA,NA,NA,NA,NA
"LY86",NA,NA,NA,NA,NA,NA,"1.09257142688358",NA,NA,NA,NA,NA,NA,NA,NA,NA,NA,NA,NA,NA,NA,NA,NA,NA,"1.17376036188629",NA,"1.00797989736752",NA,NA,NA,NA,NA,NA,NA
"LYL1",NA,NA,NA,NA,NA,NA,NA,NA,NA,NA,NA,NA,NA,NA,NA,NA,NA,NA,NA,"1.66267710130614",NA,"1.3835475907055",NA,NA,NA,NA,NA,"-1.36494384514737",NA,NA,NA,NA,NA,NA
"MAP2K6",NA,NA,NA,NA,NA,NA,"2.39208884626038","2.33360895290792","1.68796954832227",NA,"1.33404207172272",NA,NA,NA,NA,NA,NA,NA,NA,NA,NA,NA,NA,NA,"2.16284105510612","2.18079750051473","1.36442201171375","1.35266524737733",NA,"1.38374004266017",NA,NA,NA,NA
"MAP3K8",NA,NA,NA,NA,NA,NA,NA,"1.43119279046641",NA,"1.10707632449664",NA,NA,NA,NA,NA,NA,NA,NA,NA,NA,NA,NA,NA,NA,NA,"1.53452952745592",NA,"1.3215091120991",NA,"1.15943023762266",NA,"-1.00877173556806",NA,NA
"MAPK3",NA,NA,NA,NA,NA,NA,"1.37509911902624","1.07201583018151","1.41666435631505",NA,NA,NA,NA,NA,NA,NA,NA,NA,NA,NA,NA,NA,NA,NA,NA,"1.11686516384895",NA,NA,NA,NA,NA,NA,NA,NA
"MAPKAPK2",NA,NA,NA,NA,NA,"1.08090808531599",NA,NA,"1.46434168354421","1.2554545493992",NA,NA,NA,NA,NA,NA,NA,NA,NA,NA,NA,NA,NA,NA,NA,"1.72849517801901",NA,NA,NA,"2.31760687872548",NA,NA,NA,NA
"MAPT",NA,NA,NA,NA,NA,NA,"-2.61016838665259","-1.17708612108951",NA,NA,NA,NA,NA,NA,NA,NA,NA,NA,NA,NA,NA,NA,NA,NA,NA,NA,NA,NA,NA,NA,NA,NA,NA,NA
"MASP1",NA,NA,NA,NA,NA,NA,NA,NA,NA,NA,NA,NA,NA,NA,NA,NA,NA,NA,NA,NA,NA,NA,NA,NA,NA,NA,NA,NA,NA,NA,NA,"1.7514536288036",NA,NA
"MCOLN2",NA,NA,NA,NA,NA,NA,"-2.34096627345802","-1.46855878194102",NA,NA,NA,NA,NA,NA,NA,NA,NA,NA,NA,NA,NA,NA,NA,NA,NA,NA,NA,NA,NA,NA,NA,NA,NA,NA
"MDK",NA,NA,NA,NA,NA,NA,NA,NA,NA,NA,NA,NA,NA,NA,"1.15835175311326",NA,NA,NA,"1.43176841359857",NA,NA,NA,NA,NA,NA,NA,NA,"-1.2862496408525",NA,NA,NA,NA,NA,NA
"MEN1",NA,NA,NA,NA,NA,NA,"-1.39144160762484",NA,"-1.05556635889346",NA,NA,NA,"-1.09687727028924",NA,NA,NA,NA,NA,NA,NA,NA,NA,NA,NA,NA,"-1.19633239495763",NA,"-1.6658611851951",NA,NA,NA,NA,NA,NA
"MERTK",NA,NA,NA,NA,NA,NA,"2.2160187202583","1.44610944803364","1.94618959753992",NA,NA,NA,NA,NA,NA,NA,NA,NA,NA,NA,NA,NA,NA,NA,"1.57932886557862","1.16783536857795","1.50485418339628",NA,NA,NA,NA,NA,NA,NA
"MFSD6",NA,NA,NA,NA,NA,NA,"-1.54545728827097","-1.19865658475922","-1.20933118259577",NA,NA,NA,NA,NA,NA,NA,NA,NA,NA,NA,NA,NA,NA,NA,NA,"-1.23345981999757",NA,NA,NA,NA,NA,NA,NA,NA
"MILR1",NA,NA,NA,NA,NA,NA,"2.08506876114749",NA,"1.82324684927814",NA,NA,NA,NA,NA,NA,NA,NA,NA,NA,NA,NA,NA,NA,NA,"1.29019889140312",NA,"1.13090444066355",NA,NA,NA,NA,NA,NA,NA
"MMP2",NA,NA,NA,NA,NA,NA,NA,"3.11353767606426",NA,NA,NA,NA,NA,NA,NA,NA,NA,NA,NA,NA,NA,NA,NA,NA,NA,NA,NA,NA,NA,NA,NA,NA,NA,NA
"MPL",NA,NA,NA,NA,NA,"1.16018456419462",NA,NA,NA,NA,NA,NA,NA,NA,NA,NA,NA,NA,NA,NA,NA,NA,"-1.06399504642187",NA,NA,NA,NA,NA,NA,NA,NA,NA,NA,NA
"MRC1",NA,NA,NA,NA,NA,NA,NA,NA,NA,NA,NA,NA,NA,NA,NA,"-1.12589427144413",NA,NA,NA,NA,NA,NA,NA,"1.98248023800944",NA,NA,NA,NA,NA,NA,NA,NA,NA,NA
"MS4A1",NA,NA,NA,NA,NA,NA,"-3.33306336821474",NA,"-3.65318453636555",NA,NA,NA,"-3.37529980938658",NA,NA,NA,NA,NA,NA,NA,NA,NA,NA,NA,NA,NA,NA,NA,NA,NA,"-6.0616360302815",NA,NA,NA
"MSH2",NA,NA,NA,NA,NA,"-1.10985490368152","-1.73687494876613",NA,"-1.68170511463037",NA,NA,NA,"-1.575509909347",NA,NA,NA,NA,NA,NA,NA,NA,NA,NA,NA,NA,NA,NA,NA,NA,NA,NA,NA,NA,NA
"MT1G",NA,NA,NA,NA,NA,NA,NA,NA,NA,NA,NA,NA,NA,NA,NA,"2.01101515434921",NA,NA,NA,NA,NA,NA,NA,NA,"3.76532123935256","3.93894735740655",NA,NA,NA,NA,NA,NA,NA,NA
"MX1",NA,NA,NA,"2.17980246049381","2.03059147530972",NA,"3.31440414237753","3.2655228582362",NA,NA,NA,NA,NA,NA,"2.11003564948329","1.51572131846894",NA,NA,"3.09988578738846",NA,NA,"2.29854513822478",NA,"3.20408361781488","2.6497194338032",NA,NA,NA,NA,NA,NA,NA,NA,NA
"MX2",NA,NA,NA,NA,NA,NA,"1.75797487274674","1.13921765353308",NA,NA,NA,NA,NA,NA,"1.03403107771077","1.0661485874433",NA,NA,"1.56315372994655",NA,NA,"1.91086472705482",NA,"1.41959964984222",NA,NA,NA,NA,NA,NA,NA,NA,NA,NA
"MYB",NA,NA,NA,NA,NA,NA,NA,NA,NA,NA,NA,NA,NA,NA,NA,NA,NA,NA,NA,NA,NA,NA,NA,NA,NA,NA,"1.59478041260589",NA,NA,NA,NA,NA,NA,NA
"MYO1G",NA,NA,NA,NA,NA,NA,NA,NA,NA,NA,NA,NA,NA,NA,NA,NA,NA,NA,NA,NA,NA,NA,NA,NA,NA,NA,NA,"-1.34399418299914",NA,NA,NA,NA,NA,NA
"NCAPH2",NA,NA,NA,NA,NA,NA,"1.81282707103299","1.15583029434924",NA,NA,NA,NA,NA,NA,NA,NA,NA,NA,NA,NA,NA,"1.07144477142833",NA,NA,"1.05846540631319",NA,NA,NA,NA,NA,NA,NA,NA,NA
"NCF1",NA,NA,NA,NA,NA,NA,NA,NA,NA,NA,NA,NA,NA,NA,NA,NA,NA,NA,"1.07008949065915",NA,NA,"1.06326342756028",NA,NA,NA,NA,NA,NA,NA,"1.57400752478458",NA,NA,NA,NA
"NCF2",NA,NA,NA,NA,NA,NA,"1.36287233036598","1.06146524224838",NA,NA,NA,NA,NA,NA,NA,NA,NA,NA,NA,NA,NA,NA,NA,NA,NA,"1.14654081008997",NA,NA,NA,NA,NA,NA,NA,NA
"NCR3LG1",NA,NA,NA,NA,NA,NA,NA,"-1.3908541994239",NA,NA,NA,NA,NA,NA,NA,NA,NA,NA,NA,NA,NA,NA,NA,NA,NA,NA,NA,NA,NA,NA,NA,NA,NA,NA
"NEDD4",NA,NA,NA,NA,NA,NA,NA,NA,NA,NA,NA,NA,NA,NA,NA,NA,NA,NA,NA,NA,NA,NA,NA,NA,NA,NA,NA,NA,NA,NA,NA,"1.53874402830249",NA,NA
"NFAM1",NA,NA,NA,NA,NA,"1.07369189081423",NA,NA,NA,NA,NA,NA,NA,NA,NA,NA,NA,NA,NA,NA,NA,NA,NA,NA,NA,NA,NA,NA,NA,NA,NA,NA,NA,NA
"NFKB2",NA,NA,NA,NA,NA,NA,NA,NA,NA,NA,NA,NA,NA,NA,NA,NA,NA,NA,NA,NA,NA,NA,NA,NA,NA,NA,NA,NA,NA,"2.30034142735271",NA,NA,NA,NA
"NFKBIA",NA,NA,NA,NA,NA,"3.02825690999282","2.82900495818776","2.46066162669326","4.09140990074616","2.73057884641267","2.0735465562827",NA,NA,NA,"1.11614865602437",NA,NA,NA,NA,NA,NA,NA,NA,NA,"2.51018135474427","3.47849354109191","1.83021928314678","3.76344643282852",NA,"4.04031728860924",NA,"-2.3557115237564","-1.53792217460955","-1.48903390344708"
"NFKBID",NA,NA,NA,NA,NA,"1.04615860664704",NA,NA,NA,NA,"1.00939718639959",NA,NA,NA,NA,NA,NA,NA,NA,NA,NA,NA,NA,NA,NA,NA,NA,NA,NA,"2.03591568898493",NA,NA,NA,NA
"NKX2-3",NA,NA,NA,NA,NA,NA,NA,NA,NA,NA,NA,NA,NA,NA,NA,NA,NA,NA,NA,NA,NA,NA,NA,NA,NA,NA,NA,NA,NA,NA,NA,"4.69231243490182",NA,NA
"NLRC3",NA,NA,NA,NA,NA,NA,"-2.60306598757797","-1.73115403873178","-1.36651224581382",NA,NA,NA,NA,NA,NA,NA,NA,NA,NA,NA,NA,NA,NA,NA,"-1.28881201526199",NA,"-1.17530857831414","-1.19197424916279",NA,NA,NA,NA,NA,NA
"NLRC5",NA,NA,NA,NA,NA,NA,NA,NA,NA,NA,NA,NA,NA,NA,NA,NA,NA,NA,NA,NA,NA,NA,NA,"1.43589926050066",NA,NA,NA,NA,NA,"1.43971182528204",NA,NA,NA,NA
"NLRP6",NA,NA,NA,NA,NA,NA,NA,"1.04859247834516",NA,NA,NA,NA,NA,NA,NA,NA,NA,NA,NA,NA,NA,NA,NA,NA,NA,"2.24573208303941",NA,NA,NA,NA,NA,NA,NA,NA
"NLRP9","2.68695654972341",NA,NA,NA,NA,NA,NA,NA,NA,NA,"1.11667773039146",NA,NA,NA,NA,NA,NA,NA,NA,NA,NA,NA,NA,NA,NA,"1.58646701777641",NA,"1.39632122001935",NA,NA,NA,NA,NA,NA
"NOS2",NA,NA,NA,NA,NA,NA,NA,NA,NA,NA,NA,NA,NA,NA,NA,NA,NA,NA,NA,NA,NA,NA,NA,NA,"-4.90361377692101",NA,NA,NA,NA,NA,NA,NA,NA,NA
"NRARP",NA,NA,NA,NA,NA,NA,NA,NA,NA,NA,NA,NA,NA,NA,NA,NA,NA,NA,NA,NA,NA,NA,NA,NA,NA,NA,NA,NA,NA,NA,NA,"-1.37756779052528",NA,NA
"OAS2",NA,NA,NA,"1.79052339702357","1.73103567830445",NA,"3.16381863423058","2.93014711126848",NA,NA,NA,NA,NA,NA,"1.87408807029322","1.50033712148213",NA,NA,"2.28588268750929",NA,NA,"2.1847263267472",NA,"2.03803718299905","2.72199848230881",NA,NA,NA,NA,NA,NA,NA,NA,NA
"OTUD7B",NA,NA,NA,NA,NA,NA,"-1.93087479883751","-1.23878779857443","-1.43134085083457",NA,NA,NA,NA,NA,NA,NA,NA,NA,NA,NA,NA,NA,NA,NA,NA,NA,NA,NA,NA,NA,NA,NA,NA,NA
"PARP1",NA,NA,NA,NA,NA,NA,"-1.07658182733472",NA,NA,NA,NA,NA,"-1.21693481173056",NA,NA,NA,NA,NA,NA,NA,NA,NA,NA,NA,NA,"-1.18007328358532",NA,NA,NA,NA,NA,NA,NA,NA
"PARP9",NA,NA,NA,"1.59998224915784","1.58642563456096",NA,"2.78331005681223","2.50373304861375",NA,NA,NA,NA,NA,NA,"1.80963800939581","1.39257557903762",NA,NA,"1.82175108655734",NA,NA,"1.94314189578221",NA,"2.22490559023734","2.00331196126901","1.2738537723723",NA,"1.38575785779723",NA,"1.66901021436531",NA,NA,NA,NA
"PAX5",NA,NA,NA,NA,NA,NA,"-4.35417491381635",NA,"-4.32977744869784",NA,NA,NA,NA,NA,NA,NA,NA,NA,NA,NA,NA,NA,NA,NA,NA,NA,NA,NA,NA,NA,"-7.98303241300276",NA,NA,NA
"PBX1",NA,NA,NA,NA,NA,NA,NA,NA,NA,NA,NA,NA,NA,NA,NA,NA,NA,NA,NA,NA,NA,NA,"-1.16763254302436",NA,NA,NA,NA,NA,NA,NA,NA,NA,NA,NA
"PDE4B",NA,NA,NA,NA,NA,NA,NA,NA,NA,NA,NA,"1.86335992249572",NA,NA,"1.34743091426007",NA,NA,NA,NA,NA,NA,NA,NA,"1.08504466539054",NA,NA,NA,NA,NA,NA,NA,"-2.05045609106526",NA,NA
"PF4V1",NA,NA,NA,NA,NA,NA,NA,NA,NA,NA,NA,NA,NA,NA,NA,NA,NA,NA,NA,NA,NA,NA,"-2.1431247433801",NA,NA,NA,NA,NA,NA,NA,NA,NA,NA,NA
"PI3",NA,NA,NA,NA,NA,NA,NA,NA,"2.72883445138824",NA,NA,NA,NA,NA,NA,"-3.38672876085841",NA,"1.58654948036265",NA,NA,NA,"-2.66491535341393","-4.0295848713998",NA,NA,NA,NA,NA,NA,"2.2814413644644",NA,NA,NA,NA
"PIK3AP1",NA,NA,NA,NA,"1.06468517517612",NA,"1.8586454203849","1.55561625359027",NA,NA,NA,NA,NA,NA,"1.25979612649864",NA,NA,NA,NA,NA,NA,NA,NA,"1.04050265014888","1.26105348752801",NA,NA,NA,NA,"1.03406353988461",NA,NA,NA,NA
"PIK3R1",NA,NA,NA,NA,NA,NA,"-1.63018371533407","-1.30595701390572",NA,NA,NA,NA,NA,NA,NA,NA,NA,NA,NA,NA,NA,"-1.00314104264897",NA,NA,"-1.22504792549753",NA,"-1.0180483209029",NA,NA,NA,NA,NA,NA,NA
"PKNOX1",NA,NA,NA,NA,NA,NA,NA,NA,NA,NA,NA,NA,NA,NA,NA,NA,NA,NA,NA,NA,NA,NA,NA,NA,NA,"1.17613054704322",NA,NA,NA,NA,NA,NA,NA,NA
"PLCG1",NA,NA,NA,NA,NA,NA,"-2.67587173722506","-2.05513993811033","-1.5763080386241",NA,NA,NA,NA,NA,NA,NA,NA,NA,NA,NA,NA,NA,NA,NA,"-1.55751034252586","-1.54723352233421","-1.31666951844349","-1.44959593805713",NA,NA,NA,NA,NA,NA
"PLEKHM2",NA,NA,NA,NA,NA,NA,NA,NA,NA,NA,NA,NA,NA,NA,NA,NA,NA,NA,NA,NA,NA,NA,NA,NA,NA,NA,NA,NA,NA,"1.09418423781039",NA,NA,NA,NA
"PML",NA,NA,NA,"1.59549794647108","1.58086930851789",NA,"1.62882823612809","1.37757267123018",NA,NA,NA,NA,NA,NA,"1.76900144657427",NA,NA,NA,"1.71522479866227",NA,NA,NA,NA,"2.02369316110947","1.03201240786186",NA,NA,NA,NA,NA,NA,NA,NA,NA
"PPARG",NA,NA,NA,NA,NA,NA,"2.9434014787897","4.1644661606272","3.86239238732141",NA,NA,NA,NA,NA,NA,NA,NA,NA,NA,NA,NA,NA,NA,NA,"4.43790329617443","4.29879302734051","3.41764737561234","3.46742896232575",NA,"2.61854392613512",NA,NA,NA,NA
"PPP2CA",NA,NA,NA,NA,NA,NA,"1.06982580762855",NA,"1.18076107191539","1.06509288671022",NA,NA,NA,NA,NA,NA,NA,NA,NA,NA,NA,NA,NA,NA,NA,"1.12666742689046",NA,"1.08339831730328",NA,"1.33411397190992",NA,"-1.0016827809019",NA,NA
"PPP2R1A",NA,NA,NA,NA,NA,NA,NA,NA,NA,NA,NA,NA,NA,NA,NA,NA,NA,NA,NA,NA,NA,NA,NA,NA,NA,NA,NA,"-1.14823302065885",NA,NA,NA,NA,NA,NA
"PRDX2",NA,NA,NA,NA,NA,NA,NA,NA,NA,NA,NA,NA,NA,NA,NA,NA,NA,NA,NA,NA,NA,NA,NA,"-1.09011634430301",NA,"-1.15359141034112",NA,"-1.34088436260755",NA,NA,NA,NA,NA,NA
"PRF1",NA,NA,NA,NA,NA,NA,"-2.7051955304676",NA,"-1.78810745346303",NA,NA,NA,NA,NA,NA,NA,NA,NA,NA,NA,NA,NA,NA,"-1.23360106246612","-1.04743175482522",NA,"-1.25739484873159","-2.32489548764381",NA,NA,NA,NA,NA,NA
"PRKCD",NA,NA,NA,NA,NA,NA,"1.46668169345111","1.00844756912461","1.39705281768972",NA,NA,NA,NA,NA,NA,NA,NA,NA,NA,NA,NA,NA,NA,NA,NA,"1.0347214444881",NA,NA,NA,"1.18100812123605",NA,NA,NA,NA
"PRKCE",NA,NA,NA,NA,NA,NA,NA,"1.86115288249733",NA,NA,NA,NA,NA,NA,NA,NA,NA,NA,NA,NA,NA,NA,NA,NA,"1.52502592097239","2.14724888454917",NA,"1.13760347105349",NA,"1.34435479379525",NA,NA,NA,NA
"PRKCQ",NA,NA,NA,NA,NA,NA,"-1.29301587497062","-1.41720099398434",NA,NA,NA,NA,NA,NA,NA,NA,NA,NA,NA,NA,NA,NA,NA,NA,NA,NA,NA,NA,NA,NA,NA,NA,NA,NA
"PRKDC",NA,NA,NA,NA,NA,NA,NA,NA,NA,NA,NA,NA,NA,NA,NA,NA,NA,NA,NA,NA,NA,NA,NA,NA,NA,"1.94282307917309",NA,NA,NA,"1.24398676278277",NA,NA,NA,NA
"PRTN3",NA,NA,NA,NA,"1.4835940732289",NA,NA,"4.52484602831199",NA,NA,NA,NA,NA,NA,NA,NA,NA,"2.13297723386886",NA,NA,NA,NA,NA,NA,NA,NA,"4.48469414883194",NA,NA,NA,NA,NA,NA,NA
"PSMB10",NA,NA,NA,NA,NA,NA,NA,NA,NA,NA,NA,NA,NA,NA,NA,NA,NA,NA,NA,NA,NA,NA,NA,NA,NA,NA,NA,"-1.18439236077018",NA,"1.22618413760399",NA,NA,NA,NA
"PSMB11",NA,NA,NA,NA,NA,NA,NA,NA,NA,NA,NA,NA,NA,NA,NA,"-1.82753981844815",NA,NA,NA,NA,NA,NA,NA,NA,NA,NA,NA,NA,NA,NA,NA,NA,NA,NA
"PSMB8",NA,NA,NA,NA,NA,NA,"1.51001066110902","1.15895168522225",NA,NA,NA,NA,NA,NA,NA,NA,NA,NA,NA,NA,NA,NA,NA,NA,NA,NA,NA,NA,NA,"1.41826664133488",NA,NA,NA,NA
"PSME1",NA,NA,NA,NA,NA,NA,"1.52376002585223",NA,NA,NA,NA,NA,NA,NA,NA,NA,NA,NA,NA,NA,NA,NA,NA,NA,NA,NA,NA,NA,NA,"1.09823514946092",NA,NA,NA,NA
"PTGDS",NA,NA,NA,NA,NA,NA,"-3.90325656558603",NA,NA,NA,NA,NA,NA,NA,NA,NA,NA,NA,NA,NA,NA,NA,NA,NA,NA,NA,NA,"-2.96451454976375",NA,NA,NA,NA,NA,NA
"PTK2",NA,NA,NA,NA,NA,NA,NA,NA,"-1.07826534268157",NA,NA,NA,"-1.35297483303788",NA,NA,NA,NA,NA,NA,NA,NA,NA,NA,NA,NA,NA,NA,NA,NA,NA,NA,NA,NA,NA
"PTX3",NA,NA,NA,NA,NA,"1.9215646103734",NA,"1.71486988262045",NA,NA,NA,NA,NA,NA,NA,NA,NA,NA,NA,NA,NA,NA,"-1.22526218577929",NA,"1.92761090263445",NA,NA,"2.16788655793197",NA,"4.08611841336727",NA,"-2.97096647744229","-1.46211402053384","-1.27918525817507"
"PURA",NA,NA,NA,NA,NA,"-1.08545267594411","-1.73270823035252","-1.29239196600438","-1.64209874192438",NA,NA,NA,NA,NA,NA,NA,NA,NA,NA,NA,NA,NA,NA,NA,NA,"-1.12920596649086",NA,NA,NA,NA,NA,NA,NA,NA
"PYHIN1",NA,NA,NA,NA,NA,NA,"-3.13223356572679","-1.62123638356615",NA,NA,NA,NA,NA,NA,NA,NA,NA,NA,NA,NA,NA,NA,NA,NA,"-1.18903935129527",NA,"-1.06551119137601",NA,NA,NA,NA,NA,NA,NA
"RAB27A",NA,NA,NA,NA,NA,NA,NA,NA,NA,NA,NA,NA,NA,NA,NA,NA,NA,NA,NA,NA,NA,NA,NA,NA,NA,"1.08107546413019",NA,NA,NA,NA,NA,NA,NA,NA
"RAB3B",NA,NA,NA,NA,NA,NA,NA,"-2.20057447514798",NA,NA,NA,NA,NA,NA,NA,NA,NA,NA,NA,NA,NA,NA,NA,NA,NA,NA,NA,NA,NA,NA,NA,"1.13971258296649",NA,NA
"RAB43",NA,NA,NA,NA,NA,"1.33803695021477",NA,NA,NA,NA,"1.47903881755065",NA,NA,NA,NA,NA,NA,NA,NA,"2.37876119117684",NA,"2.27734668574632",NA,NA,NA,"1.46776809719097",NA,"1.21109040708801",NA,NA,NA,NA,NA,NA
"RAG1",NA,NA,NA,NA,NA,NA,"-2.05749977598808","-1.38480244762782","-2.0023299215838",NA,NA,NA,NA,NA,NA,NA,NA,NA,NA,NA,NA,NA,NA,NA,NA,NA,"-1.05801027598944",NA,NA,NA,NA,NA,NA,NA
"RAP1GAP",NA,NA,NA,NA,NA,"2.61923994482002",NA,NA,"2.38230015602826",NA,"2.78927956404975","4.94180113219643",NA,NA,NA,NA,NA,NA,NA,NA,NA,NA,"-1.06522289380397",NA,NA,"2.2602834753536",NA,NA,NA,"2.27653592606076",NA,NA,NA,NA
"RAPGEF3",NA,NA,NA,NA,NA,"1.13105530086497",NA,NA,NA,NA,NA,NA,NA,NA,NA,NA,NA,NA,NA,NA,NA,NA,NA,NA,NA,NA,NA,NA,NA,"1.78373059105356",NA,NA,NA,NA
"RASGRP1",NA,NA,NA,NA,NA,NA,"-2.86150762987551","-2.09771403264205","-1.49756607828958",NA,NA,NA,NA,NA,NA,NA,NA,NA,NA,NA,NA,NA,NA,NA,"-1.40405630343931","-1.63147931180355","-1.13999623567046",NA,NA,NA,NA,NA,NA,NA
"RBPJ",NA,NA,NA,NA,NA,NA,NA,NA,NA,NA,NA,NA,NA,NA,NA,NA,NA,NA,NA,NA,NA,NA,NA,NA,NA,"1.34760259293886",NA,"1.34540196674949",NA,NA,NA,NA,NA,NA
"RC3H1",NA,NA,NA,NA,NA,NA,"1.00026462545893","1.0545355805706",NA,NA,NA,NA,NA,NA,NA,NA,NA,NA,NA,NA,NA,NA,NA,NA,NA,"1.13114407644758",NA,"1.03147657444138",NA,NA,NA,NA,NA,NA
"RELA",NA,NA,NA,NA,NA,NA,NA,NA,NA,NA,NA,NA,NA,NA,NA,NA,NA,NA,NA,NA,NA,NA,NA,NA,NA,NA,NA,NA,NA,"1.40648696438786",NA,NA,NA,NA
"RELB",NA,NA,NA,NA,NA,NA,"1.89310039996515",NA,NA,NA,NA,NA,NA,NA,NA,NA,NA,NA,NA,NA,NA,NA,NA,NA,NA,NA,NA,NA,NA,"1.78744568729617",NA,"-1.02705239139637",NA,NA
"RHOA",NA,NA,NA,NA,NA,NA,"1.01786213572995",NA,"1.07956886754848",NA,NA,NA,NA,NA,NA,NA,NA,NA,NA,NA,NA,NA,NA,NA,NA,"1.20548427861512",NA,NA,NA,NA,NA,NA,NA,NA
"RIGI",NA,NA,NA,"1.70148659741338","1.61011142401832",NA,NA,NA,NA,NA,NA,NA,NA,NA,"1.87791263721382",NA,NA,NA,"2.53208473818817",NA,NA,NA,NA,"2.36864335691891",NA,NA,NA,NA,NA,NA,NA,NA,NA,NA
"RNASE2",NA,NA,NA,NA,NA,NA,"2.76131268152256","2.85105973600863",NA,NA,NA,NA,NA,NA,NA,"1.12667251419393",NA,NA,NA,NA,NA,NA,NA,NA,"3.29793358437332",NA,"2.57868062518078","2.17660121741649",NA,NA,NA,NA,NA,NA
"RNASE3",NA,NA,NA,NA,NA,NA,"2.89477384079376","3.63873186335543",NA,NA,NA,NA,NA,NA,NA,NA,NA,NA,NA,NA,NA,NA,NA,NA,"2.56890282444563",NA,"4.86696062307018","3.39886453766033",NA,NA,NA,NA,NA,NA
"RNF135",NA,NA,NA,NA,NA,NA,"2.50549724757541","1.98768416629486","1.55191554928266",NA,NA,NA,NA,NA,NA,NA,NA,NA,NA,NA,NA,NA,NA,NA,"1.62470930545481","1.60401289241753",NA,"1.11931882174559",NA,NA,NA,NA,NA,NA
"RNF19B",NA,NA,NA,NA,NA,NA,"1.32316836164862",NA,NA,NA,NA,NA,NA,NA,NA,NA,NA,NA,NA,NA,NA,NA,NA,NA,NA,NA,NA,NA,NA,"1.9099399369375",NA,"-1.56309986203386",NA,NA
"RORA",NA,NA,NA,NA,NA,NA,"-3.14949180376803","-2.11896613660543",NA,NA,NA,NA,NA,NA,NA,NA,NA,NA,NA,NA,NA,NA,NA,NA,"-1.20433149880641",NA,"-1.17732721086023",NA,NA,NA,NA,NA,NA,NA
"RORC",NA,NA,NA,NA,NA,NA,"-3.20948021492897","-3.63671648257568","-2.76199317413769","-1.87861204957347",NA,NA,"-2.47114327292296","-2.4303806604802",NA,NA,NA,NA,NA,"-1.14640589793113",NA,NA,NA,NA,"-1.43450960391819","-2.79805862843017","-1.37093237448333","-2.19779909650417",NA,"-2.42923397780826",NA,NA,NA,NA
"RPL22",NA,NA,NA,NA,NA,NA,"-1.57339580762066","-1.33697172562073","-1.04432524034615",NA,NA,NA,NA,NA,NA,NA,NA,NA,NA,NA,NA,NA,NA,NA,"-1.07933923582548","-1.28975883538843",NA,NA,NA,NA,NA,NA,NA,NA
"RPS19",NA,NA,NA,NA,NA,NA,NA,NA,NA,NA,NA,NA,NA,"1.16569748764865",NA,NA,NA,NA,NA,NA,NA,NA,NA,NA,NA,NA,NA,NA,NA,NA,NA,NA,NA,NA
"RPS6",NA,NA,NA,NA,NA,NA,"-1.27838538192747",NA,NA,NA,NA,NA,NA,NA,NA,NA,NA,NA,NA,NA,NA,NA,NA,NA,NA,NA,NA,NA,NA,NA,NA,NA,NA,NA
"RPS6KA3",NA,NA,NA,NA,NA,NA,NA,NA,NA,NA,NA,NA,NA,NA,NA,NA,NA,NA,NA,NA,NA,NA,NA,NA,NA,"1.18992117145983",NA,NA,NA,NA,NA,NA,NA,NA
"S100A12",NA,NA,NA,NA,NA,NA,"2.2066996492104","2.7603328056186","2.54502116957063","1.71275425785757","2.75659879683405",NA,NA,NA,NA,NA,NA,NA,NA,NA,NA,NA,NA,NA,"2.22013735543299","3.99473695910532","2.61680300726018","3.53317524063576",NA,"2.8228362038449",NA,NA,NA,NA
"S1PR1",NA,NA,NA,NA,NA,"-1.13445789703505","-2.95589785335741","-1.63942841537078","-2.93929159850068","-1.7893619786984",NA,NA,"-2.4158905968258",NA,NA,NA,NA,NA,NA,NA,NA,NA,NA,NA,"-1.55496463172818","-2.28777215350418","-1.87159935651761","-2.13606223537395",NA,"-1.70880481122106",NA,NA,NA,NA
"SARM1",NA,NA,NA,NA,NA,NA,"-1.89078884586562","-1.04915179603473",NA,NA,NA,NA,NA,NA,NA,NA,NA,NA,NA,NA,NA,NA,NA,NA,NA,NA,NA,NA,NA,NA,NA,NA,NA,NA
"SCG2",NA,NA,NA,NA,NA,NA,NA,"2.61005899615184",NA,NA,NA,NA,NA,NA,NA,NA,NA,NA,NA,NA,NA,NA,NA,NA,NA,NA,NA,NA,NA,NA,NA,NA,NA,NA
"SCIMP",NA,NA,NA,NA,NA,NA,NA,NA,NA,NA,NA,NA,NA,NA,NA,"1.16196823369344",NA,NA,NA,NA,NA,"1.00949785227338",NA,"1.00160945145741",NA,NA,NA,NA,NA,NA,NA,NA,NA,NA
"SCNN1B",NA,NA,NA,NA,NA,NA,NA,NA,NA,NA,NA,NA,NA,NA,NA,NA,NA,"2.50700765494978",NA,NA,NA,NA,"1.86066757743428",NA,NA,NA,NA,NA,NA,NA,NA,"4.57870037259782",NA,NA
"SFTPD",NA,NA,NA,NA,NA,NA,NA,NA,NA,NA,NA,NA,NA,NA,NA,NA,NA,"-1.1205467254682",NA,NA,NA,NA,NA,NA,"-2.92025912396822","-2.96276628395024","-1.70780004862154","-2.32930140729117",NA,NA,NA,NA,NA,NA
"SIRT2",NA,NA,NA,NA,NA,NA,NA,NA,NA,NA,NA,NA,NA,NA,NA,NA,NA,NA,NA,NA,NA,NA,NA,NA,NA,NA,NA,NA,NA,"1.08849250261468",NA,NA,NA,NA
"SKAP1",NA,NA,NA,NA,NA,NA,"-2.72285354967593","-1.45289239539062",NA,NA,NA,NA,NA,NA,NA,NA,NA,NA,NA,NA,NA,NA,NA,NA,"-1.20164285788823",NA,"-1.01538604278347",NA,NA,NA,NA,NA,NA,NA
"SKIL",NA,NA,NA,NA,NA,NA,"1.16739908763416",NA,NA,NA,NA,NA,NA,NA,NA,NA,NA,NA,NA,NA,NA,NA,NA,NA,NA,"1.37842358218009",NA,"1.45975168024871",NA,"1.28479612274139",NA,NA,NA,NA
"SLC11A1",NA,NA,NA,NA,NA,"1.58749788317873",NA,NA,"1.35350000605738",NA,NA,NA,NA,NA,NA,NA,NA,NA,NA,NA,NA,NA,NA,NA,NA,"1.83529903966663","1.04492758529494",NA,NA,NA,NA,NA,NA,NA
"SLC12A2",NA,NA,NA,NA,NA,NA,"-1.46069364089157",NA,"-1.01759819244089",NA,NA,NA,NA,NA,NA,NA,NA,NA,NA,NA,NA,NA,NA,NA,NA,NA,NA,NA,NA,NA,NA,NA,NA,NA
"SLC15A3",NA,NA,NA,NA,NA,"1.32433734617372",NA,NA,NA,NA,"1.06046761942126",NA,NA,NA,NA,NA,NA,NA,NA,NA,NA,NA,NA,NA,NA,NA,NA,NA,NA,"2.48988875582848",NA,NA,NA,NA
"SLC15A4",NA,NA,NA,NA,NA,NA,"1.46725527065672","1.47346128464844","1.73001864785764",NA,NA,NA,NA,NA,NA,NA,NA,NA,NA,NA,NA,NA,NA,NA,"1.15297518441206","1.88133428127385",NA,"1.74502803527511",NA,"2.26973508051416",NA,NA,NA,NA
"SLC18A2",NA,NA,NA,NA,NA,"1.35367775264099",NA,NA,"1.54196661849938","1.24332664629198","1.52320762388545",NA,NA,NA,NA,NA,NA,NA,NA,NA,NA,NA,NA,NA,NA,"1.48743385851764","1.36186484243799","1.3570175752283",NA,NA,NA,NA,NA,NA
"SLC30A8",NA,NA,NA,NA,NA,NA,NA,NA,NA,NA,NA,NA,NA,NA,NA,NA,NA,NA,NA,NA,NA,NA,NA,NA,NA,NA,NA,NA,NA,NA,NA,"2.83384616589671",NA,NA
"SMAD3",NA,NA,NA,NA,NA,NA,NA,"-1.05259135696161",NA,NA,NA,NA,NA,NA,NA,NA,NA,NA,NA,NA,NA,NA,NA,NA,NA,NA,NA,NA,NA,NA,NA,NA,NA,NA
"SNAP23",NA,NA,NA,NA,NA,NA,NA,NA,"1.0107909036009",NA,NA,NA,NA,NA,NA,NA,NA,NA,NA,NA,NA,NA,NA,NA,NA,NA,NA,NA,NA,NA,NA,NA,NA,NA
"SNCA",NA,NA,NA,NA,NA,NA,NA,NA,NA,NA,NA,"4.05262265952152",NA,NA,NA,NA,NA,NA,NA,NA,NA,NA,"-1.35691198020791",NA,NA,NA,"1.55279864861209",NA,"2.77304472137928",NA,NA,NA,NA,NA
"SOS2",NA,NA,NA,NA,NA,NA,"1.20772182427551","1.0198181737871","1.47703193229199",NA,NA,NA,NA,NA,NA,NA,NA,NA,NA,NA,NA,NA,NA,NA,NA,"1.62271541947473",NA,"1.50765017295311",NA,"1.01632044552826",NA,NA,NA,NA
"SOX4",NA,NA,NA,NA,NA,"1.25083493400807",NA,NA,NA,NA,NA,NA,NA,NA,NA,NA,NA,NA,NA,NA,NA,NA,NA,NA,NA,NA,NA,NA,NA,NA,NA,NA,NA,NA
"SP100",NA,NA,NA,NA,NA,NA,"1.68021500997705","1.38464152896856",NA,NA,NA,NA,NA,NA,NA,NA,NA,NA,"1.05386348425173",NA,NA,NA,NA,"1.06122647758045","1.30642540087345","1.10552415377073",NA,"1.10673796267043",NA,NA,NA,NA,NA,NA
"SPACA3",NA,NA,NA,NA,NA,NA,NA,NA,NA,NA,NA,NA,NA,NA,NA,NA,NA,"1.38834469095419",NA,NA,NA,NA,"1.89743694069953",NA,NA,NA,NA,NA,NA,NA,NA,NA,NA,NA
"SPI1",NA,NA,NA,NA,NA,NA,"1.384642317982",NA,NA,NA,NA,NA,NA,NA,NA,NA,NA,NA,NA,NA,NA,NA,NA,NA,NA,NA,NA,NA,NA,"1.19274181964546",NA,NA,NA,NA
"SPIRE1",NA,NA,NA,NA,NA,NA,"-1.08311028998142",NA,NA,NA,NA,NA,NA,NA,NA,NA,NA,NA,NA,NA,NA,NA,NA,NA,NA,NA,NA,NA,NA,NA,NA,NA,NA,NA
"SPN",NA,NA,NA,NA,NA,NA,"-2.33971460598542","-1.76695082017486","-1.70338973277942","-1.26176926164522",NA,NA,NA,NA,NA,NA,NA,NA,NA,NA,NA,NA,NA,NA,"-1.37997509552176","-1.89514760287992",NA,"-2.00779495563238",NA,"-1.0315535024436",NA,NA,NA,NA
"SPNS2",NA,NA,NA,NA,NA,NA,"-1.98150041267359",NA,NA,NA,NA,NA,NA,NA,NA,NA,NA,NA,NA,NA,NA,NA,NA,NA,"-1.29207638135847",NA,NA,"-1.63253225065506",NA,NA,NA,"1.14956557701952",NA,NA
"SRC",NA,NA,NA,NA,NA,NA,NA,NA,NA,NA,NA,NA,NA,NA,NA,"1.13258372890015",NA,NA,NA,NA,NA,NA,NA,NA,NA,"-1.62822082220006",NA,"-2.09596445387726",NA,NA,NA,NA,NA,NA
"SRF",NA,NA,NA,NA,NA,NA,NA,NA,"1.28873021057047",NA,NA,NA,NA,NA,NA,NA,NA,NA,NA,NA,NA,NA,NA,NA,NA,NA,NA,NA,NA,NA,NA,NA,NA,NA
"SSC5D",NA,NA,NA,NA,NA,NA,NA,NA,NA,NA,NA,NA,NA,NA,NA,NA,NA,NA,NA,NA,NA,NA,NA,NA,NA,NA,NA,NA,NA,NA,NA,"2.08023228982465",NA,NA
"STAT1",NA,NA,NA,"1.7669770174703","1.73067522944179",NA,NA,"1.38877202284867",NA,NA,NA,NA,NA,NA,"1.9701187020677","1.34216932377509",NA,NA,"1.70606301563535",NA,NA,"1.71382604327787",NA,"2.43271451601046",NA,NA,NA,NA,NA,"1.92110289227036",NA,NA,NA,NA
"STAT2",NA,NA,NA,"1.65890003000679","1.63086068350956",NA,"2.07191121374897","1.6937113369519",NA,NA,NA,NA,NA,NA,"1.83732216267663",NA,NA,NA,"1.89720643149312",NA,NA,"1.64108860871204",NA,"2.23715737623384","1.42234265400997",NA,NA,NA,NA,NA,NA,NA,NA,NA
"STAT3",NA,NA,NA,NA,NA,NA,NA,"1.00621198800988",NA,NA,NA,NA,NA,NA,NA,NA,NA,NA,NA,NA,NA,NA,NA,NA,NA,"1.00962387524026",NA,NA,NA,NA,NA,NA,NA,NA
"STAT5B",NA,NA,NA,NA,NA,NA,"1.05346325212543",NA,"1.33106130699317",NA,NA,NA,NA,NA,NA,NA,NA,NA,NA,NA,NA,NA,NA,NA,NA,"1.17690126773078",NA,NA,NA,NA,NA,NA,NA,NA
"STXBP1",NA,NA,NA,NA,NA,NA,"-2.43499635592156","-2.06849816126124",NA,NA,NA,NA,NA,NA,NA,NA,NA,NA,NA,NA,NA,NA,NA,NA,"-1.27257373533563","-1.524282528368",NA,"-1.17259216741323",NA,NA,NA,NA,NA,NA
"STXBP3",NA,NA,NA,NA,NA,NA,"1.22243030359445",NA,NA,NA,NA,NA,NA,NA,NA,NA,NA,NA,NA,NA,NA,NA,NA,NA,NA,"1.24366540677114",NA,NA,NA,NA,NA,NA,NA,NA
"STXBP4",NA,NA,NA,NA,NA,NA,"-2.2756715767886","-1.43489150060119","-1.7610702223219",NA,NA,NA,NA,NA,NA,NA,NA,NA,NA,NA,NA,NA,NA,NA,NA,"-2.05783424174955",NA,NA,NA,"-1.0467877079722",NA,NA,NA,NA
"SUSD4",NA,NA,NA,NA,NA,NA,NA,"-2.39063273630667",NA,NA,NA,NA,NA,NA,"-1.05368263395195",NA,NA,NA,NA,NA,NA,NA,NA,NA,"-2.23999665423492","-3.0383717269762",NA,NA,NA,NA,NA,NA,NA,NA
"TAP1",NA,NA,NA,"1.39136575716756","1.37183502338509",NA,"1.61895686507526","1.60239531464539",NA,NA,NA,NA,NA,NA,"1.6565465443769",NA,NA,NA,"1.11413642290348",NA,NA,"1.23731668896819",NA,"1.63912368433749","1.07569847854816",NA,NA,NA,NA,"1.90646851561632",NA,NA,NA,NA
"TAP2",NA,NA,NA,"1.17246060602505","1.14076756142343",NA,NA,NA,NA,NA,NA,NA,NA,NA,"1.31423529277821",NA,NA,NA,"1.26534571871614",NA,NA,NA,NA,"1.39432916184361",NA,NA,NA,NA,NA,NA,NA,NA,NA,NA
"TARM1",NA,NA,NA,NA,NA,NA,"3.45766654917647","3.98914574354644","3.51675137640562",NA,NA,NA,NA,NA,"1.73740603105858",NA,NA,NA,NA,NA,NA,NA,NA,NA,"2.59883868942371","2.86553229873599","4.63999628198515","3.20903920915246",NA,"2.85329305225089",NA,"3.24661670508279",NA,NA
"TBKBP1",NA,NA,NA,NA,NA,NA,"1.61917201189078","1.33998160817945","1.62108650579525",NA,NA,NA,NA,NA,NA,NA,NA,NA,NA,NA,NA,NA,NA,NA,NA,"1.27223919980906","1.16461873233488",NA,NA,"1.09167769319256",NA,NA,NA,NA
"TCF7",NA,NA,NA,NA,NA,NA,"-3.83121697043587","-2.74493208375931","-2.6542730423523",NA,NA,NA,NA,NA,NA,NA,NA,NA,NA,NA,NA,NA,NA,NA,"-2.08253394681654","-3.18055461658282","-2.01902302031703","-2.22521191803078",NA,NA,NA,NA,NA,NA
"TESPA1",NA,NA,NA,NA,NA,NA,"-3.24787053945162","-2.48490464233624","-2.16801621678697",NA,NA,NA,NA,NA,NA,NA,NA,NA,NA,NA,NA,NA,NA,NA,"-1.66733994580906","-2.64513026112704","-1.62108214502669","-1.61876630355176",NA,"-1.58873520352446",NA,NA,NA,NA
"TFE3",NA,NA,NA,NA,NA,NA,"1.21680392185361",NA,NA,NA,NA,NA,NA,NA,NA,NA,NA,NA,NA,NA,NA,NA,NA,NA,NA,NA,NA,NA,NA,NA,NA,NA,NA,NA
"TFEB",NA,NA,NA,NA,NA,NA,"1.58725345792623","1.1945285678064",NA,NA,NA,NA,NA,NA,NA,NA,NA,NA,NA,NA,NA,NA,NA,NA,NA,NA,NA,NA,NA,"1.10454844799478",NA,NA,NA,NA
"THEMIS",NA,NA,NA,NA,NA,NA,"-3.8146726440616","-2.73395185461293","-1.68713393425863",NA,NA,NA,NA,NA,NA,NA,NA,NA,NA,NA,NA,NA,NA,NA,"-1.62057818611988","-1.58699719499974","-1.11579100599249",NA,NA,NA,NA,NA,NA,NA
"THEMIS2",NA,NA,NA,NA,NA,NA,NA,NA,NA,NA,NA,NA,NA,NA,NA,NA,NA,NA,NA,NA,NA,NA,NA,NA,NA,"1.0680947310179",NA,NA,NA,NA,NA,NA,NA,NA
"TICAM1",NA,NA,NA,NA,NA,NA,NA,NA,NA,NA,NA,NA,NA,NA,NA,NA,NA,NA,NA,NA,NA,NA,NA,NA,NA,NA,NA,NA,NA,"1.98009556191058",NA,"-1.44899299504271",NA,NA
"TLR4",NA,NA,NA,NA,NA,NA,NA,"1.37503048971679",NA,NA,NA,NA,NA,NA,NA,NA,NA,NA,NA,NA,NA,NA,NA,NA,"1.05778904087818",NA,NA,NA,NA,NA,NA,NA,NA,NA
"TMEM229B",NA,NA,NA,NA,NA,NA,NA,NA,"-1.13459953659192",NA,NA,NA,NA,NA,NA,NA,NA,NA,NA,NA,NA,NA,NA,NA,NA,"-1.38480403547228",NA,"-1.61841742253862",NA,NA,NA,NA,NA,NA
"TMEM33",NA,NA,NA,NA,NA,NA,NA,NA,NA,NA,NA,NA,NA,NA,NA,NA,NA,NA,NA,NA,NA,NA,NA,NA,NA,"1.0873062552202",NA,"1.02789585234214",NA,NA,NA,NA,NA,NA
"TNFAIP3",NA,NA,NA,NA,NA,"2.08359430289564",NA,NA,NA,NA,"1.68441065140485",NA,NA,NA,"1.01914925139892",NA,NA,NA,NA,NA,NA,NA,NA,"1.01866067826626",NA,"2.51061374663467",NA,"2.51486282088333",NA,"4.19043878567513",NA,"-2.39600853825225",NA,"-1.16320798645915"
"TNFRSF17",NA,NA,NA,NA,NA,NA,NA,"3.41878926094835",NA,NA,NA,NA,NA,NA,NA,NA,"2.39059241509108","2.75551873428102",NA,NA,NA,NA,"2.0268899921165",NA,"3.58113480485812",NA,NA,"2.78588374626725",NA,NA,NA,NA,NA,NA
"TNFRSF4",NA,NA,NA,NA,NA,NA,NA,NA,NA,NA,NA,NA,NA,NA,NA,NA,NA,NA,NA,NA,NA,"2.07435228134502",NA,NA,NA,NA,"-1.704344272795",NA,NA,NA,NA,NA,NA,NA
"TNFSF4",NA,NA,NA,NA,NA,NA,NA,NA,NA,NA,NA,NA,NA,NA,NA,NA,NA,NA,NA,NA,NA,NA,"-1.0000328717333",NA,NA,NA,NA,NA,NA,NA,NA,NA,NA,NA
"TOX",NA,NA,NA,NA,NA,NA,"-2.52219736761564","-1.43820920797612",NA,NA,NA,NA,NA,NA,NA,NA,NA,NA,NA,NA,NA,NA,NA,NA,"-1.29300727919905",NA,"-1.09521990071456",NA,NA,NA,NA,NA,NA,NA
"TPD52",NA,NA,NA,NA,NA,NA,"-2.28736273701822",NA,NA,NA,NA,NA,NA,NA,NA,NA,NA,NA,NA,NA,NA,NA,NA,NA,NA,NA,NA,"1.22491383111241",NA,NA,NA,NA,NA,NA
"TRAF2",NA,NA,NA,NA,NA,NA,NA,NA,NA,NA,NA,NA,NA,NA,NA,NA,NA,NA,NA,NA,NA,NA,NA,NA,NA,NA,NA,"-1.8743709834753",NA,NA,NA,NA,NA,NA
"TREML1",NA,NA,NA,NA,NA,NA,NA,"1.69819333640913",NA,"1.95822135617562",NA,NA,NA,"1.97284723339086",NA,NA,NA,NA,NA,NA,NA,"-1.23932867551837","-1.93971391329151",NA,NA,"1.50537007687151","1.56085843525334","1.61561022964993",NA,"1.7075697457899",NA,NA,NA,NA
"TREML4",NA,NA,NA,NA,NA,NA,NA,NA,NA,NA,NA,NA,NA,NA,NA,NA,NA,NA,NA,NA,NA,NA,"-1.00530272530465",NA,NA,"1.63935950717534",NA,NA,NA,NA,NA,NA,NA,NA
"TRIL",NA,NA,NA,NA,NA,NA,NA,NA,NA,NA,NA,NA,NA,NA,NA,NA,NA,NA,NA,NA,NA,NA,NA,NA,NA,NA,NA,NA,NA,NA,NA,"2.89871540218277",NA,NA
"TRIM21",NA,NA,NA,"1.01685718094747",NA,NA,"1.91094269897555","1.48720535556691",NA,NA,NA,NA,NA,NA,"1.17073025141659",NA,NA,NA,"1.08719716409335",NA,NA,NA,NA,"1.40379838906727",NA,NA,NA,NA,NA,NA,NA,NA,NA,NA
"TRIM22",NA,NA,NA,"1.7538950300394","1.69928225629705",NA,"2.7276053583849","2.77432252321782",NA,NA,NA,NA,NA,NA,"1.93052538340533",NA,NA,NA,"2.02302233684438",NA,NA,"1.42542747200149",NA,"2.41916405417995","2.3599613489735","2.19653749218345",NA,"1.59170573575742",NA,"1.94604144720602",NA,NA,NA,NA
"TRIM40",NA,NA,NA,NA,NA,NA,NA,NA,NA,NA,NA,NA,NA,NA,NA,NA,NA,NA,NA,NA,NA,"-1.1536840735243","-1.48745592824075",NA,"1.84211818199732",NA,NA,NA,NA,NA,NA,NA,NA,NA
"TRIM49D1",NA,NA,NA,NA,NA,NA,NA,NA,NA,NA,NA,NA,NA,NA,NA,NA,NA,NA,NA,NA,NA,NA,NA,NA,NA,NA,NA,NA,NA,NA,NA,"1.93827255112601",NA,NA
"TRIM58",NA,NA,NA,NA,NA,NA,NA,NA,NA,NA,NA,NA,NA,NA,NA,NA,NA,NA,NA,NA,NA,NA,"-1.30596428664703",NA,NA,NA,NA,NA,NA,NA,NA,NA,NA,NA
"TRIM59",NA,NA,NA,NA,NA,NA,"-1.08640731794749",NA,NA,NA,NA,NA,NA,NA,NA,NA,NA,NA,NA,NA,NA,NA,NA,NA,NA,NA,NA,NA,NA,NA,NA,NA,NA,NA
"TRIM64B",NA,NA,NA,NA,NA,NA,"-6.97129156329358","-7.07333277774934","-6.74619785096365","-4.76067639172261",NA,NA,NA,NA,NA,NA,NA,NA,NA,NA,NA,NA,NA,NA,"-6.26596854707354","-6.84555688521707","-2.29147896940658","-6.95438380111841",NA,"-6.58244041756234",NA,NA,NA,NA
"TRIM65",NA,NA,NA,NA,NA,NA,"-1.25733238673339",NA,NA,NA,NA,NA,NA,NA,NA,NA,NA,NA,NA,NA,NA,NA,NA,NA,NA,NA,NA,NA,NA,NA,NA,NA,NA,NA
"TRIM68",NA,NA,NA,NA,NA,NA,NA,NA,"-1.78083034044053",NA,NA,NA,"-1.41198081550459","-1.17686012822481",NA,NA,NA,NA,NA,NA,NA,NA,NA,NA,NA,"-1.22412445896365",NA,"-1.05449051175713",NA,NA,NA,NA,NA,NA
"TUBB4B",NA,NA,NA,NA,NA,"1.14669984700751",NA,NA,"1.69445427608037","1.16277852617004",NA,NA,NA,NA,NA,NA,NA,NA,NA,NA,NA,NA,NA,NA,NA,"1.47398806733985",NA,NA,NA,"1.45807247518938",NA,NA,NA,NA
"TXK",NA,NA,NA,NA,NA,NA,"-2.51737038697114","-1.17756602740577",NA,NA,NA,NA,NA,NA,NA,NA,NA,NA,NA,NA,NA,NA,NA,NA,NA,NA,"-1.05925709492968","-1.11516259112463",NA,"-1.39131942645632",NA,NA,NA,NA
"TYRO3",NA,NA,NA,NA,NA,NA,NA,NA,NA,NA,NA,NA,NA,NA,NA,NA,NA,NA,NA,NA,NA,NA,NA,"2.8730417976861","2.88260523000841",NA,NA,NA,NA,NA,NA,NA,NA,NA
"UBA7",NA,NA,NA,NA,NA,NA,NA,NA,NA,NA,NA,NA,NA,NA,NA,NA,NA,NA,NA,NA,NA,NA,NA,NA,NA,NA,NA,"-1.04423193296399",NA,NA,NA,NA,NA,NA
"UNC13D",NA,NA,NA,NA,NA,NA,NA,NA,NA,NA,NA,NA,NA,NA,NA,NA,NA,NA,NA,NA,NA,NA,NA,NA,NA,NA,NA,"-1.08392032280165",NA,NA,NA,NA,NA,NA
"UNG",NA,NA,NA,NA,NA,NA,"-1.47963027103502",NA,NA,NA,NA,NA,NA,NA,NA,NA,NA,NA,NA,NA,NA,NA,NA,NA,NA,NA,NA,NA,NA,NA,NA,NA,NA,NA
"VAMP2",NA,NA,NA,NA,NA,NA,NA,NA,NA,NA,NA,NA,NA,NA,NA,NA,NA,NA,NA,NA,NA,NA,NA,NA,NA,"1.01011295965063",NA,NA,NA,NA,NA,NA,NA,NA
"VAV2",NA,NA,NA,NA,NA,NA,NA,NA,NA,NA,NA,NA,NA,NA,NA,NA,NA,NA,NA,NA,NA,NA,NA,NA,NA,NA,NA,"-1.14573583667238",NA,NA,NA,NA,NA,NA
"VCAM1",NA,NA,NA,NA,NA,NA,NA,NA,NA,NA,NA,NA,NA,NA,NA,NA,NA,NA,NA,NA,NA,"-1.88361548306649",NA,NA,"-2.61643938885618",NA,NA,NA,NA,NA,NA,NA,NA,NA
"VEGFA",NA,NA,NA,NA,NA,NA,NA,"1.170969348914",NA,NA,NA,NA,NA,NA,NA,NA,NA,NA,NA,NA,NA,NA,NA,NA,NA,NA,NA,"1.173604178138",NA,NA,NA,NA,NA,NA
"VIM",NA,NA,NA,NA,NA,NA,"1.41110407093405","1.17094054727433","1.89179736682683",NA,NA,NA,NA,NA,NA,NA,NA,NA,NA,NA,NA,NA,NA,NA,"1.10613342202671","1.37018136269312","1.31368857948388","1.13509544934634",NA,NA,NA,NA,NA,NA
"VNN1",NA,NA,NA,NA,NA,NA,"2.81841292062877","2.98492516433482","2.24448802562039",NA,"2.21130606916123",NA,NA,NA,NA,NA,NA,NA,NA,NA,NA,NA,NA,NA,"2.36270018997061","3.83820287366466","1.93818668173435","3.09424652124191",NA,"1.68644164042372",NA,NA,NA,NA
"WFDC11",NA,NA,NA,NA,NA,NA,NA,NA,NA,NA,NA,NA,NA,NA,NA,NA,NA,NA,NA,NA,NA,NA,NA,NA,NA,NA,NA,NA,NA,NA,NA,"1.29280373232308",NA,NA
"WFDC3",NA,NA,NA,NA,NA,NA,NA,NA,NA,NA,NA,NA,NA,NA,NA,NA,NA,NA,NA,NA,NA,NA,"-1.8488153715815",NA,NA,NA,NA,"1.62623944611519",NA,NA,NA,NA,NA,NA
"WNT3A",NA,NA,NA,NA,NA,NA,NA,NA,NA,NA,NA,NA,NA,NA,NA,NA,NA,NA,NA,NA,NA,NA,NA,NA,NA,NA,NA,NA,NA,NA,NA,"4.81116327375351",NA,NA
"WNT4","1.78666326372392",NA,NA,NA,NA,NA,NA,NA,NA,NA,NA,NA,NA,NA,NA,NA,NA,NA,NA,NA,NA,NA,NA,NA,NA,NA,NA,NA,NA,"1.09018155858913",NA,NA,"1.95498552081157",NA
"WNT5A",NA,NA,NA,NA,NA,NA,NA,NA,NA,NA,NA,NA,NA,NA,NA,NA,NA,NA,NA,NA,NA,NA,NA,NA,NA,NA,NA,NA,NA,NA,NA,"2.79689830901608",NA,NA
"XCL1",NA,NA,NA,NA,NA,NA,NA,NA,NA,NA,NA,NA,NA,NA,"-1.04536062175014",NA,NA,NA,NA,NA,"-3.97463003022411",NA,NA,NA,NA,NA,NA,NA,NA,NA,NA,NA,NA,NA
"ZAP70",NA,NA,NA,NA,NA,NA,"-3.02629753454381","-1.66499612885395","-1.56377930469739",NA,NA,NA,NA,NA,NA,NA,NA,NA,NA,NA,NA,NA,NA,NA,"-1.62672777078999","-1.100948410576","-1.33840032041346","-2.47738626846789",NA,NA,NA,NA,NA,NA
"ZBTB46",NA,NA,NA,NA,NA,NA,"-1.76105122579182","-1.49789536201043",NA,NA,NA,NA,NA,NA,NA,NA,NA,NA,NA,NA,NA,NA,NA,NA,"-1.49405310816819","-1.24082348370236","-1.08248748483379","-1.56755189196662",NA,"-1.38784616588741",NA,NA,NA,NA
"ZC3H8",NA,NA,NA,NA,NA,NA,"-1.21605889153834",NA,NA,NA,NA,NA,NA,NA,NA,NA,NA,NA,NA,NA,NA,NA,NA,NA,NA,NA,NA,NA,NA,NA,NA,NA,NA,NA
"ZC3HAV1",NA,NA,NA,NA,NA,NA,"1.20117921086772","1.41866326851849",NA,NA,NA,NA,NA,NA,NA,NA,NA,NA,NA,NA,NA,NA,NA,NA,NA,"1.44893690960802",NA,NA,NA,"1.37336107823565",NA,NA,NA,NA
"ZFP36L2",NA,NA,NA,NA,NA,NA,NA,NA,NA,NA,NA,NA,NA,NA,NA,NA,NA,NA,NA,NA,NA,NA,NA,NA,NA,"1.4170619287463",NA,"1.18103131077507",NA,NA,NA,NA,NA,NA
"ZFPM1",NA,NA,NA,NA,NA,NA,NA,"-1.9051099775934",NA,NA,NA,NA,NA,NA,NA,NA,NA,NA,NA,NA,NA,"1.05217584931119",NA,NA,"-2.9420048339749","-2.23503060928337","-2.0644242551878","-3.09870831741386",NA,NA,NA,NA,NA,NA
"ZNF683",NA,NA,NA,NA,NA,NA,"-4.23754190595651","-3.66295620905712",NA,NA,NA,NA,NA,NA,NA,NA,NA,NA,NA,NA,NA,NA,NA,NA,"-2.55582768504734",NA,NA,"-2.854517293576",NA,NA,NA,NA,NA,NA
"ZP3",NA,NA,NA,NA,NA,NA,NA,NA,NA,NA,NA,NA,NA,NA,NA,NA,NA,NA,NA,NA,NA,NA,NA,NA,NA,"-2.01046645624924",NA,"-1.95859574459088",NA,"-1.44555261950797",NA,NA,NA,NA
